sample_id,molecule_id,cx,cy,cz,R11,R12,R13,R21,R22,R23,R31,R32,R33,Fx,Fy,Fz,Mx,My,Mz
0,0,0.0,0.0,0.0,1.0,0.0,0.0,0.0,1.0,0.0,0.0,0.0,1.0,0.017887071864117858,0.04504539207820648,-0.2249845300916649,0.15179597723403354,0.25789173160811657,-0.000631504492857201
0,1,2.4053875885448384,-0.7951515178072733,-5.988362332120603,-0.6143135515028049,-0.768673559711762,0.17821284757294703,-0.6937026470813341,0.6337482429174665,0.3422569240079355,-0.37602592712785127,0.08662634240848485,-0.9225510169787725,-0.01788707186411794,-0.04504539207820654,0.2249845300916649,0.2968489425082456,0.17616899730594862,0.12320606386079216
1,0,0.0,0.0,0.0,1.0,0.0,0.0,0.0,1.0,0.0,0.0,0.0,1.0,0.2546407432550776,0.1514664493699241,-0.29837885934596214,0.002496362540972283,0.15313774123112434,0.008247632418652458
1,1,4.0899889102749745,1.5569735499233393,-5.415086837473643,-0.22723431845904019,0.7278404325590109,-0.6470029901374239,0.5180898871129351,-0.4722072854375601,-0.7131641805720453,-0.8245892513159274,-0.497261082643718,-0.26978506686293025,-0.25464074325507763,-0.15146644936992398,0.29837885934596264,0.35313962190301135,-0.3116732525307182,0.21477956380208682
2,0,0.0,0.0,0.0,1.0,0.0,0.0,0.0,1.0,0.0,0.0,0.0,1.0,-0.05708454819701736,0.09593974381454717,-0.21832811398982763,-0.03092227332605471,0.008900111488042917,-0.00032840878453023123
2,1,-0.909173876508413,2.51872864699289,-6.902096779947191,0.3688634731301744,-0.5656292596296352,0.7375657793316985,0.24475010609997364,-0.706411182040664,-0.6641390121442675,0.8966811717407681,0.4254959254079206,-0.12213146075790848,0.05708454819701728,-0.09593974381454726,0.218328113989828,0.14319839502729126,0.1866047470604281,0.056882986833908175
3,0,0.0,0.0,0.0,1.0,0.0,0.0,0.0,1.0,0.0,0.0,0.0,1.0,-0.02119049428833139,0.049548425139503735,0.010793690312724796,-0.03713247644066618,-0.007295298167803308,-0.0002517959596448002
3,1,-3.7853215054433944,7.831822564682873,3.44566243893803,-0.5168163167613904,0.8287455789007442,0.21466639276249247,0.8119196728016004,0.39497921377373446,0.4298579598011706,0.271454120703541,0.39644947488822946,-0.8770065417167165,0.02119049428833134,-0.049548425139503825,-0.010793690312724834,-0.04906040362365767,-0.0248624040001774,-0.02134473195763454
4,0,0.0,0.0,0.0,1.0,0.0,0.0,0.0,1.0,0.0,0.0,0.0,1.0,0.007111297865686747,-0.00018381161620196563,-0.03748453665732336,0.006905168020254503,0.018522310181804093,-4.229247938044461e-06
4,1,3.0397437149145476,-0.5225274704399852,-9.232876629217873,0.28971259403161365,0.596745800512561,-0.7483054606443122,0.9507019784420385,-0.08907573740286256,0.297037474390909,0.11060000472815129,-0.7974709791439178,-0.5931337761225319,-0.007111297865686669,0.0001838116162019847,0.03748453665732342,0.010984422124501571,0.029763338661273245,0.003161337528162416
5,0,0.0,0.0,0.0,1.0,0.0,0.0,0.0,1.0,0.0,0.0,0.0,1.0,-0.007421367333541089,-0.0020795245030745565,-0.012432970141206687,-0.02923060490230752,-0.00990335059164284,3.6857293217262485e-05
5,1,-3.4938870743653783,2.0974812774355374,-8.195540948130118,0.6090209769235788,0.1282645001346567,-0.7827142950478522,0.33844888127472395,-0.9345092140710174,0.11020382743016242,-0.7173184818690631,-0.33202522015891484,-0.6125466910754529,0.007421367333541032,0.0020795245030745275,0.01243297014120686,-0.013890145409376404,0.02728607679246059,0.022794945523975284
6,0,0.0,0.0,0.0,1.0,0.0,0.0,0.0,1.0,0.0,0.0,0.0,1.0,-0.16538281352220718,-0.12592803798697255,0.20765736658743392,-0.36488775191595885,0.19468346471536374,-0.02150584257957936
6,1,-3.8920579351466764,-4.464629887983878,3.8569791729752287,0.3643116254602379,0.10804151090554037,0.9249886872150206,-0.10053431100635649,-0.9828802979687898,0.1543993917580611,0.9258347000760969,-0.14924259373928755,-0.34721284012687836,0.16538281352220696,0.12592803798697264,-0.20765736658743372,-0.07652371360093563,-0.02434703062027802,-0.2267479901258815
7,0,0.0,0.0,0.0,1.0,0.0,0.0,0.0,1.0,0.0,0.0,0.0,1.0,0.05976029816117802,-0.01300125808302107,0.1234617927109497,0.012195431979090447,0.07673853212295959,9.457622881667294e-05
7,1,0.3210237962072329,-0.1486890571659693,7.187469521076941,-0.5034432329115579,-0.4852773559388128,-0.7148781707735898,-0.7907937094812296,0.5921474187359876,0.15494109696663333,0.34812385767205883,0.6433252072609481,-0.6818668912787764,-0.059760298161178046,0.01300125808302106,-0.1234617927109496,0.06289329667406723,0.31315261609835754,0.004617412935444532
8,0,0.0,0.0,0.0,1.0,0.0,0.0,0.0,1.0,0.0,0.0,0.0,1.0,0.13421240415590288,-0.18576715906179248,-0.31421719436372414,0.09796509324926883,0.11736198484677625,-0.00111446230766992
8,1,2.8730290177853868,-3.4024558985337876,-5.676388196426776,0.12541942379300142,0.5733926803195298,0.8096238646997858,-0.5187968228008702,-0.6576929350387584,0.5461591891123192,0.8456475771780783,-0.48852925946773046,0.21498683182175826,-0.13421240415590283,0.18576715906179248,0.3142171943637242,-0.083341455847773,0.02355142568268752,-0.0759481900517616
9,0,0.0,0.0,0.0,1.0,0.0,0.0,0.0,1.0,0.0,0.0,0.0,1.0,0.4283203105311433,-0.008269652391017502,-0.5185117877390457,0.10892674492928758,0.3483086038642744,0.019714707582852674
9,1,4.4730860342229635,-0.7886002558102626,-4.893132259772624,-0.6111919634522343,0.4806841605680907,-0.6287981564781757,0.6732572693481844,-0.10195477060341318,-0.7323454608455162,-0.41613583489196015,-0.8709465899411715,-0.2613101689345745,-0.4283203105311434,0.008269652391017556,0.5185117877390459,0.2595072806307665,-0.12478869652453335,0.2810679322525991
10,0,0.0,0.0,0.0,1.0,0.0,0.0,0.0,1.0,0.0,0.0,0.0,1.0,-0.01813589750780409,0.033276574317552696,0.20280504242833397,0.3662490286160081,0.16736041220681003,-0.0011979362965065382
10,1,-1.6840390947019441,3.618809577606219,5.361027947860243,-0.6187815895325743,-0.7612145824764028,0.19406623580833568,-0.7687023196050494,0.5358247070451305,-0.3492687033700794,0.16188294625857688,-0.36530020906820704,-0.916705879203012,0.018135897507804043,-0.03327657431755255,-0.2028050424283342,0.1892671563850356,0.076944154446325,0.010789243807719211
11,0,0.0,0.0,0.0,1.0,0.0,0.0,0.0,1.0,0.0,0.0,0.0,1.0,0.029079719977460443,0.002578084142815326,-0.0016991346624561261,0.003964137721008867,0.02475645014416385,-0.0010873334045162879
11,1,9.819092150711354,1.1155229951560623,1.0695300867052875,-0.9902231952044858,0.1363765894588449,-0.029316369601165085,-0.13930673738929927,-0.9559928807719877,0.25820775517250494,0.007187252393456495,0.2597672761547326,0.9656445027245708,-0.029079719977460478,-0.002578084142815301,0.001699134662456133,-0.00861690006564419,0.02302914511181953,-0.006037317152448415
12,0,0.0,0.0,0.0,1.0,0.0,0.0,0.0,1.0,0.0,0.0,0.0,1.0,-0.033025183059358365,0.03839621302894203,0.03399996610872115,0.03841692576764359,0.06279043140771252,0.00664582027746069
12,1,-5.5978551917312975,6.086387484774371,3.5357282401210353,0.5000370640163494,0.8633651834870436,0.06755364203574121,0.37880126073038534,-0.14790827367808412,-0.913582370367686,-0.7787634682488516,0.48241445098582275,-0.40100343888932843,0.03302518305935831,-0.038396213028942014,-0.03399996610872115,0.032761467719095966,0.010768383014540698,-0.020578199869483907
13,0,0.0,0.0,0.0,1.0,0.0,0.0,0.0,1.0,0.0,0.0,0.0,1.0,0.05155049482023463,-0.16609231017407408,0.11418690091135567,-0.04810493784067538,-0.04512942563829548,0.009225766155326186
13,1,2.3913577658936043,-6.377643601096663,4.087410768635148,-0.5682951503806357,-0.22301192695622618,0.7920267056666219,0.8218751264022789,-0.10761551758232724,0.5594105620889958,-0.039520863541793405,0.968857358340617,0.2444453324041026,-0.05155049482023466,0.1660923101740743,-0.11418690091135547,-0.0012509228926900692,-0.017224258962700224,-0.07764121852167108
14,0,0.0,0.0,0.0,1.0,0.0,0.0,0.0,1.0,0.0,0.0,0.0,1.0,-0.07218276197459038,0.182451155567478,-0.17000095006603955,-0.07712784061113934,-0.009784238145194864,-0.001508347412012813
14,1,-1.7671542512245615,5.650766396301837,-4.937834034740278,-0.5157098782382605,0.2351624371195147,0.8238579669187459,0.14824746411216336,0.9715818082338579,-0.18453042917995877,-0.8438400386754542,0.026970689220656194,-0.5359165709801961,0.07218276197459034,-0.1824511555674779,0.17000095006603966,0.01740571027736215,0.0657928353234673,0.08697693796837934
15,0,0.0,0.0,0.0,1.0,0.0,0.0,0.0,1.0,0.0,0.0,0.0,1.0,-0.022955737113154767,-0.023131616366832464,0.01820186072098865,-0.056460159536177,0.04003278572474972,-0.0025387340796334257
15,1,-6.4214590561451645,-6.682779312888502,2.385581103289016,-0.5671873473513629,-0.2609882996472049,0.7811425096944768,0.7761388614577371,-0.48666709318246015,0.40095337403297004,0.27551221522758795,0.8336907387398496,0.47859457936732996,0.02295573711315468,0.023131616366832437,-0.01820186072098867,-0.009996511852876998,0.02208694497152327,-0.002330663610191727
16,0,0.0,0.0,0.0,1.0,0.0,0.0,0.0,1.0,0.0,0.0,0.0,1.0,-0.3382751197947446,0.11496519142830067,-0.0516848460224046,0.028551566638700232,0.0703800882374674,-0.018133228174257804
16,1,-6.980128093795422,2.38220918794844,-1.2988169723482808,-0.8447611040355707,0.3457957573047457,0.4084164190365531,-0.1264573378054647,-0.870566139034215,0.4755240680367446,0.5199877102622316,0.3500569836428025,0.7791488236397102,0.33827511979474467,-0.11496519142830063,0.05168484602240464,-0.0023569398546275143,0.0082105329306177,0.02150356410640902
17,0,0.0,0.0,0.0,1.0,0.0,0.0,0.0,1.0,0.0,0.0,0.0,1.0,-0.00421838324182295,0.009146102020462763,-0.03725612356519463,-0.08681189212472357,-0.0758439951721318,0.0008777811980591188
17,1,-3.6647571920169426,4.91968176903837,-6.231860908465514,0.5622261157391837,-0.7786124427537656,0.27868343827691683,0.7281669369847977,0.30634795122812863,-0.6131262876932498,0.3920136562200452,0.5476436768258556,0.7391966562219083,0.004218383241822983,-0.009146102020462867,0.03725612356519477,-0.039479144117845553,-0.03440227398844538,-0.013642921226857873
18,0,0.0,0.0,0.0,1.0,0.0,0.0,0.0,1.0,0.0,0.0,0.0,1.0,0.02869351148209323,0.00011813627745035221,0.6638713175682711,0.2128303176414111,-0.3338523853578544,0.0001170465066216847
18,1,1.7966672392141065,1.0346097928715303,5.816945284509272,0.6384207670881652,0.5607667879196575,-0.5272186773216865,-0.7696381950873078,0.4728576345424107,-0.4290252977595924,0.008716238483989891,0.6796662909260881,0.7334696722874534,-0.0286935114820934,-0.00011813627745031752,-0.6638713175682709,0.47333025645920307,-0.6919948756591868,-0.02959138289840947
19,0,0.0,0.0,0.0,1.0,0.0,0.0,0.0,1.0,0.0,0.0,0.0,1.0,0.003818878023095143,-0.008771293903744069,0.009973471361525429,0.003407411997517658,0.007997996363169758,2.8296758314741866e-05
19,1,0.5438286059144558,-3.0112310018755863,8.754157945359687,-0.9542940796353832,-0.15145088716775007,0.2576537179024555,-0.1034897391984811,-0.6413098052598618,-0.7602707462201793,0.2803795346552367,-0.7521863881071363,0.5963245375572377,-0.003818878023095143,0.008771293903744051,-0.009973471361525515,0.04334545406088487,0.020009205998401718,0.006701146601471537
20,0,0.0,0.0,0.0,1.0,0.0,0.0,0.0,1.0,0.0,0.0,0.0,1.0,-0.012551451397191944,0.05060737640122201,-0.06357334728737407,-0.004814657914138425,-0.018425340955296604,0.0007681317241732682
20,1,-1.7581302492412156,5.496507192930554,-6.739101710432717,0.38623605079695167,-0.21147341640253758,0.8978311128602158,-0.6228034584155933,-0.7777771513114189,0.08472635412591956,0.6803951537528402,-0.5918966945784824,-0.43211195042108685,0.012551451397191977,-0.050607376401222,0.06357334728737413,-0.0035684458635986214,-0.008759376376923428,-0.02075334812351389
21,0,0.0,0.0,0.0,1.0,0.0,0.0,0.0,1.0,0.0,0.0,0.0,1.0,0.01953331873648685,0.2083920393045606,0.4315028630058286,0.08645337737127698,-0.033430202184242176,0.0008098227482241649
21,1,0.22673361510284712,1.1043774690139145,5.7153891988606444,0.9114952743021786,-0.4046632583448632,-0.07364789386339995,-0.31759322417279173,-0.5786562194290683,-0.7511933996485781,0.2613635569170404,0.7080993059322794,-0.6559607183771727,-0.01953331873648674,-0.20839203930456057,-0.4315028630058285,-0.8009529482224708,0.0472345170521212,0.024867500574310298
22,0,0.0,0.0,0.0,1.0,0.0,0.0,0.0,1.0,0.0,0.0,0.0,1.0,-0.3222550316550514,-0.07796762174127009,-0.8653040548051464,-0.292174980600342,-0.5520006287403829,-0.017804432296237002
22,1,-2.833127018517186,0.9076384603237156,-5.078995463847465,-0.027319205195358354,0.9946300457817242,-0.09982350953427216,0.6314282801285142,-0.06024599514436768,-0.7730903874211676,-0.7749528941048225,-0.08415160187013576,-0.6263916664685518,0.32225503165505154,0.0779676217412701,0.8653040548051465,-0.8892054565657552,-0.2627838241825247,0.531187668783919
23,0,0.0,0.0,0.0,1.0,0.0,0.0,0.0,1.0,0.0,0.0,0.0,1.0,0.028107679631049133,-0.08173528019732143,-0.13256526034688565,-0.014879625666660897,0.045881441052473985,-0.0005376077186124949
23,1,2.1409394653232057,-2.920680471747936,-6.987957081540252,0.17727504054536558,0.916849191062781,-0.35771653700543865,-0.02411429445875396,-0.35931776785247127,-0.932903661965304,-0.9838658754131051,0.1740066164059343,-0.04158890049715902,-0.028107679631049137,0.0817352801973214,0.13256526034688587,-0.16910223727255724,0.041517497631564294,-0.09235912836053049
24,0,0.0,0.0,0.0,1.0,0.0,0.0,0.0,1.0,0.0,0.0,0.0,1.0,0.008384116386346058,0.040383348816641434,-0.010600425312505025,-0.0321672385456423,0.0214073142207259,0.002000111704806469
24,1,2.0454578102547867,9.15987445165709,-1.2868524522469131,0.931114683959389,-0.28052891760660764,0.23308576040091392,-0.1403488875545359,-0.865444659266821,-0.4809446241603505,0.3366417013345366,0.41510127454996054,-0.8452001519105325,-0.008384116386346053,-0.04038334881664138,0.010600425312504972,-0.012963914996433883,-0.010513712204932916,0.0038048710494249342
25,0,0.0,0.0,0.0,1.0,0.0,0.0,0.0,1.0,0.0,0.0,0.0,1.0,0.032919087233445644,0.03769667713486544,0.01723001804188589,-0.00012292840081841103,-0.01576841902627952,-0.006160787296783481
25,1,5.790919996505465,6.884566635216299,2.69524345467293,0.6585488754720353,0.6996168126862893,0.2772177736386958,0.48265727961299654,-0.11004252105197265,-0.8688685711873274,-0.5773693177257511,0.7059935969732329,-0.41014352607556415,-0.03291908723344553,-0.037696677134865415,-0.017230018041885904,0.017142413425495478,0.004715717407124221,-0.002174420910267861
26,0,0.0,0.0,0.0,1.0,0.0,0.0,0.0,1.0,0.0,0.0,0.0,1.0,0.1081512145657531,-0.10757516614715718,-0.2567730065083219,0.0944663129981054,0.1351437660344254,0.003918799211980759
26,1,3.3803572052509976,-3.0111447599267764,-5.8152643608979195,0.4330165535627395,0.6489895196139007,-0.6255471746974529,0.8681772836039793,-0.48691863903751664,0.09580419193265372,-0.2424146624580765,-0.5845706479025194,-0.7742817891673328,-0.10815121456575309,0.10757516614715708,0.2567730065083222,0.053136350226836965,0.10391281297789436,-0.0419023241842125
27,0,0.0,0.0,0.0,1.0,0.0,0.0,0.0,1.0,0.0,0.0,0.0,1.0,0.16538933002129647,0.06392495576696434,0.0936955777015073,-0.17120000476380903,0.39592115962657304,0.0038986397789373406
27,1,2.7616281362438255,1.1174359634849407,4.053248146651985,0.31313271517929286,0.8337438231272465,-0.4547737240448335,-0.9497089570295267,0.27534797260406174,-0.14911871418678924,0.000894216043431012,0.47859662700440686,0.878034434972611,-0.16538933002129624,-0.06392495576696416,-0.09369557770150691,0.016795104419713075,0.015690492136156607,-0.01217366866722347
28,0,0.0,0.0,0.0,1.0,0.0,0.0,0.0,1.0,0.0,0.0,0.0,1.0,-0.08705874206560353,0.027975428033533506,0.05089949706813554,0.0006659909664090517,-0.013852283772234426,-0.0006559897253331781
28,1,-6.080474006878734,2.0780412647372635,5.386047348348214,-0.40127945528961373,0.4135667466894817,0.8172743387597269,-0.8467171159964699,-0.5078005409695048,-0.1587725923127118,0.34934928687645994,-0.7557123504507229,0.5539439675049748,0.0870587420656035,-0.02797542803353345,-0.05089949706813569,-0.04557171568336865,-0.14555715419474186,0.011463785204568387
29,0,0.0,0.0,0.0,1.0,0.0,0.0,0.0,1.0,0.0,0.0,0.0,1.0,-0.006839417359289182,-0.0063727861982106285,-0.029958021863192862,-0.03311952906593376,-0.04728702103704846,-8.154782947890696e-05
29,1,-4.9451437210558105,0.5568448857334466,-7.954626028623387,0.12266324502379877,0.980885395467572,0.15105485519723127,-0.8477083953206632,0.024405065537058013,0.5299008107929242,0.5160854627124252,-0.1930498218972422,0.8344983891190834,0.00683941735928921,0.00637278619821062,0.029958021863192852,-0.03425557316241437,-0.046454695328151226,0.03540438606110806
30,0,0.0,0.0,0.0,1.0,0.0,0.0,0.0,1.0,0.0,0.0,0.0,1.0,0.23344442736241697,0.24837290967462874,-0.05651328270740918,-0.20320556892479197,0.1724208148278264,-0.06010259104769341
30,1,4.89889885201306,5.433063525321627,-0.6462971268271999,-0.8373382997669081,0.21344064753316166,-0.5032967928807891,0.5213453885961914,0.588806115921195,-0.6176619978947081,0.16451005298445873,-0.7795835092114384,-0.6043062093282094,-0.2334444273624169,-0.24837290967462877,0.0565132827074092,0.05668801185540207,-0.04644242172716096,0.00853794963153362
31,0,0.0,0.0,0.0,1.0,0.0,0.0,0.0,1.0,0.0,0.0,0.0,1.0,0.0543122338623003,-0.022252318961589496,0.007402714853915714,-0.003143489253866796,-0.04088334991350422,-0.006767721146346202
31,1,8.613439914416622,-3.4834407384859274,0.3179926870671703,-0.11712662281030362,0.9665009903962655,-0.2283794863644517,-0.4547700140214407,0.15223735460989007,0.8775010098047302,0.8828734839012844,0.20663887200723036,0.421704621743215,-0.05431223386230019,0.022252318961589496,-0.007402714853915717,-0.01556735454358649,-0.005608596497764804,0.004292156848372763
32,0,0.0,0.0,0.0,1.0,0.0,0.0,0.0,1.0,0.0,0.0,0.0,1.0,0.09960275252883508,-0.1939475378739621,0.0606066983984511,-0.11419950004098728,-0.07942361170188195,-0.0019240153879337193
32,1,3.65863516605485,-6.533166551955852,1.2853537835200115,0.9914517666290847,-0.07414204029208815,0.10736085091593386,0.1192426553230134,0.1809080734166194,-0.9762445688065077,0.052958319455813814,0.9807013953462153,0.18820252274186589,-0.09960275252883494,0.19394753787396227,-0.060606698398451106,-0.0324629531495621,-0.014289411545226064,-0.056937895743378
33,0,0.0,0.0,0.0,1.0,0.0,0.0,0.0,1.0,0.0,0.0,0.0,1.0,0.025058109354744063,-0.11608188551045835,0.34725006760760085,-0.10673640381386251,0.010020836582518206,0.0010522087191845997
33,1,0.1997868542799916,-2.449759418244773,6.675066305255849,-0.09841342049601987,0.32876837573234685,0.939268946460271,-0.21510367464686583,-0.9285654593035941,0.3024840441109585,0.9716198885467962,-0.17227171243886624,0.16210258873223393,-0.025058109354744028,0.1160818855104582,-0.34725006760760135,0.0309115628274354,0.08786770618891314,0.03714249593098235
34,0,0.0,0.0,0.0,1.0,0.0,0.0,0.0,1.0,0.0,0.0,0.0,1.0,-0.03386055689294095,0.012074808428149694,0.027543570224101678,-0.023114105409354192,-0.008286029743126847,6.296318048710364e-05
34,1,-6.71170386682222,0.9423503970990905,6.534073193826713,0.783445085207218,0.38894025241609753,0.4847053522658452,0.270866662280152,0.48825649652343217,-0.8296004127698307,-0.5593255310906743,0.781236887027978,0.2771712045234299,0.033860556892940985,-0.012074808428149671,-0.02754357022410185,-0.02982788232340234,-0.02809704059989017,-0.04919699236477729
35,0,0.0,0.0,0.0,1.0,0.0,0.0,0.0,1.0,0.0,0.0,0.0,1.0,-0.0056584979263590435,-0.08142768713690951,-0.010354268522769236,0.012989115189492736,-0.019424893002414092,0.0018090766029775947
35,1,-0.7468633603551014,-8.949836017001415,-0.8994555367883609,0.37346833602051954,-0.11386026771397462,0.9206287207263123,0.8536298326377801,0.4306391067764026,-0.29302912576332346,-0.36309435525887734,0.8953132407995115,0.258024591905919,0.005658497926359025,0.08142768713690951,0.010354268522769178,0.006439306122127869,0.01678123650924874,0.008363650894582596
36,0,0.0,0.0,0.0,1.0,0.0,0.0,0.0,1.0,0.0,0.0,0.0,1.0,0.0059219417944512374,0.010151704761465477,-0.021903463881090768,-0.02055088878376217,0.05914547652977368,-0.0003100460176872731
36,1,5.4055079156240895,4.534909104668009,-6.430578280346455,-0.9492501655862737,-0.1815548895869869,-0.25683057684296245,0.31279175592353264,-0.4593955325411161,-0.8313345067465547,0.03294602496060817,-0.8694789052923144,0.4928701580446655,-0.005921941794451265,-0.010151704761465551,0.02190346388109095,-0.013497996846793491,0.021172360578174745,0.028329698701897228
37,0,0.0,0.0,0.0,1.0,0.0,0.0,0.0,1.0,0.0,0.0,0.0,1.0,0.08903993980662539,0.021019448704773847,0.06338007377498725,-0.03998114983243746,-0.016342666001556053,0.0011100780755601766
37,1,6.560008748038256,0.3843381071267188,5.223809410252241,0.13336562440627686,-0.8049275039870409,-0.5781914246613452,0.3234975548854028,0.5868045548572839,-0.7423003074106266,0.9367832952235483,-0.08804616813886323,0.33865163526280717,-0.08903993980662533,-0.021019448704773833,-0.06338007377498742,-0.04546106652564419,0.06569650303647244,0.10255624738274213
38,0,0.0,0.0,0.0,1.0,0.0,0.0,0.0,1.0,0.0,0.0,0.0,1.0,-0.008856815474089673,-0.004870541278551645,0.01371658523343608,0.011213946397283153,-0.03411939123123414,-4.033176472489908e-06
38,1,0.687777084686294,-0.2017517299082761,8.550678252990993,0.4792471050816236,-0.8561382115436686,0.19326038136589552,-0.8733937533944967,-0.4434663072047227,0.20129825112424404,-0.0866346570510685,-0.26526401397289895,-0.9602757099336778,0.00885681547408968,0.004870541278551627,-0.013716585233436114,0.02766514019424307,-0.05104634123752231,-0.005132691348309958
39,0,0.0,0.0,0.0,1.0,0.0,0.0,0.0,1.0,0.0,0.0,0.0,1.0,-0.0035663727749399945,-0.01951992716013621,0.018211633924314397,-0.0507941918833486,0.024698189674701096,0.0015592674520841423
39,1,-2.1269428391135214,-8.72624875612528,4.297913613677011,0.797668825574025,-0.5807690872185525,-0.1625783258576774,-0.05237213794174539,-0.3352589744057697,0.9406692188265767,-0.6008174463801517,-0.7418279365268746,-0.29784175112551403,0.00356637277493999,0.019519927160136362,-0.018211633924314363,-0.024230095316175287,-0.0012910474116854115,0.00883744584998619
40,0,0.0,0.0,0.0,1.0,0.0,0.0,0.0,1.0,0.0,0.0,0.0,1.0,-0.06305342885998674,-0.027555350383230794,0.2675711586595899,-0.004548830289024745,0.1811010097555461,0.0007831774184196977
40,1,-3.212192697921464,-0.6824023304542273,6.483648659866398,0.409412409248167,-0.640501304856187,-0.6497226774795022,-0.6830535897379748,-0.6872910264083243,0.24712110101053375,-0.6048299535403963,0.3426209618457602,-0.7188821904903531,0.06305342885998669,0.027555350383230762,-0.2675711586595898,0.0006168586417663463,0.2695728327371392,0.04470211107407661
41,0,0.0,0.0,0.0,1.0,0.0,0.0,0.0,1.0,0.0,0.0,0.0,1.0,0.023732665024853557,0.04734132930802705,-0.03227978963783858,-0.0009962947545314727,-0.016626222424101764,0.001225871519600949
41,1,3.1860315927321015,7.107138646645014,-4.955411477250806,-0.35614246604867095,-0.0504127004647672,0.9330707923349765,-0.8172593759485338,0.5009331886751408,-0.28487374906784374,-0.45304487228196744,-0.8640164929650391,-0.21960383326210486,-0.02373266502485355,-0.04734132930802723,0.0322797896378387,0.006175120915185316,0.0018655313670941447,-0.019066241488309304
42,0,0.0,0.0,0.0,1.0,0.0,0.0,0.0,1.0,0.0,0.0,0.0,1.0,-0.03312105928073708,-0.014095491552725844,-0.015792892911342636,-0.004371605094022818,-0.04538843087603306,0.0020441927693661197
42,1,-8.507124198380474,-3.144749164714697,-2.739609365229549,-0.3374810640677448,-0.8268137651067733,0.44998392107459184,-0.4972582428428058,0.5624751665851009,0.6605724236599256,-0.7992751536990176,-0.0008275294705064606,-0.6009646777260604,0.03312105928073713,0.014095491552725875,0.01579289291134268,0.015420151220034463,0.001775093619349119,0.01371048099933192
43,0,0.0,0.0,0.0,1.0,0.0,0.0,0.0,1.0,0.0,0.0,0.0,1.0,-0.13755774886431868,-0.010352432284752569,-0.16629208275798318,-0.02720381622300241,-0.013018426886231046,0.0025245560836856806
43,1,-3.6344794009200734,0.14433928824629838,-6.522950714796043,-0.07411554427670075,-0.32199355714521294,0.9438363392312997,-0.1908238471236071,0.9335300266586574,0.30349291374862897,-0.9788223257902912,-0.1576129388205771,-0.130633135347914,0.13755774886431865,0.010352432284752609,0.16629208275798357,-0.06432707021498384,0.305915693846486,0.05495613336850647
44,0,0.0,0.0,0.0,1.0,0.0,0.0,0.0,1.0,0.0,0.0,0.0,1.0,0.08271270101883485,-0.37125979538769455,0.40485864460509335,-0.7330284119939265,-0.1717622281277682,-0.05126790145749278
44,1,1.1321301053542698,-5.42425312109098,3.071468838506953,-0.9606211825939668,-0.13549063119059068,0.24258860734037793,-0.05575862786584184,-0.761299511317238,-0.6459984748330703,0.2722093293226507,-0.6340862267292278,0.7237656651859101,-0.08271270101883496,0.37125979538769466,-0.404858644605093,-0.32271446208214216,-0.03254094811448937,0.07960813684669812
45,0,0.0,0.0,0.0,1.0,0.0,0.0,0.0,1.0,0.0,0.0,0.0,1.0,-0.11767022688785399,-0.05029030177579294,0.061634340774684396,-0.042552082985148856,0.15091269659588227,0.018546562886507786
45,1,-7.124620001966116,-2.7281178821207637,2.129474885544182,-0.4184169035886973,-0.40621753236156055,-0.8123512855860638,0.8253269358547123,0.20332965393075186,-0.5267755696547365,0.37916057778191814,-0.8908672001114897,0.2501857070689627,0.11767022688785382,0.050290301775792995,-0.061634340774684326,-0.018501729617003214,0.037632767561458925,0.018734476884256692
46,0,0.0,0.0,0.0,1.0,0.0,0.0,0.0,1.0,0.0,0.0,0.0,1.0,-0.11925165334768269,-0.2364336786865499,0.413030716771303,-0.09527734545664947,0.3148567583855455,0.0046134032004959274
46,1,-2.905804529424741,-2.2086054871986547,5.486946111434911,-0.9595779413375176,0.25425010708892576,0.1206940659010261,-0.18497085697314056,-0.2465078448962552,-0.9513252148845976,-0.21212250368377567,-0.9351955760427193,0.2835723505228481,0.11925165334768269,0.23643367868655008,-0.4130307167713031,0.4803542918953727,0.23100237358180378,0.4190367952942315
47,0,0.0,0.0,0.0,1.0,0.0,0.0,0.0,1.0,0.0,0.0,0.0,1.0,-0.2861827098767401,-0.36949092480178286,-0.18340576330526415,0.3957353831997165,-0.3239421396995445,-0.0168352814029392
47,1,-4.200457040557071,-5.239606160010502,-1.8323167285106623,0.6889360040006125,-0.6278891270551723,0.36210830771685115,-0.6344874457702878,-0.2808975652026069,0.7200848832069335,-0.35041812674512735,-0.7258455772332988,-0.5919082145563574,0.2861827098767399,0.3694909248017834,0.18340576330526417,-0.11178581855120885,0.07793147666286807,0.0693813483498669
48,0,0.0,0.0,0.0,1.0,0.0,0.0,0.0,1.0,0.0,0.0,0.0,1.0,-0.18616800795921667,-0.0903127668433119,-0.25306216882330307,0.03406936311369793,-0.0924509861273697,-0.0050826992613643915
48,1,-4.236323807430776,-1.8423757086929897,-5.772979872303548,-0.9882567830951019,-0.07198627374219786,0.13478318537278436,0.09967779965370173,0.3648452286272409,0.9257171789505328,-0.11581393233422951,0.9282811726738024,-0.3533853385988628,0.18616800795921642,0.09031276684331181,0.253062168823303,-0.08920755568296262,0.09514185839654712,0.04468540795480778
49,0,0.0,0.0,0.0,1.0,0.0,0.0,0.0,1.0,0.0,0.0,0.0,1.0,-0.2027050529768475,-0.22356110043914215,-0.002139770145418802,0.04250231431980167,-0.08624245479019466,-0.03952913390932267
49,1,-5.011606059847116,-5.878161821198311,0.2574321978594949,0.6609213591021961,-0.7259848935893655,-0.19007601469555258,-0.6250883845106742,-0.6727151576253558,0.39587728938514355,-0.41526794799543787,-0.14282944717785237,-0.8984165405793283,0.20270505297684763,0.22356110043914196,0.0021397701454188463,0.027627426297075146,0.023335962457678647,-0.03160380375626867
50,0,0.0,0.0,0.0,1.0,0.0,0.0,0.0,1.0,0.0,0.0,0.0,1.0,-0.030141171971745487,-0.043724385176241144,-0.19411502046243725,0.33883848305264386,-0.0962577679638811,0.0025308965608089023
50,1,-1.5102834434526586,-4.235805418378453,-5.358419453105665,0.09963238198434154,0.9574078523695941,0.27100478350237167,-0.9806991667573572,0.048436449706904416,0.18942823089818278,0.16823356615595772,-0.28464735122749973,0.9437549219249759,0.030141171971745498,0.043724385176241214,0.19411502046243728,0.24910137630733617,-0.03540189133320763,-0.06416682110818109
51,0,0.0,0.0,0.0,1.0,0.0,0.0,0.0,1.0,0.0,0.0,0.0,1.0,0.01519727038525985,-0.009592061924226958,0.05934807201568774,0.0981875476119394,-0.07352827241118262,-0.00022629916162294345
51,1,3.6280031207046433,2.1999217193193297,6.9469742239665075,0.8520077930090555,-0.22052508852381475,0.4748172342948413,0.38376165676220825,0.8799851163070911,-0.2799163908689889,-0.3561035122699067,0.4207075949035852,0.8343832501551534,-0.015197270385259878,0.009592061924226944,-0.05934807201568763,0.09900937195739513,-0.03621167242848672,-0.06800653662836652
52,0,0.0,0.0,0.0,1.0,0.0,0.0,0.0,1.0,0.0,0.0,0.0,1.0,0.5875561051607522,-0.5137328886478354,0.8158146309570701,-0.9841539190771568,-1.2059297758516114,0.08573776311209569
52,1,3.6954535661298715,-3.002188179198977,2.655644830570474,-0.8350555650009484,0.25305648177837387,-0.48851266144379357,-0.17643914999537746,0.7178565703423001,0.6734620781939388,0.5211059678317411,0.6485710149600749,-0.5548010533910355,-0.5875561051607523,0.5137328886478356,-0.8158146309570703,-0.10078303236807293,-0.2485349780793455,-0.22025980497413775
53,0,0.0,0.0,0.0,1.0,0.0,0.0,0.0,1.0,0.0,0.0,0.0,1.0,0.04165591102013527,0.07544388119283377,-0.9056320667543293,-0.4782388790920243,-0.6767300881932564,0.0007015047778339001
53,1,-1.7779473277349431,1.3539843313112248,-4.814941666623946,-0.7649998133723299,-0.589685378955236,-0.2589332720735583,0.6250081276523797,-0.7767522174718506,-0.07759402696747367,-0.15537093006340097,-0.22119481571452385,0.9627734560073058,-0.041655911020135286,-0.07544388119283363,0.9056320667543287,-0.38471486217913675,-1.1340068064357054,-0.19123820256634266
54,0,0.0,0.0,0.0,1.0,0.0,0.0,0.0,1.0,0.0,0.0,0.0,1.0,0.02435251822726891,-0.021125030334104063,0.020377477714304894,-0.0036245773992706664,0.02183175432406911,-0.00028279062806798975
54,1,4.8066467130446915,-5.876442955000593,5.975712050121665,0.3448385014094343,-0.07429751299889187,-0.9357169911398825,0.04010236039328804,0.9971184534571389,-0.06439402508098374,0.9378049949944723,-0.01531892089616672,0.34682433886045916,-0.02435251822726889,0.021125030334103873,-0.02037747771430479,0.010114590371053386,0.025744546021824508,0.041848417182835634
55,0,0.0,0.0,0.0,1.0,0.0,0.0,0.0,1.0,0.0,0.0,0.0,1.0,0.028529429959564416,-0.0040631810469329566,0.04022287886575999,0.028427936687203594,0.022293883823366382,-0.0001988817056610935
55,1,3.389521473591198,1.1435283514910708,8.251256433135309,-0.343330584030098,0.3988033562257733,0.8503411039886352,-0.7925355437498764,0.3628209085961491,-0.490151405362213,-0.5039955574830391,-0.8422095174886851,0.19149832032902225,-0.028529429959564485,0.004063181046932896,-0.04022287886575984,0.0510944144268825,0.076773447019022,-0.04619756971464763
56,0,0.0,0.0,0.0,1.0,0.0,0.0,0.0,1.0,0.0,0.0,0.0,1.0,0.062472473064209874,-0.027674614617297054,-0.10655606501080385,0.060117398944435164,0.06066453082522799,0.0003832424146560029
56,1,4.82990905493165,-2.742039749918075,-6.1086086082763105,0.974459413343465,0.21934328410044035,-0.0481391261485253,0.2161289895520503,-0.857856177653977,0.4662306707372626,0.06096811971448573,-0.4647271265817626,-0.8833524699674182,-0.06247247306420983,0.02767461461729713,0.10655606501080364,0.0630101778280933,0.07237168568799555,0.037252890271266915
57,0,0.0,0.0,0.0,1.0,0.0,0.0,0.0,1.0,0.0,0.0,0.0,1.0,-3.3996297537072784e-05,0.029187732530234007,-0.04208146433016068,-0.05635820107870502,0.04458858746025868,0.0018722063890619645
57,1,1.4707608981905957,6.6204583784731685,-6.030853714125718,-0.341357915483957,-0.7923389072609136,-0.5056419974418945,-0.9003028907153191,0.12106177668396101,0.4180894057444685,-0.27005458430859425,0.5979490799948638,-0.7546704043668389,3.3996297536999925e-05,-0.02918773253023386,0.042081464330160454,-0.04621343688745711,0.017508211512411283,0.04128104039611789
58,0,0.0,0.0,0.0,1.0,0.0,0.0,0.0,1.0,0.0,0.0,0.0,1.0,-0.021928450128980048,-0.011612721418931573,0.008448046197539541,-0.0060034263932724555,-0.011429489714133639,-0.000417700489021261
58,1,-7.384690342595673,-4.759692620357826,4.572432997074173,-0.1768571080304222,0.6589768625579964,-0.7310752751614126,0.9816831552970953,0.17157336093593478,-0.08282973151644535,0.07085016545537848,-0.7323333096550826,-0.6772504541339033,0.02192845012897986,0.011612721418931608,-0.008448046197539524,0.018891713852154168,-0.026450674061536672,-0.018198630052131022
59,0,0.0,0.0,0.0,1.0,0.0,0.0,0.0,1.0,0.0,0.0,0.0,1.0,-0.010559047056958915,-0.1327011670326796,0.007229631009372474,0.003995736025663665,-0.009917404816275052,-0.01874260258006042
59,1,-0.37926145540769557,-8.516768577335695,0.5983657709994933,-0.07219711704887599,-0.14217513167529244,0.9872050487223736,0.5761795375362655,0.8019774375370364,0.15763670323254078,-0.8141281943369398,0.5801882639408024,0.0240179426894086,0.010559047056958926,0.13270116703267937,-0.007229631009372503,0.013835005892023022,0.006341152861693112,-0.02085791985814201
60,0,0.0,0.0,0.0,1.0,0.0,0.0,0.0,1.0,0.0,0.0,0.0,1.0,-0.16025865779293244,0.05186776996098267,-0.9184917569600316,0.0491897911769352,0.2285116015379875,-0.00020011926608282105
60,1,0.7065835149717918,-0.06599129238825166,-5.655613678132597,0.42235276008441114,0.5070512987341127,-0.7513435475873399,0.8930371473506398,-0.37474171958111313,0.24910499203593234,-0.15525076328608334,-0.7761878793548891,-0.6110888449658107,0.1602586577929324,-0.05186776996098258,0.9184917569600318,0.3047667361583813,1.3268405896203281,0.02627335453469995
61,0,0.0,0.0,0.0,1.0,0.0,0.0,0.0,1.0,0.0,0.0,0.0,1.0,0.006930699240596409,0.5123158421290337,0.27560522730043824,0.21049455696667604,0.011939504028915153,-0.008558389945672262
61,1,-0.047415305515832444,6.482452851160551,2.4323147090975388,-0.20811400161734173,-0.9756691730037961,0.06897990418162167,0.9543628044552177,-0.18711261719475414,0.23276706373304007,-0.21419663816967052,0.11427393988402645,0.9700831236859,-0.006930699240596548,-0.5123158421290344,-0.2756052273004383,0.32998997602765984,0.01798604373252903,-0.060661153282217856
62,0,0.0,0.0,0.0,1.0,0.0,0.0,0.0,1.0,0.0,0.0,0.0,1.0,-0.3870575844240467,0.4797934897716257,-0.8225058012876394,-0.7955532294957995,-0.3862947992295781,-0.024488207187945643
62,1,-2.432827618426887,4.085155113942609,-3.8721341324156056,0.44533956209625625,-0.6947696456029262,-0.5647723558927963,-0.8866764584960092,-0.2545709081834313,-0.3860032521309089,0.12440873112804332,0.6726728716511821,-0.7294063856065853,0.38705758442404686,-0.4797934897716257,0.8225058012876392,-0.7066858026263539,-0.11598114660064113,0.43842362453028416
63,0,0.0,0.0,0.0,1.0,0.0,0.0,0.0,1.0,0.0,0.0,0.0,1.0,-0.07904432192709372,0.03150984469005848,-0.02926196141789615,0.0051963074235003,-0.016208363011640463,0.0003477392025045059
63,1,-7.92015706245886,3.075206208366269,-2.6304166904992163,-0.08653781176305797,-0.9803942982787343,-0.17702606315966518,0.13504299685226007,0.16450896052181618,-0.9770876065682095,0.9870534920339535,-0.10846115346325536,0.11815913867745564,0.07904432192709361,-0.03150984469005843,0.029261961417896165,-0.01229885145702073,-0.007631463687488306,-0.006833068635152407
64,0,0.0,0.0,0.0,1.0,0.0,0.0,0.0,1.0,0.0,0.0,0.0,1.0,-0.07523804831404315,0.07462164537998836,-0.030089097915820977,-0.0115124832473607,-0.024842343280740295,0.016588581276584025
64,1,-5.8329066873088715,5.874307525476715,-1.8328803893261123,0.9703603375272286,0.20670309425123637,-0.12519842723056632,0.21411405264215158,-0.49515270028377034,0.84200889298323,0.11205350425219573,-0.8438587762348954,-0.524734578578683,0.0752380483140432,-0.0746216453799883,0.030089097915820935,-0.0284675806381243,-0.012762213881563275,-0.009878242218145244
65,0,0.0,0.0,0.0,1.0,0.0,0.0,0.0,1.0,0.0,0.0,0.0,1.0,0.0077984121959265695,-0.004777000091140812,-0.013729629085280623,-0.03810664798648055,-0.006474046534797315,-1.3763691904807723e-05
65,1,1.7703518085135237,2.1683767341719062,-8.586190837363777,-0.4190770960527097,0.6910039724816576,-0.5889718988021383,-0.8410042729195119,-0.539894156309007,-0.035015895169313555,-0.34217860905549136,0.4806535238588746,0.8073945686632376,-0.007798412195926531,0.004777000091140857,0.013729629085280894,-0.032680594703491314,-0.03617833512650685,-0.025353102627845132
66,0,0.0,0.0,0.0,1.0,0.0,0.0,0.0,1.0,0.0,0.0,0.0,1.0,-0.2888141611407161,-0.09420743442644985,-0.03477473893284005,0.021582797083520407,-0.16504956701818313,0.052762672439546285
66,1,-7.256540785711536,-1.869247529158404,-0.4812584283791055,0.1001374818547276,-0.8146425025053071,-0.5712530768754641,0.45673208912471897,0.5477100386702634,-0.7010060715169223,0.8839503851979272,-0.19071262845367476,0.4269196761180336,0.28881416114071606,0.09420743442644974,0.0347747389328401,-0.0019183240898815084,0.051699504923769055,0.09099226069499229
67,0,0.0,0.0,0.0,1.0,0.0,0.0,0.0,1.0,0.0,0.0,0.0,1.0,-0.06864452716641387,-0.09954544658199319,0.14104768843997711,-0.15587307434933806,0.17243236664176392,-0.006973562765828432
67,1,-3.1812321091509417,-3.6771964388636538,5.186803805809815,0.8726565489240261,-0.011299459185577149,0.48820371756278375,-0.4841772402782448,-0.15019164675808416,0.8619831026421794,0.06358417740721062,-0.988592328245677,-0.1365366651022355,0.06864452716641398,0.09954544658199316,-0.14104768843997728,0.15353571789042317,-0.07977262600976101,0.07123132290841822
68,0,0.0,0.0,0.0,1.0,0.0,0.0,0.0,1.0,0.0,0.0,0.0,1.0,0.2755093308834865,-0.45305755205539994,-0.06842060089803197,0.017666415111498156,0.0022316919475769813,-0.0025259968778780506
68,1,3.343007577749295,-5.970443128874427,-0.4791521637939646,-0.7445441636524057,-0.039099401707333004,-0.6664272091963741,-0.4742759229499333,-0.6715609025855591,0.5692699737632908,-0.46980457349958615,0.7399170162285752,0.48146284572568465,-0.2755093308834866,0.4530575520554001,0.06842060089803192,0.17375138500307422,0.09448800329045404,0.13286395871423287
69,0,0.0,0.0,0.0,1.0,0.0,0.0,0.0,1.0,0.0,0.0,0.0,1.0,0.014029709109612253,-0.03497415708540614,-0.0013495291684601672,-0.016494336738679085,-0.010805653101378546,0.003279178883621902
69,1,3.218906071390343,-9.259839819815523,-1.1741485964027987,-0.5735839453807132,0.4107538667710632,-0.7087190688376568,0.8163482778306689,0.21517997208819728,-0.5359786086170082,-0.06765313654515015,-0.8859903162815848,-0.4587419891081055,-0.014029709109612267,0.034974157085406105,0.0013495291684601646,-0.012074096781411168,-0.0013233025237373644,0.014055153606020956
70,0,0.0,0.0,0.0,1.0,0.0,0.0,0.0,1.0,0.0,0.0,0.0,1.0,-0.3016829908067001,-0.011266691602363259,0.013976864914226613,-0.0022529386600742673,-0.015251251959852129,0.060467754483803156
70,1,-7.6805240153430345,-0.2680362323541357,0.4350842353653658,0.8759807824841772,0.01257793308978783,0.4821819825725525,0.47576849838071794,-0.18705649252691536,-0.8594499430170933,0.07938516654240499,0.9822686313848757,-0.16984207703133447,0.3016829908066998,0.011266691602363217,-0.013976864914226596,0.0034085923492538197,-0.008656614785094576,-0.054795631279543865
71,0,0.0,0.0,0.0,1.0,0.0,0.0,0.0,1.0,0.0,0.0,0.0,1.0,0.06659316411992973,0.2072713358634556,0.17893406536997158,0.07514139137132357,-0.014299702577632991,-0.008720772144426264
71,1,1.6405215635409296,5.664427701296923,4.870493274505408,0.377698357028743,0.13860080833985494,-0.915496459318837,-0.4135958288544394,0.9098665054446965,-0.03288514290778266,0.8284216567980327,0.3910661813522039,0.4009798004271633,-0.06659316411992977,-0.2072713358634557,-0.17893406536997142,-0.07109596210469499,0.04509606786030495,-0.028458295425582657
72,0,0.0,0.0,0.0,1.0,0.0,0.0,0.0,1.0,0.0,0.0,0.0,1.0,0.006574033656830947,-0.061456251401846074,0.21245636552700253,-0.19171788666406267,-0.30164635398456174,0.002807119644605352
72,1,2.754817319389475,-2.5279784971234798,5.567312939957151,0.672450515717302,-0.7396303563946327,0.027517990680336363,-0.6359062195483631,-0.5583239142652487,0.5328205013878873,-0.37872626506652995,-0.37579428236613593,-0.8457807478830885,-0.006574033656830888,0.06145625140184609,-0.21245636552700242,-0.003221053294447808,-0.24703241873837792,-0.15548884966733023
73,0,0.0,0.0,0.0,1.0,0.0,0.0,0.0,1.0,0.0,0.0,0.0,1.0,0.11570627527080016,-0.11579831976938428,0.050997405812968306,-0.10578505604757295,-0.07853958587118348,0.028595045693791427
73,1,5.1856116989658005,-5.666332583028087,1.4203859204089853,0.5483876973321941,-0.06495163387674185,-0.8336979181162896,0.7680161786661953,-0.35526042365445587,0.5328613146887575,-0.3307900886085744,-0.9325080785932087,-0.14493654003298562,-0.11570627527080028,0.11579831976938447,-0.05099740581296825,-0.01870490315290433,-0.02156559403184006,0.026550070217258588
74,0,0.0,0.0,0.0,1.0,0.0,0.0,0.0,1.0,0.0,0.0,0.0,1.0,-0.010737467661764456,-0.001264944862511195,0.014396377035302797,-0.024839102795529193,0.038346785029828176,0.0001694557764829233
74,1,-7.595022130978501,-2.3028008330535674,5.9084658939932835,0.04684961101060536,-0.03368402596210118,-0.9983338621639253,0.8688240353536385,0.4945347782105135,0.024086276841753573,0.4928994923308141,-0.8685048874561746,0.05243425335372809,0.010737467661764345,0.0012649448625111429,-0.014396377035302839,-0.0008390026563904612,0.007552055691816967,-0.015288421027639911
75,0,0.0,0.0,0.0,1.0,0.0,0.0,0.0,1.0,0.0,0.0,0.0,1.0,0.03802008844703533,-0.03640133227983985,-0.012140691654241122,0.00941113172344283,-0.0017505542335864322,-0.005625489297587187
75,1,6.764950894108454,-6.320040950564619,-1.8962208266662361,0.5391742555146006,0.23368879585378016,-0.8091233953376248,-0.7009296441116444,-0.40809386087548516,-0.5849419071337458,-0.46689266025051157,0.8825241908345347,-0.05623429910694977,-0.03802008844703535,0.036401332279840076,0.012140691654241066,-0.0017064276878916776,0.011787253550079228,-0.0003392201263041246
76,0,0.0,0.0,0.0,1.0,0.0,0.0,0.0,1.0,0.0,0.0,0.0,1.0,-0.03778530929351602,0.006881011530044209,0.0016397820481867161,0.0004772342551660066,0.00378919823352778,-0.003252516069765815
76,1,-9.686947573038427,1.6835882936735307,0.2721670816453335,-0.16872389153477374,-0.14224158521307667,0.9753458770412846,-0.8646115264826639,-0.453763788562191,-0.21574367305440173,0.4732643623797163,-0.8796963996889824,-0.04642292187661701,0.03778530929351622,-0.0068810115300442405,-0.0016397820481867387,0.0004106987784370771,0.001811367138983902,0.0002114225281513362
77,0,0.0,0.0,0.0,1.0,0.0,0.0,0.0,1.0,0.0,0.0,0.0,1.0,-0.03390004609820879,-0.0030392390158380947,-0.02158899923392316,-0.020004060899225462,0.014099094351521142,0.0013457509896854514
77,1,-7.204673579282939,0.7013842120708984,-6.128780913515696,0.28985370627994533,-0.6525702691975479,0.7000977593987991,-0.6861053301432327,0.3683192813951395,0.6273757908156911,-0.6672662923487329,-0.6621880025430903,-0.3409732311826945,0.03390004609820871,0.003039239015838073,0.021588999233923215,-0.013764952389739828,0.03812516875867647,0.044327931170608605
78,0,0.0,0.0,0.0,1.0,0.0,0.0,0.0,1.0,0.0,0.0,0.0,1.0,0.07671704323358867,-0.01296881073569116,-0.055144212092103115,-0.03979420129558377,0.05079483589005113,0.0022735059165641
78,1,6.464525222750117,-0.07464613535850442,-5.094659969984632,-0.5543832217167244,0.07546253622022375,0.8288333059826906,-0.7946544892656797,-0.34397703282431413,-0.5002040019624816,0.24735295868229812,-0.9359408135756191,0.25066173883247767,-0.07671704323358865,0.012968810735691158,0.05514421209210282,-0.02216117729778367,-0.08516093510971307,-0.08038407923299337
79,0,0.0,0.0,0.0,1.0,0.0,0.0,0.0,1.0,0.0,0.0,0.0,1.0,-0.01875351998693742,-0.005885289456274203,-0.018049446590173004,-0.009708385756567703,-0.051365766432655294,0.0004190334280217249
79,1,-8.565408218343158,-1.7184718214441335,-4.638725653644577,0.17374815824617262,-0.7220950187184736,-0.6696195647141968,-0.35628899213209,0.587807931350392,-0.7263194819960928,0.9180793710739626,0.3647747521190854,-0.1551439609681844,0.018753519986937577,0.005885289456274211,0.018049446590172984,0.013425607934497822,-0.01624267746781468,0.017763477597636405
80,0,0.0,0.0,0.0,1.0,0.0,0.0,0.0,1.0,0.0,0.0,0.0,1.0,-0.21259722852142973,0.092577984573612,-0.30731281575926195,0.09331073969199305,-0.30833654616149536,0.013987273496932264
80,1,-4.1066673864137515,0.20190560654675874,-5.255984235052121,-0.7059228735581986,0.3419587722247346,-0.6202717909802831,-0.38256711477848315,0.5529166264610077,0.7402199719495857,0.5960832989418532,0.7598337991176298,-0.2594943129262506,0.21259722852142982,-0.092577984573612,0.30731281575926206,0.33122950727434397,0.16371270978036373,-0.35124969107052084
81,0,0.0,0.0,0.0,1.0,0.0,0.0,0.0,1.0,0.0,0.0,0.0,1.0,0.04363098719637943,-0.043233125273926844,-0.03805329852794257,-0.02260797738856421,0.009964279351206425,0.00170262007328761
81,1,5.1466642101967786,-3.8848826890467976,-5.770869136080421,-0.8176319878779146,-0.3711059692097516,-0.44017984053759207,-0.5433770338365144,0.24467264254092302,0.8030421515033148,-0.19031377117234718,0.8957765667893598,-0.4017026398882968,-0.04363098719637938,0.04323312527392678,0.038053298527942626,-0.07905213019870463,-0.06590544712581596,-0.0547077317503238
82,0,0.0,0.0,0.0,1.0,0.0,0.0,0.0,1.0,0.0,0.0,0.0,1.0,0.014978795225222913,0.16452573742190033,0.048130275018159155,0.04118000718699192,-0.013119214910625687,0.018064471593507825
82,1,0.8851494385312034,7.68455377605563,1.5932314618738548,-0.41328997693799896,0.9096797564792722,0.040916202345767816,0.5568384477424482,0.2880276096005181,-0.7790834610127417,-0.7205014490466821,-0.2992036710329993,-0.6255835876699514,-0.014978795225222934,-0.1645257374219004,-0.048130275018159197,0.06655209829783068,-0.005618583184259153,0.012460035100668562
83,0,0.0,0.0,0.0,1.0,0.0,0.0,0.0,1.0,0.0,0.0,0.0,1.0,-0.17587501666652433,-0.06623442627909652,-0.05661009016615702,0.065967170135477,-0.05049811755232719,-0.015680898012689484
83,1,-7.088527690585482,-3.253715236220375,-1.9058138867825998,0.22829651932717687,-0.5716381940382677,-0.7881056238726911,0.2876621760947399,-0.7337372675056217,0.6155323669132454,-0.9301242775605498,-0.3672320756552335,-0.0030709774362518427,0.17587501666652447,0.06623442627909645,0.056610090166157125,-0.008004546623822871,-0.015599025055834782,-0.08706175863627509
84,0,0.0,0.0,0.0,1.0,0.0,0.0,0.0,1.0,0.0,0.0,0.0,1.0,0.07260483413490891,0.24754448244979513,-0.22238076246178554,-0.4643686809629286,0.13372348467637124,0.041336655073384965
84,1,1.652434790182482,5.953730147970723,-2.954881254952712,-0.35480823819849294,-0.8554372027164869,0.37727749245757286,-0.39801682249822945,0.5033414225290253,0.7669615514319282,-0.845986833889804,0.12196148808148244,-0.5190680806118366,-0.07260483413490887,-0.24754448244979532,0.22238076246178537,-0.12816181787664957,0.019207560478596397,-0.06455513003304769
85,0,0.0,0.0,0.0,1.0,0.0,0.0,0.0,1.0,0.0,0.0,0.0,1.0,0.0027165884858097594,0.0005495614116052894,-0.007966962513897578,0.011388571559868405,0.014768337390498746,-5.021282795495286e-05
85,1,4.0729635820065955,-1.4137156059259504,-8.868635952098831,0.6893310080561136,-0.08294283563133896,-0.7196827407613544,0.24223104813756818,0.962634713812111,0.12107240429614982,0.6827495006592954,-0.257788467122383,0.6836652876723921,-0.002716588485809761,-0.000549561411605299,0.00796696251389762,0.004748307770704365,-0.006411623524491757,0.006129039980767236
86,0,0.0,0.0,0.0,1.0,0.0,0.0,0.0,1.0,0.0,0.0,0.0,1.0,0.3660743517396189,0.3420753766202699,-0.2123545410887848,-0.10048273503054846,0.06533454491229318,-0.04746312165865225
86,1,4.703454850240062,4.828048903376976,-2.3674495200941212,-0.43343213450553186,0.7988054918126195,0.41718865160497576,0.7922559520227637,0.5583816438654796,-0.24604968254112627,-0.42949632275781247,0.22387435325218427,-0.8748789531663415,-0.36607435173961883,-0.3420753766202695,0.2123545410887846,-0.1149291879846062,0.06680290299752663,-0.11102566149994889
87,0,0.0,0.0,0.0,1.0,0.0,0.0,0.0,1.0,0.0,0.0,0.0,1.0,0.26354540467811766,0.0904505843011146,-0.9379752264881499,0.3376339463087628,0.32858964996885187,-0.001481491986444823
87,1,1.6885776691812722,-1.0798691323436613,-5.399490567452688,0.8904137564489945,0.39423795253036853,0.2274637973635668,0.06953482908017813,-0.6117126803761874,0.7880180862212306,0.44980912604257073,-0.6858454880303896,-0.5720906542473627,-0.2635454046781178,-0.0904505843011147,0.9379752264881491,1.163643624433297,-0.16775655493071606,0.43880887628462345
88,0,0.0,0.0,0.0,1.0,0.0,0.0,0.0,1.0,0.0,0.0,0.0,1.0,-0.059404023950219265,0.07654430827198547,0.04360472233641615,0.09788766231700201,0.047500413688794596,0.005741295286663298
88,1,-4.717002380112417,6.568647151112559,2.201410156839155,0.4293734127751573,0.2707839154069635,-0.861576777518225,0.39159697269115085,0.8038263771587815,0.44778897525834027,0.8138121917131376,-0.529659538326898,0.2391035133125332,0.05940402395021925,-0.07654430827198531,-0.04360472233641618,0.020030955154976077,0.027410543675092373,0.02340309309555343
89,0,0.0,0.0,0.0,1.0,0.0,0.0,0.0,1.0,0.0,0.0,0.0,1.0,-0.008299773561384475,-0.032449066803259666,-0.053941602031312846,0.044538089673794246,-0.09252633083792923,-0.0024614285469954506
89,1,-3.5914371969586907,-4.774884419299055,-6.073213120613686,0.40311155474060867,0.8860510399510995,0.2289424142359483,0.5886991166370088,-0.059531390134321516,-0.8061571581642633,-0.7006671281752946,0.4597494624143139,-0.5456152557474314,0.00829977356138458,0.032449066803259485,0.05394160203131289,0.015956727156326164,-0.05079525146974733,0.07936975460885391
90,0,0.0,0.0,0.0,1.0,0.0,0.0,0.0,1.0,0.0,0.0,0.0,1.0,0.04596721186114308,0.02825233286165487,-0.04792842670524411,-0.007809455053888866,-0.003967737224102113,0.0008817322733082715
90,1,5.66075147609755,3.850260083720314,-5.943939860510106,-0.6864370249756933,-0.35515956972141133,0.6345596038023702,-0.5733164338631287,-0.2724864332193535,-0.7726961953923802,0.44733933138612336,-0.8942107267007574,-0.016574041399711525,-0.0459672118611429,-0.02825233286165494,0.04792842670524387,-0.008797285716036595,0.002052306584883987,-0.017938018312370244
91,0,0.0,0.0,0.0,1.0,0.0,0.0,0.0,1.0,0.0,0.0,0.0,1.0,-0.10251829784685557,-0.13041379369495557,-0.8369026751869497,0.3950675771413448,-1.004577625511286,-0.0009525596020399096
91,1,-2.7377033822305674,-1.1681583716780404,-4.4511235573177,0.9878519306558089,0.13996225103172794,0.06752134022457207,-0.1532982789961687,0.9488930011286377,0.2758653839572842,-0.02545978704552857,-0.2828650573952509,0.9588217553583032,0.10251829784685525,0.13041379369495565,0.8369026751869498,0.002079379843250337,-0.8302920483435853,0.23822923581025213
92,0,0.0,0.0,0.0,1.0,0.0,0.0,0.0,1.0,0.0,0.0,0.0,1.0,-0.04365640706561719,0.06951504353387908,-0.03638009102386822,0.026031691401863063,-0.00392560368099024,-0.0038106467721130306
92,1,-4.278914348283574,5.78993221069216,-4.765249178013139,-0.6171338535268887,-0.7769283603343203,0.12461191652196704,-0.5652962722362677,0.327606647597418,-0.7570429373858268,0.547344435823397,-0.5376394771203151,-0.641371858764447,0.04365640706561723,-0.06951504353387904,0.03638009102386805,0.0945865518104951,0.05629196809153775,-0.04087063295425365
93,0,0.0,0.0,0.0,1.0,0.0,0.0,0.0,1.0,0.0,0.0,0.0,1.0,-0.015122732558499004,-0.019380013207794738,0.027997728371351067,0.01110235978851196,-0.01443261187484672,-0.00011494982024424366
93,1,-2.6199086135797147,-4.396116265945245,8.342927564229482,-0.5064042230411689,0.005274019938403096,-0.862280086514677,0.6479290703449057,0.6621623505992817,-0.3764690442132262,0.5689839037161385,-0.74934184866623,-0.3387390015180134,0.01512273255849902,0.019380013207794682,-0.02799772837135097,0.027502417495117087,-0.03838376071315761,-0.0155924772313231
94,0,0.0,0.0,0.0,1.0,0.0,0.0,0.0,1.0,0.0,0.0,0.0,1.0,-0.4250346385340727,0.18409410952571664,-0.1001251242516491,0.03252377811345508,0.05138998904096739,-0.05479203195449878
94,1,-6.614590857866152,2.632253121044589,-1.4328052345119844,-0.9505691864815222,-0.200577916758824,0.23703738317098555,0.16720665007402977,-0.9738898592375718,-0.15355936391260724,0.26164892104283427,-0.10633457284869231,0.9592876527581322,0.4250346385340726,-0.18409410952571661,0.1001251242516491,-0.03230744514856634,-0.10468486561810977,-0.04411642806794561
95,0,0.0,0.0,0.0,1.0,0.0,0.0,0.0,1.0,0.0,0.0,0.0,1.0,0.08275642870250419,-0.010431292957366034,-0.08047007274520998,-0.010874537580171895,-0.0035308863134311816,-0.001795830296554714
95,1,5.668943830016759,-0.2524881682174222,-6.266697665793246,0.3842548986925607,0.8177281302752069,-0.4285660716708503,0.535476106634585,0.18074504431905802,0.8249827684125095,0.7520728103410177,-0.5464905615934426,-0.36842170679134467,-0.08275642870250409,0.010431292957366039,0.0804700727452103,-0.034177480383199,-0.05889830987597822,-0.036443564461891995
96,0,0.0,0.0,0.0,1.0,0.0,0.0,0.0,1.0,0.0,0.0,0.0,1.0,0.17047686334799111,-0.18272764306824363,-0.16243558054743634,0.2084295169712339,0.05198035155633906,-0.023147011549125074
96,1,3.744486671796658,-5.12387628882489,-3.8381461284508824,0.08463286815453541,-0.16291101720684004,-0.983004210621994,-0.6861473012005077,-0.7248954969341259,0.06106062217080849,-0.7225227738162975,0.6693179506014006,-0.17313093981014482,-0.17047686334799092,0.1827276430682435,0.1624355805474363,-0.07746509314605352,-0.09805759822045307,0.21242814541328175
97,0,0.0,0.0,0.0,1.0,0.0,0.0,0.0,1.0,0.0,0.0,0.0,1.0,0.04873873360658201,0.00847233988678419,0.08976456259301897,-0.06751053892583529,0.03271050528127685,-0.00019708440641692804
97,1,1.6079515664409099,-1.362831842342153,7.45447717354505,0.28353506802621564,0.515807329342193,-0.8084248042930422,0.61897118000583,-0.7423323844020373,-0.256548844063223,-0.7324496866826824,-0.4276510611057336,-0.5297471344080873,-0.04873873360658199,-0.008472339886784138,-0.08976456259301885,-0.11798032958239393,0.1862742028241538,0.08024289471327282
98,0,0.0,0.0,0.0,1.0,0.0,0.0,0.0,1.0,0.0,0.0,0.0,1.0,0.10667965945120296,-0.10188284390110885,0.11063378797855922,-0.1745308324939421,-0.22152591751767436,0.010198447124355397
98,1,5.067395052952083,-4.504649485052377,3.3556373960043433,-0.4230587705240938,-0.7195128914897715,-0.5507471975985625,-0.052114305818846685,-0.5874924478789159,0.8075498268306784,-0.9046023302046384,0.3703428447604562,0.2110469178241441,-0.10667965945120297,0.10188284390110859,-0.11063378797855927,0.018046277452765096,0.018879062273238587,-0.045924593277098746
99,0,0.0,0.0,0.0,1.0,0.0,0.0,0.0,1.0,0.0,0.0,0.0,1.0,-0.177213464273314,0.086257399092804,-0.03090773787338061,0.03757412987588642,0.0668901278525139,-0.0040911448104977224
99,1,-7.077709244470701,3.3477136389940463,-1.9049097806141997,-0.40533050769395507,0.8983472977209068,0.16934967437259701,-0.8867324702736219,-0.43140519976211844,0.16611766847824028,0.2222896886834846,-0.08283529619522516,0.9714554071130845,0.17721346427331375,-0.08625739909280394,0.030907737873380713,0.023268177677169107,0.05192955142614366,-0.01315371479148316
100,0,0.0,0.0,0.0,1.0,0.0,0.0,0.0,1.0,0.0,0.0,0.0,1.0,-0.005209661620286623,-0.00563748415777899,-0.04662592498540342,0.0192807445730483,-0.06513689514859705,3.579487722522173e-05
100,1,-4.074665062973941,-1.9284214061017746,-7.834490445297697,0.1360152270709566,0.936401159530045,0.32350073637570514,0.9906461861248403,-0.12494124663902606,-0.05486181554227543,-0.010954082396286702,0.3279368129976772,-0.9446361494034528,0.005209661620286663,0.005637484157778969,0.04662592498540312,0.02646687147846264,-0.08403308823089974,0.012888641876438112
101,0,0.0,0.0,0.0,1.0,0.0,0.0,0.0,1.0,0.0,0.0,0.0,1.0,0.05539574206438732,-0.3287818371194562,0.2292794232126032,-0.12709688515007037,0.06387653163156391,0.0017519065527412253
101,1,0.24763536477786433,-5.748897899421527,4.39152867898641,-0.7777731507902081,-0.19013842102134404,0.5990962416518587,-0.6018529857867667,0.5001026136828698,-0.6226318007354879,-0.1812233688281569,-0.844834159252023,-0.503401761967021,-0.055395742064387354,0.3287818371194564,-0.22927942321260378,0.2528477575024863,0.12261776473461546,0.2352945484706984
102,0,0.0,0.0,0.0,1.0,0.0,0.0,0.0,1.0,0.0,0.0,0.0,1.0,-0.09326757858729565,-0.032771307317768186,0.07186713437598394,0.01808967894268295,0.001257089190413463,0.003002786481455591
102,1,-5.3401989589012215,-1.3834038134670348,5.907343926861023,-0.40099347302586974,0.4204746302018134,-0.8138828662327888,0.8940481623299747,-0.014052886518304719,-0.4477503766775624,-0.19970507761458256,-0.9071954594998546,-0.3702894546672937,0.09326757858729558,0.03277130731776825,-0.07186713437598402,0.07608043655754698,-0.16843595695726465,0.042975790848220834
103,0,0.0,0.0,0.0,1.0,0.0,0.0,0.0,1.0,0.0,0.0,0.0,1.0,-0.09334431356542766,-0.003851885678379496,0.06018824497780172,0.033948392475345895,0.06538705115344708,-0.0117425338922095
103,1,-7.584030344882459,0.09201880939638823,3.790610254076766,-0.9083287737165244,-0.08010415098705506,0.4105145111116997,0.3381257927374991,0.4370810690027339,0.8334453115862283,-0.24619055043659274,0.8958479023327958,-0.3699280318678986,0.09334431356542769,0.0038518856783795264,-0.0601882449778018,-0.013808944482833532,0.037250513002553505,0.04954478436027187
104,0,0.0,0.0,0.0,1.0,0.0,0.0,0.0,1.0,0.0,0.0,0.0,1.0,0.14245445584919564,0.19073385288881467,0.15001610608755467,0.08197351588519655,-0.07573181291121352,-0.02101418602725677
104,1,4.159619807286262,5.4593126338312885,3.3799175374286152,-0.9375720887448364,-0.20299780509516563,-0.28240125625285256,0.09497953933415208,-0.9305676246786196,0.353585609163981,-0.3345705688110005,0.3046896569077074,0.8917548696020376,-0.14245445584919553,-0.19073385288881453,-0.1500161060875546,0.09234661299653171,-0.06679383977298937,0.03669108786051886
105,0,0.0,0.0,0.0,1.0,0.0,0.0,0.0,1.0,0.0,0.0,0.0,1.0,-0.0067125251763834135,-0.10396581484006914,0.05052617016575983,-0.0659559117036322,-0.024553531462507334,-0.003601518558666165
105,1,-0.17148651468787515,-7.872706884810883,2.769901056367693,-0.6525176605321967,0.49241240164119715,-0.575978063300624,-0.08348003829601322,-0.8021778226693121,-0.5912206221230938,-0.7531611951632171,-0.33769922642415134,0.5645418023254296,0.006712525176383435,0.10396581484006956,-0.0505261701657598,-0.0438467956718356,0.014625057707800378,-0.03141548937830613
106,0,0.0,0.0,0.0,1.0,0.0,0.0,0.0,1.0,0.0,0.0,0.0,1.0,-0.2507568090654526,-0.23829330043207494,-0.6675209316672326,0.16472226756293049,-0.020385536004489425,-0.00499233888683405
106,1,-0.6602989577021324,-1.2336052387503427,-5.603626064169506,-0.12928063705294135,-0.672733532770142,-0.7285026498028608,-0.48577467462635465,0.6834403313276032,-0.5449149282286871,0.8644706370807771,0.28344118861135925,-0.41515251441335965,0.25075680906545245,0.23829330043207506,0.6675209316672328,-0.6765714985008737,0.9847695516274058,-0.14699775652592717
107,0,0.0,0.0,0.0,1.0,0.0,0.0,0.0,1.0,0.0,0.0,0.0,1.0,-0.10508321329726887,0.07298723872853523,0.06138429769058669,0.12414570314548957,0.13080165770585783,0.01740896526860254
107,1,-6.095640500457018,4.643030707454316,2.114642898621516,-0.09554070795499037,0.3277915169680679,0.939906747782583,-0.2977600231219099,0.8915817074021528,-0.34120525736908225,-0.9498478518972914,-0.31246564679918787,0.012420862146657163,0.1050832132972688,-0.07298723872853535,-0.06138429769058665,0.006521529920131202,0.02116148262559283,0.02559165249840284
108,0,0.0,0.0,0.0,1.0,0.0,0.0,0.0,1.0,0.0,0.0,0.0,1.0,-0.16904125431495834,-0.11794318982217802,-0.05890387011003097,0.1467654463074104,-0.12920366071653527,-0.014334460878435762
108,1,-6.214034866946475,-4.573361124875622,-1.3814390039170525,0.6047604852161527,0.27145621984577,0.7487164190988259,0.3297641912238665,-0.941091898169093,0.07484395357651173,0.7249278127562723,0.2016371987197273,-0.6586517337598594,0.16904125431495853,0.11794318982217825,0.05890387011003094,-0.04030809930822156,-0.003306859963537764,-0.025849146231906824
109,0,0.0,0.0,0.0,1.0,0.0,0.0,0.0,1.0,0.0,0.0,0.0,1.0,0.029812564744046005,0.03371732367288428,0.1904075595200708,0.1119924202717675,-0.05893924648596663,-0.00037440834564754326
109,1,0.6850176159958581,1.103052911479313,5.9866997474120005,0.8711561823059029,-0.41275573611047967,0.26593158582255805,0.3154959241515056,0.8855556523838342,0.3409596873163002,-0.37623028569480144,-0.2131288080925191,0.901680033763125,-0.029812564744045845,-0.0337173236728842,-0.19040755952007102,-0.10381830049134749,0.10698558781882164,-0.009413467313777818
110,0,0.0,0.0,0.0,1.0,0.0,0.0,0.0,1.0,0.0,0.0,0.0,1.0,-0.02089874660272015,-0.0056856342891805425,0.020100471789581333,-0.014709737247027142,0.07140697231043809,0.0018340629035593636
110,1,-8.651889450710506,-2.1830953051140263,3.817764025332521,-0.3059843746780213,0.08424596101978438,-0.9483017349476659,0.9516701422005445,-0.0005657836241819147,-0.30712150744108757,-0.02641028013663599,-0.9964448293512007,-0.08000124475507131,0.02089874660272005,0.005685634289180605,-0.020100471789581235,-0.007465098296954083,0.022713604565739055,0.0017334608324332495
111,0,0.0,0.0,0.0,1.0,0.0,0.0,0.0,1.0,0.0,0.0,0.0,1.0,-0.01299335217744494,0.02533601097688356,-0.012854280273742065,-0.027426287462257504,0.0007980281978789919,-0.0013756785495294861
111,1,-3.730601418066031,8.085637518541862,-3.5755601546642812,-0.11670912460720717,0.8108520254931052,-0.5734962711187825,-0.8244397646686533,0.24288216090046288,0.5111822868110916,0.5537852062546587,0.5324727680079522,0.6401520886972367,0.012993352177444923,-0.02533601097688344,0.012854280273742195,0.014081667934116773,-0.002293712094127133,0.011916655928607918
112,0,0.0,0.0,0.0,1.0,0.0,0.0,0.0,1.0,0.0,0.0,0.0,1.0,-0.00830481852153706,-0.0309909428477098,-0.022807660786946224,-0.025082422921578928,0.0030260616614794108,0.0004094361550797711
112,1,-2.002808039050496,-5.875705800410036,-7.335739175547854,-0.9915579887693657,-0.06945547001908504,0.10949288831735882,0.0601607517119135,0.5016090437117757,0.8630000296755587,-0.11486269568971089,0.8623017482012811,-0.4931959612445207,0.008304818521537072,0.030990942847709726,0.022807660786946314,-0.06824794583388608,0.012216554536742693,0.012862802959719935
113,0,0.0,0.0,0.0,1.0,0.0,0.0,0.0,1.0,0.0,0.0,0.0,1.0,0.10429972863504694,-0.08083481025089939,0.07996682521728904,-0.10783727277428903,-0.08467317881764781,0.018769299570671506
113,1,5.580022216352541,-4.876227208050062,2.8207392732009193,-0.47737596405408533,0.4894924996530663,0.7297323356730367,-0.8369674545442363,-0.5061903083230059,-0.20798281610172042,0.2675774074490866,-0.7100482128301241,0.651332377883652,-0.10429972863504694,0.0808348102508995,-0.07996682521728882,-0.05408521217518296,-0.0673411417209303,0.03875983793712106
114,0,0.0,0.0,0.0,1.0,0.0,0.0,0.0,1.0,0.0,0.0,0.0,1.0,0.249721319072193,-0.102652189868003,0.04316837356276642,0.038651848589481036,0.03295490726513884,0.026532300332699467
114,1,7.019074838291208,-2.990411937079408,1.70227810612701,-0.8811120537170323,0.4600323900625337,0.10959812447257722,-0.3577926633887205,-0.8000267721754417,0.4816031289638279,0.30923447223710265,0.38513291718041526,0.8695094463456645,-0.24972131907219292,0.10265218986800292,-0.0431683735627665,0.00699950716241339,0.08913818214024388,-0.0002860898339892802
115,0,0.0,0.0,0.0,1.0,0.0,0.0,0.0,1.0,0.0,0.0,0.0,1.0,-0.08122729322024977,-0.01731389426393818,0.005164480693346227,-0.0007483733880793374,0.012657977802389832,0.01159353163400044
115,1,-8.560685655882098,-1.6466074654927356,0.3365660600351542,-0.24657933447638514,-0.35216505616674554,-0.9028723082608394,0.6131637180401363,0.6647664591913846,-0.42675028952930494,0.7504857671457732,-0.6588363438284368,0.05201716411338042,0.08122729322024994,0.0173138942639382,-0.005164480693346241,-0.0019282299006987743,0.004215167942759575,0.002875807220523597
116,0,0.0,0.0,0.0,1.0,0.0,0.0,0.0,1.0,0.0,0.0,0.0,1.0,0.09775293261374322,-0.18569409072044957,-0.24802204029872704,0.06897620793840362,0.0429177738776993,-0.0042980800994815195
116,1,2.030085112984454,-3.8823885687392115,-5.897860246421255,-0.005296541907139796,0.9790665021883536,-0.20347169566425866,0.531286714527859,0.17513623002534762,0.8288918674342882,0.8471755270367642,-0.10371154817652334,-0.5210926416337212,-0.09775293261374328,0.18569409072044943,0.24802204029872665,-0.20125606954273026,-0.11594505740891484,0.006838139099043524
117,0,0.0,0.0,0.0,1.0,0.0,0.0,0.0,1.0,0.0,0.0,0.0,1.0,-0.002755943931804894,0.9393871905393154,0.7704301461328931,1.5964188138347786,-0.16374112127509888,0.12187314645942804
117,1,0.28092195854866925,4.8702608711796795,2.264584994945599,-0.5214579518885367,-0.8446225381748595,-0.12122034655647007,0.21801908152831112,-0.26923422654236817,0.9380728177213562,-0.8249541105429832,0.4627371816325017,0.3245381583620712,0.002755943931804866,-0.9393871905393153,-0.7704301461328926,0.028454844714056404,-0.058930693576367446,0.15544350883664265
118,0,0.0,0.0,0.0,1.0,0.0,0.0,0.0,1.0,0.0,0.0,0.0,1.0,-0.08327055234938209,0.2412464029242271,0.41447754912028734,0.06598773289915122,0.18017157361739236,0.0018003793560415204
118,1,-1.8178393423338208,1.9776328733416608,5.95820910056626,0.9810442074554384,-0.18981581686942212,0.03901562102959051,0.001858317945303209,0.2105414955541205,0.9775831551864262,-0.19377515236104131,-0.958979788272948,0.20690325278116573,0.08327055234938219,-0.24124640292422725,-0.4144775491202871,-0.6836998198787936,0.0771386588702973,-0.27566900008076306
119,0,0.0,0.0,0.0,1.0,0.0,0.0,0.0,1.0,0.0,0.0,0.0,1.0,0.1800005956242207,0.01340802561805204,-0.09154653340961309,-0.030637521265554902,0.03160913810219452,0.008228178888354715
119,1,7.15767384330199,0.830691831478995,-3.5788693673477963,0.0541236332042081,-0.9622036870714863,-0.26689828945651495,0.20742981312117909,-0.250624957498069,0.9456003401583588,-0.9767515062477709,-0.10654198827283268,0.18602499772230208,-0.18000059562422094,-0.013408025618052037,0.09154653340961307,0.0025761359230312177,-0.020547528255115827,-0.06178292907809427
120,0,0.0,0.0,0.0,1.0,0.0,0.0,0.0,1.0,0.0,0.0,0.0,1.0,-0.1998896448765092,-0.5259154101948242,0.9045340956899023,-1.225937932111187,0.12056547567674838,0.10235562824764766
120,1,-0.9867255210494904,-4.196596837164651,3.1734661027128968,-0.8133890366818093,0.3552797879737546,-0.46062408454526355,-0.2927931101397052,-0.9342553853814382,-0.20356588501145967,-0.5026633760883684,-0.030710700791488882,0.8639365620208113,0.1998896448765095,0.5259154101948247,-0.904534095689902,-0.9010522658210194,0.13761838890097827,-0.42227772256592755
121,0,0.0,0.0,0.0,1.0,0.0,0.0,0.0,1.0,0.0,0.0,0.0,1.0,-0.06931741150391967,-0.28805005559560215,0.892815964101489,-1.315285348400333,0.4087359916681927,0.01532479530391611
121,1,-1.02542195194462,-3.5087979587327074,3.9608964637834045,0.20298638519227208,0.9768262723060398,0.06787459877790106,0.913584319919556,-0.2138767354866784,0.3458618689804984,0.3523637578181058,-0.008196081395873106,-0.9358272310774329,0.0693174115039196,0.28805005559560215,-0.892815964101488,-0.6764890373617097,0.23221800686357774,0.03682726297309409
122,0,0.0,0.0,0.0,1.0,0.0,0.0,0.0,1.0,0.0,0.0,0.0,1.0,-0.030204023568425366,0.08276832382884208,-0.011821128018161032,0.03664641182091289,0.010911062485128645,-0.005633897165308918
122,1,-3.0275481451669073,8.171871236919714,-1.6961009484876362,0.9705604105900951,-0.18115187754931716,-0.15873401228326356,0.057907017685853046,0.8152051401045322,-0.5762702116627932,0.23379321354118981,0.5501132399856482,0.8016958004720844,0.030204023568425407,-0.08276832382884211,0.011821128018161074,0.007136284690361923,0.004528976332256768,0.0018722033167845407
123,0,0.0,0.0,0.0,1.0,0.0,0.0,0.0,1.0,0.0,0.0,0.0,1.0,-0.1573389703034323,-0.019233214676504146,0.014513333160024698,-0.01564791774813777,-0.04828209196746029,-0.003609224230358298
123,1,-8.199540305023117,-1.151178563083249,1.1392364857385526,0.8101643249774173,0.5765455668781285,-0.1059668620232907,-0.4482111195709493,0.4927413018648248,-0.7458637956956443,-0.3778102153553313,0.6517677644297354,0.6576155582279233,0.1573389703034326,0.01923321467650417,-0.01451333316002467,0.020851659632947925,-0.011961543424893518,-0.019812506585387125
124,0,0.0,0.0,0.0,1.0,0.0,0.0,0.0,1.0,0.0,0.0,0.0,1.0,-0.03360895462219332,-0.06597108373651908,0.08095730256980438,-0.023064547710913166,0.08299268862514207,0.0017105235302984567
124,1,-3.0725805628617437,-3.3479738073234175,6.145809674815222,0.680551317873537,0.6452269554772174,-0.3471773029248783,-0.36741012269300505,-0.10943573533705764,-0.9235981927082515,-0.6339240534033259,0.7561124226970737,0.16258628097062444,0.03360895462219341,0.06597108373651898,-0.08095730256980449,0.15746734388159528,-0.040799092804945994,0.08846904630283009
125,0,0.0,0.0,0.0,1.0,0.0,0.0,0.0,1.0,0.0,0.0,0.0,1.0,-0.04507891574824613,0.02056447204928487,-0.07981510926852647,0.010986123682615517,0.01031448580200312,-0.0002569017344616264
125,1,-3.310782145442519,1.0774700208644379,-7.808738282396729,-0.18772584473111564,-0.5751276618814611,0.7962331189788282,-0.6488319133498417,-0.5359884610317263,-0.5401236134993775,0.7374117950228166,-0.6180166196629385,-0.2725422946656577,0.04507891574824606,-0.02056447204928491,0.07981510926852645,0.06359806901705627,0.07744453062748156,-0.019256404864953502
126,0,0.0,0.0,0.0,1.0,0.0,0.0,0.0,1.0,0.0,0.0,0.0,1.0,-0.33314892310230365,-0.1279851351407572,-0.36792535787592334,0.24950007837129662,-0.3270635380832001,0.0033502883807092626
126,1,-5.030993905858521,-2.6610338350507803,-3.803977477585433,0.7784166395579478,-0.4496054500369152,-0.43808957366777723,-0.2131566019146527,-0.8457200987631255,0.48920525100236556,-0.5904505045467487,-0.2874238226821014,-0.7541589672179849,0.33314892310230365,0.12798513514075727,0.3679253578759231,0.2427091761685338,-0.2566756950383818,-0.2459784099330401
127,0,0.0,0.0,0.0,1.0,0.0,0.0,0.0,1.0,0.0,0.0,0.0,1.0,-0.07106015812616642,0.09412988759919433,0.0764073407823654,0.14308208744557238,0.06186554025294012,0.0013802675975852635
127,1,-3.835996978682299,5.791059468146402,3.808565660589103,-0.17837916305922796,-0.7052145972534496,-0.686187471473317,-0.690479230169988,-0.40712138203318204,0.5979051872958228,-0.7010130575746433,0.5804520239537863,-0.41431406082560507,0.07106015812616655,-0.09412988759919443,-0.0764073407823653,-0.059102490717370816,-0.03940448993798712,0.0490513694927172
128,0,0.0,0.0,0.0,1.0,0.0,0.0,0.0,1.0,0.0,0.0,0.0,1.0,-0.006290187578891824,0.008769939502106491,0.03339785573858069,-0.006135247888832143,0.008218395661252258,-4.237260721910198e-05
128,1,-2.451226579109391,2.1778829645095326,9.332725046561759,0.5071468571535107,-0.09590483553550455,0.8565070506424478,-0.5608602382741771,0.7178469580769384,0.4124700448550409,-0.6543988526902763,-0.6895636354250374,0.3102646197958385,0.006290187578891867,-0.008769939502106472,-0.03339785573858077,-0.0029755650951065853,0.014942724845323007,-0.007755443825887897
129,0,0.0,0.0,0.0,1.0,0.0,0.0,0.0,1.0,0.0,0.0,0.0,1.0,0.1126810182935862,0.12688698400109233,0.004681335562637379,0.05150638870213011,-0.0009779942273452497,0.015547743510410064
129,1,5.6270121257863,6.017056745019001,-0.11979090261649791,0.2031959487731303,0.8878129194117108,-0.41291600420405394,-0.894750623300191,0.3396358803352302,0.28994618620156565,0.3976590606362529,0.31054096173382373,0.863383797959705,-0.1126810182935861,-0.12688698400109222,-0.004681335562637384,-0.008138620635489703,-0.03886209863762487,0.020438772909156806
130,0,0.0,0.0,0.0,1.0,0.0,0.0,0.0,1.0,0.0,0.0,0.0,1.0,-0.1113273094717207,0.23460781121946872,-0.46770147297904563,-0.6791385453247336,-0.5734706520468942,0.013519228322558752
130,1,-2.684595667656205,3.4827211015319546,-4.139816689074098,0.7521956401721797,0.6415347661327068,-0.15044887087983772,0.5138646302175639,-0.4281702441314339,0.7433797036856699,0.4124861945778684,-0.6364773255061654,-0.6517298162576171,0.11132730947172079,-0.23460781121946875,0.46770147297904563,0.021498088436536333,-0.22124404236832987,-0.25562437204670907
131,0,0.0,0.0,0.0,1.0,0.0,0.0,0.0,1.0,0.0,0.0,0.0,1.0,-0.015318832366236509,-0.04784282803725225,0.0007126710349779873,0.0456823358284258,-0.016597302872394228,0.002976110046667588
131,1,-2.7838661406294873,-8.942073251729301,1.8202655755532913,-0.6597954353657967,-0.7375794460328605,-0.14368905407273652,-0.7406443855948631,0.606008225348569,0.29017223315935287,-0.12694832632715985,0.29787680607884964,-0.9461255365135204,0.015318832366236509,0.047842828037252136,-0.0007126710349779743,0.035031560485741325,-0.00930305957785504,-0.006770202151650816
132,0,0.0,0.0,0.0,1.0,0.0,0.0,0.0,1.0,0.0,0.0,0.0,1.0,0.0565076692715931,0.036429257199516896,0.03920173527231268,0.013345653426037567,-0.08651718006358051,0.00736255359268753
132,1,7.118711240315357,3.938463868703077,3.0865130162638335,-0.09209258779851948,-0.9417355852086583,-0.3235012253829616,-0.1941636180568046,0.33562888838453864,-0.921766640047713,0.9766368028574712,-0.02207570686217475,-0.21375972134822785,-0.0565076692715933,-0.036429257199516764,-0.03920173527231266,0.028609588015297574,-0.01813699673379568,0.02941339537905959
133,0,0.0,0.0,0.0,1.0,0.0,0.0,0.0,1.0,0.0,0.0,0.0,1.0,0.0034599381179861704,-0.01487148794053049,0.023445946345595665,0.017836256704279074,-0.023258401657869906,-9.887238538968356e-05
133,1,3.447672782751219,-3.3329621115138854,8.607497758949698,0.6662295263839976,0.6685702453402154,0.330381665986293,0.041464846207381834,-0.4755458685892444,0.8787131462523473,0.7445931000910178,-0.5717254182852335,-0.3445448612059425,-0.0034599381179861825,0.014871487940530469,-0.02344594634559568,0.03202559157762622,-0.027794139827015157,-0.03964130917075965
134,0,0.0,0.0,0.0,1.0,0.0,0.0,0.0,1.0,0.0,0.0,0.0,1.0,-0.06310690874318653,0.003485553082232199,-0.0669683741182501,0.02819406096881482,-0.1455417189724991,0.0027337318033186647
134,1,-7.176964064065072,-0.2015455906702161,-4.213270630981809,0.6862162609172479,-0.2775446114197791,-0.672366144243295,-0.012702480515692505,-0.9287761498805982,0.37042342042819193,-0.7272866630438785,-0.24564985667574982,-0.6408668018189767,0.06310690874318675,-0.0034855530822322242,0.06696837411825021,-1.1302016830638589e-05,-0.06920141028333046,-0.04046834021590793
135,0,0.0,0.0,0.0,1.0,0.0,0.0,0.0,1.0,0.0,0.0,0.0,1.0,-0.34686975309014956,-0.17500793663531783,-0.06883636159968845,0.11235695288537512,-0.058943597777475036,-0.027543537316589935
135,1,-6.4418901468587135,-3.719500491563565,-1.1159015201813456,0.6415176005401012,-0.29687580612524517,0.7073329653951927,0.3888820646332182,-0.6689502002009233,-0.6334637870137095,0.6612306012306726,0.6814472726400999,-0.3136936508880803,0.34686975309014956,0.17500793663531763,0.0688363615996884,-0.05161169461303817,0.002579803021064019,-0.1352567771776263
136,0,0.0,0.0,0.0,1.0,0.0,0.0,0.0,1.0,0.0,0.0,0.0,1.0,-0.03523938072451195,0.031901297102583305,-0.004708955330623151,0.02645771793505413,0.031122469823797246,0.003134090832034161
136,1,-6.607345571215732,6.26360865875858,-2.793633934470023,-0.6269542219172195,0.7634634625476687,-0.1550868949166813,-0.7753852706254548,-0.6308130574015056,0.02919877923568446,-0.07553863724785717,0.13855839190207367,0.9874692330985548,0.03523938072451208,-0.03190129710258324,0.004708955330623186,0.033167774821733845,0.03620976484906249,0.0068087052765183126
137,0,0.0,0.0,0.0,1.0,0.0,0.0,0.0,1.0,0.0,0.0,0.0,1.0,-0.1804954398358554,0.12278536209332293,0.11855967724141757,0.13021732134160882,0.2714819130807272,-0.013511048984492416
137,1,-5.940344737357374,3.6121983098347963,2.6678354586706026,0.09576019656976242,-0.7882329449898587,0.607880587932807,0.5776551289174977,-0.45332992516386206,-0.6788273204477238,0.8106445193722275,0.4161499770317691,0.41191584071048837,0.18049543983585506,-0.12278536209332283,-0.11855967724141751,-0.029527398393877045,-0.04872869283932466,-0.06389100784313277
138,0,0.0,0.0,0.0,1.0,0.0,0.0,0.0,1.0,0.0,0.0,0.0,1.0,-0.2543763337396579,0.08138682148031132,-0.012046045189275696,-0.057525838214420005,-0.022022886980735824,0.02084947551986943
138,1,-7.4179920932678325,2.592233712412998,-0.23349698497484855,-0.3636354709362206,0.8814273059925187,0.30142187798460046,0.8280266120055869,0.15759580877867052,0.5380850219676677,0.4267800066633179,0.44525213677888975,-0.7871526920530036,0.2543763337396578,-0.08138682148031127,0.012046045189275729,0.0453032512058679,-0.007938474011292537,0.03482663420294235
139,0,0.0,0.0,0.0,1.0,0.0,0.0,0.0,1.0,0.0,0.0,0.0,1.0,-0.1283809556277625,-0.3080219317312276,-0.18480005029639576,0.35205875080726085,-0.13448471227381953,0.044193552379361144
139,1,-2.396064668804902,-6.146092586657513,-2.123735664046749,-0.819083974971667,-0.21167863463788836,-0.5331918956458856,0.29366718718824797,0.643707788158654,-0.7066822954007238,0.492809319223527,-0.7354131077848237,-0.4650876646232527,0.12838095562776242,0.3080219317312276,0.18480005029639576,0.1295823066071712,-0.03566094498366055,-0.09519432419292884
140,0,0.0,0.0,0.0,1.0,0.0,0.0,0.0,1.0,0.0,0.0,0.0,1.0,0.16801340907891776,-0.08785453317802136,-0.0762138352055876,0.04512265265769392,0.19787564001652616,-0.03232562420112384
140,1,6.862609639444576,-2.9430627469681316,-1.907945835982508,0.7841878533449624,-0.29515449954568007,0.5458326044348751,0.5499809811232776,-0.07673970614383108,-0.8316441173384413,0.28735053692119084,0.9523627664387649,0.10215101581582908,-0.16801340907891793,0.08785453317802142,0.07621383520558768,0.011557755790246387,0.004589675883032732,-0.07611173680398846
141,0,0.0,0.0,0.0,1.0,0.0,0.0,0.0,1.0,0.0,0.0,0.0,1.0,0.28230307850363495,0.06726876252273084,0.09400986887971574,0.016532121976751343,-0.0030501638867722466,0.02325735016256517
141,1,7.060695371112145,1.735627191233343,2.574838907541304,-0.12453254841045047,0.9599191364014386,0.25109140956375914,0.854082990099601,0.23250726264033406,-0.46527692704670376,-0.5050088023083597,0.15651078042682967,-0.848805328212106,-0.2823030785036348,-0.06726876252273094,-0.09400986887971571,-0.02657226431051929,0.06616006809874912,-0.03826600921766618
142,0,0.0,0.0,0.0,1.0,0.0,0.0,0.0,1.0,0.0,0.0,0.0,1.0,0.022691256889343696,0.10788956567296017,0.02127442536901316,-0.01751183992463475,0.013276491689480599,0.006968820896534236
142,1,1.7444801848622113,8.206866942478108,1.813922762451031,-0.28766411279495085,-0.5763606104182171,0.7648907143953535,0.9545265972115691,-0.10725589190617768,0.2781638885030071,-0.07828367279067094,0.810126299048334,0.5810052032165052,-0.022691256889343658,-0.10788956567296043,-0.021274425369013143,-0.0035951207993313427,-0.009229117809849662,-0.004981737475097852
143,0,0.0,0.0,0.0,1.0,0.0,0.0,0.0,1.0,0.0,0.0,0.0,1.0,0.16832548533144703,-0.011785503413979673,-0.22194618084266138,0.056594457372431746,0.040828680296866725,-0.0024335077605539754
143,1,3.541524783280464,-1.0775843236172835,-6.296752004146354,-0.2876490532976468,0.11340069996076835,-0.9509985822204863,0.9563485160251457,0.08743721386091174,-0.27884090361484376,0.05153191276742003,-0.9896944047940499,-0.13360182291376854,-0.1683254853314472,0.011785503413979666,0.22194618084266166,0.10836087554849712,-0.31470461739783073,0.1420797595949468
144,0,0.0,0.0,0.0,1.0,0.0,0.0,0.0,1.0,0.0,0.0,0.0,1.0,0.04478555784640327,-0.0828375456429209,0.0282868823301471,-0.044099671342886566,0.0052825255330447825,-0.01446772744099491
144,1,3.983485178451956,-7.446588032168264,2.1211584321914123,0.17416455359258498,-0.02543978235171842,-0.9843878939451626,-0.1089700411368553,0.9930285367736879,-0.04494280017689713,0.9786686049968741,0.11509623202783677,0.17017819768250786,-0.04478555784640317,0.08283754564292081,-0.02828688233014705,0.009170470358383892,-0.0229656383735056,0.01798519122608809
145,0,0.0,0.0,0.0,1.0,0.0,0.0,0.0,1.0,0.0,0.0,0.0,1.0,-0.20831670072708885,-0.16836791102954224,0.013716842168226093,-0.056809970066011635,0.03496338000762922,-0.042227833211185256
145,1,-5.693340233762282,-5.263467998335634,0.21633157134541098,0.19692150761251948,-0.2273756421384298,-0.9536887527918892,-0.12215990645500258,-0.9708455964323055,0.20624205473885887,-0.9727789456472203,0.07588903247596542,-0.21895656568220212,0.20831670072708874,0.16836791102954252,-0.013716842168226068,0.02103510503249824,-0.001934209816883456,-0.09566465264570556
146,0,0.0,0.0,0.0,1.0,0.0,0.0,0.0,1.0,0.0,0.0,0.0,1.0,0.05533837947092346,0.09700098940976035,-0.07458623927732727,-0.06062112007881247,0.11428401880645594,-0.00534851664060728
146,1,4.2505302677710555,5.579499579934088,-3.9785585626857034,0.05035121064873205,0.9962783087589799,0.06995918154576841,0.2128321207324832,0.057735411304552064,-0.975381520568238,-0.9757905738275611,0.06400120137810672,-0.20913297743645876,-0.055338379470923516,-0.0970009894097604,0.07458623927732731,0.030391346367289178,-0.017419934688155364,0.1088936931182831
147,0,0.0,0.0,0.0,1.0,0.0,0.0,0.0,1.0,0.0,0.0,0.0,1.0,0.18229144355538418,-0.3031092685918047,-0.2683985297915093,0.21251014290421222,0.3062171293070805,0.025161587838277044
147,1,3.856663601040929,-4.509169433450481,-3.7110500825145123,0.8948716620188822,-0.3870236891154417,0.22230018573774807,-0.19323084522044512,0.11302111015431282,0.97462201345695,-0.40232642092081866,-0.9151168738051773,0.026354474118897575,-0.1822914435553844,0.3031092685918047,0.26839852979150935,-0.1271093726038206,0.05241303446483384,-0.3721690658949263
148,0,0.0,0.0,0.0,1.0,0.0,0.0,0.0,1.0,0.0,0.0,0.0,1.0,-0.006965113622485291,-0.015334616632119921,0.03172167974476018,0.04356884611195236,0.03366703063327921,-5.88160545220524e-05
148,1,-3.475887126086145,-0.1684689707560817,8.196200117644622,-0.829565858367513,-0.49658109867344796,-0.2553971399041943,0.5092403626715617,-0.4850996063421844,-0.7108815829326246,0.22911730545095804,-0.7197816226932506,0.6553012101133062,0.006965113622485263,0.015334616632119876,-0.031721679744760076,0.07677262179500997,0.019506482517338105,0.0521868070663948
149,0,0.0,0.0,0.0,1.0,0.0,0.0,0.0,1.0,0.0,0.0,0.0,1.0,-0.25163893805846127,0.3915434525219853,-0.4418506496315388,-0.3718570045733327,-0.14562106509158568,-0.03793816684348347
149,1,-2.5489743004497196,4.844606124365499,-4.008997203836504,-0.7059760432760507,0.4411428908714067,-0.5540674833934132,0.6909946269615411,0.600597678407577,-0.4022547130882487,0.15531983720881443,-0.6668398447341362,-0.7288349399173866,0.2516389380584616,-0.39154345252198536,0.4418506496315392,-0.19903875234536522,0.02817491359653856,0.25899550930244025
150,0,0.0,0.0,0.0,1.0,0.0,0.0,0.0,1.0,0.0,0.0,0.0,1.0,-0.027873672338180888,0.16258940052527568,0.12325896321588295,0.1558559331287412,-0.02848619650738323,-0.004800532347681408
150,1,-0.5933041111403121,6.8518843281751725,3.520124525375083,-0.42218021233930814,-0.6388483031255981,-0.643145950700679,0.5680654480240171,-0.7393366111828001,0.36150106794587133,-0.7064456915222918,-0.21273039500333912,0.6750409350338054,0.027873672338180753,-0.16258940052527573,-0.12325896321588287,0.11636528888223101,0.003497448508359844,0.0993227512508674
151,0,0.0,0.0,0.0,1.0,0.0,0.0,0.0,1.0,0.0,0.0,0.0,1.0,0.034593692012068286,0.1109602215952169,-0.6465099750689535,0.3720793864383942,-0.027318486145224183,0.0001622896544610855
151,1,-0.04809282711573603,-1.0489866774815018,-5.256280429001894,0.44543608018918546,0.8902691239307612,0.09490830017047258,0.8366495799185434,-0.4516448260605668,0.3098942263335105,0.3187541041113326,-0.05863307998285025,-0.9460221895092664,-0.03459369201206798,-0.11096022159521679,0.6465099750689531,0.8893390054364866,-0.18560815260431734,0.030789641637193846
152,0,0.0,0.0,0.0,1.0,0.0,0.0,0.0,1.0,0.0,0.0,0.0,1.0,-0.0074613155879572155,-0.07178951742718341,0.029813220264000698,-0.0967390805949622,0.02791963763873285,0.010521059417193872
152,1,-1.1476153185906546,-8.454072747639177,1.8450010661458212,-0.9585551722601227,-0.08026492822674605,-0.2733670115981844,-0.25260350957040933,-0.20434133280581568,0.9457463119990768,-0.13177043934843152,0.9756034855431268,0.1755972389020486,0.007461315587957243,0.07178951742718309,-0.029813220264000694,-0.022852316167043203,-0.007471664581879947,0.008787185722787591
153,0,0.0,0.0,0.0,1.0,0.0,0.0,0.0,1.0,0.0,0.0,0.0,1.0,-0.378274958305298,0.13525804473805092,-0.10373864950073153,-0.10913694434256625,-0.34575461557942233,-0.07408925381127177
153,1,-6.593184308007307,2.245604121411408,-1.1529103788205994,0.4746288594636753,0.047111187944600896,0.8789243322008212,0.3761726284579864,-0.9136339991233724,-0.15416572007046078,0.7957522223426213,0.4037987761451023,-0.45135900237006155,0.3782749583052979,-0.1352580447380508,0.10373864950073161,0.03212140907154954,0.09790370503543665,0.03176384110971114
154,0,0.0,0.0,0.0,1.0,0.0,0.0,0.0,1.0,0.0,0.0,0.0,1.0,-0.1664693450228926,0.03694316766004223,-0.11642129023996586,-0.04451631619548645,-0.33057130690192754,-0.024589144922768286
154,1,-6.825040763846011,1.276442166022239,-2.7881782967706217,-0.2206113628764772,0.15601074331276504,-0.9628038608879703,-0.9315564093587696,0.25880456211274805,0.25538765595115454,0.28902124965541875,0.953247526406771,0.0882375806954887,0.16646934502289246,-0.03694316766004219,0.11642129023996589,-0.0010845894058312128,0.0001374701050611618,-0.015060988965293585
155,0,0.0,0.0,0.0,1.0,0.0,0.0,0.0,1.0,0.0,0.0,0.0,1.0,0.06541684771319567,0.018052413359868014,0.04556856680240304,0.008976420811712862,-0.06440796255792935,0.0072786663018300085
155,1,7.70014916111918,1.9498436321379762,3.632367515301567,0.7412166882214499,-0.4608125130138759,-0.48810823487405164,-0.6168027922619977,-0.7544597279625662,-0.22437654587869316,-0.26486248613163166,0.46737816244716324,-0.8434485856930962,-0.06541684771319571,-0.018052413359867986,-0.04556856680240316,0.01430215913242645,-0.04885876629215589,0.004174985339219258
156,0,0.0,0.0,0.0,1.0,0.0,0.0,0.0,1.0,0.0,0.0,0.0,1.0,0.2576295608027051,-0.0283644295773445,-0.27028317100039634,-0.09184989868372337,0.14391013313911288,-0.01429948509182152
156,1,4.525014768591627,0.49163892010999566,-5.34811385499777,-0.4595960980306786,0.4175604497853871,0.7838460929608565,-0.7176982801481009,0.34526127792658956,-0.6047345108698166,-0.5231449181129763,-0.840498614359074,0.14100168053269369,-0.2576295608027054,0.028364429577344506,0.270283171000396,-0.1927280264425214,-0.29870701624648355,-0.24071069670979453
157,0,0.0,0.0,0.0,1.0,0.0,0.0,0.0,1.0,0.0,0.0,0.0,1.0,0.32242957822288476,-0.08501257787319799,-0.08410925539886559,-0.013288531654590301,-0.01035300200392037,-0.03580905827907205
157,1,7.185448991747792,-1.6013795013608352,-1.7059785079762662,-0.4643169593739973,0.8603350595723889,-0.2103172520461882,-0.8092535112712362,-0.3156266247856916,0.49546804964757063,0.359886809612218,0.4002541929786202,0.8427799625466736,-0.32242957822288465,0.08501257787319795,0.0841092553988655,0.002949738365722439,0.06465783562226333,-0.05871236648723133
158,0,0.0,0.0,0.0,1.0,0.0,0.0,0.0,1.0,0.0,0.0,0.0,1.0,-0.025959422334004063,0.05663333360780337,-0.020960070937764655,-0.027685958293987248,-0.028130759139666374,0.00039811061866170533
158,1,-3.775679723026474,8.004041942979713,-2.1120985248455932,0.7552293584836297,-0.6094960272533692,-0.24112902945677303,0.020324337699309913,0.3894760672228028,-0.9208123122318376,0.6551454322373693,0.6905237040268922,0.3065313634776897,0.025959422334004056,-0.056633333607803545,0.020960070937764624,-0.020464148249581197,0.003821101924245479,-0.006447134792146395
159,0,0.0,0.0,0.0,1.0,0.0,0.0,0.0,1.0,0.0,0.0,0.0,1.0,0.0625531585062026,0.06898696056225329,0.035858829494329114,0.04171776995644925,-0.06076691813178307,-0.015902577108919628
159,1,5.575066437182698,6.111692245372921,2.104477173046134,-0.8633455641481167,-0.5035761808366085,-0.032333681506836104,-0.08255775751505767,0.20417107829707226,-0.9754477881778684,0.4978138743946928,-0.839479124744044,-0.21784431500298274,-0.06255315850620251,-0.06898696056225352,-0.03585882949432902,0.032258876451095486,-0.007506744480468418,0.01820381177684417
160,0,0.0,0.0,0.0,1.0,0.0,0.0,0.0,1.0,0.0,0.0,0.0,1.0,0.1216470077157486,0.3565104907171775,-0.03708646557073879,-0.02851471485822783,0.02435949925779115,-0.00357053655812499
160,1,2.706929924859542,6.969030367652565,-0.6258203641026805,0.34176009472576196,-0.6784250098503941,0.6503380226178775,0.43428256475043314,-0.49967886337422796,-0.7494796110974772,0.8334258764922194,0.5385726873009181,0.12385785758942969,-0.1216470077157486,-0.35651049071717805,0.037086465570738775,-0.006830464826102674,-9.821045775670889e-05,0.12085776150169483
161,0,0.0,0.0,0.0,1.0,0.0,0.0,0.0,1.0,0.0,0.0,0.0,1.0,0.09573646416740975,-0.002381768874848234,0.023496072935347705,0.01319335128041392,-0.05534757636871806,0.009974416415064729
161,1,8.567349088339455,-0.22525746466728105,1.3426157114746022,-0.0649981187912192,0.7504099044877004,0.6577691234775034,-0.042746775912833324,0.6564640958669807,-0.7531451413815304,-0.9969693865423654,-0.07707052669021991,-0.010591327255426108,-0.09573646416740951,0.0023817688748481915,-0.023496072935347605,-0.01528821678699552,-0.01741420172130042,-0.008814508619069827
162,0,0.0,0.0,0.0,1.0,0.0,0.0,0.0,1.0,0.0,0.0,0.0,1.0,0.025806394541475555,0.058383497265668424,-0.016449104203605708,0.008678288066306834,0.002931811721856463,0.0018426602180977303
162,1,3.5901953157229785,8.13309962090967,-2.3392468542445064,0.08853765037052785,0.9845617133779654,-0.15099442710613872,0.7633232342534442,0.03032270050358954,0.6453047139786219,0.6399208736365204,-0.17239131760159634,-0.7488541307223038,-0.025806394541475524,-0.05838349726566847,0.016449104203605715,-0.005887078910447978,-0.00424384211277122,-0.002120479481689668
163,0,0.0,0.0,0.0,1.0,0.0,0.0,0.0,1.0,0.0,0.0,0.0,1.0,0.24375444914388164,0.050051843029990814,-0.33243085175834,0.11006228356828755,0.5895773101313454,-0.010899558330119977
163,1,5.135300158129961,-0.2401412024194704,-4.142161011468508,-0.535966043715522,0.5373597062282931,0.6511412643245498,0.8228320613459239,0.15990749868216048,0.5453228316203461,0.18891214573221202,0.8280544293628632,-0.5278617841891888,-0.24375444914388164,-0.05005184302999071,0.33243085175833975,0.17709085364525837,0.10788471985476376,0.3264662822692344
164,0,0.0,0.0,0.0,1.0,0.0,0.0,0.0,1.0,0.0,0.0,0.0,1.0,0.07250781181532438,-0.14352677403736036,-0.18871350522122454,0.06356913785562165,-0.0135791033647711,0.0030078528864784064
164,1,1.3764093840609302,-4.2652674917738365,-6.033403407201661,0.5387412189591396,-0.0058216130789530696,0.8424511901680591,0.7255411164259444,0.5114504696893885,-0.46044381354286656,-0.4281915311747939,0.8592930384191779,0.27976326913038907,-0.07250781181532436,0.14352677403736033,0.18871350522122418,-0.12461048627851398,-0.16414273600501914,0.10870576110006391
165,0,0.0,0.0,0.0,1.0,0.0,0.0,0.0,1.0,0.0,0.0,0.0,1.0,-0.2212606371943946,0.4528570964028191,-0.3829866565107415,-0.35385485261895944,-0.23291817431285516,-0.008164476295469097
165,1,-2.9324370023613096,5.345551472452172,-3.0597913120573534,-0.5504144320921727,-0.7769763979380007,0.3055349897997621,-0.7126088933057775,0.6278857767000956,0.3129664783954227,-0.43500864143849605,-0.04546568447749669,-0.899277684260444,0.22126063719439473,-0.4528570964028191,0.3829866565107414,-0.30777182384470386,-0.2131546932622007,-0.137050305027858
166,0,0.0,0.0,0.0,1.0,0.0,0.0,0.0,1.0,0.0,0.0,0.0,1.0,-0.3585098486313121,-0.206873965071034,-0.37641450546180616,0.13789237453636,-0.1841425465022057,0.021381672535012546
166,1,-4.358603790386365,-2.765365268481377,-4.6482621732126574,-0.550815807437179,0.2744082357266131,-0.788227166775376,-0.8343019578425752,-0.1546788127316674,0.529164159814294,0.023284961184734942,0.9490914524203289,0.31413886344305775,0.3585098486313122,0.20687396507103398,0.3764145054618062,-0.058573201041890725,0.20994862435709166,-0.11111070805769417
167,0,0.0,0.0,0.0,1.0,0.0,0.0,0.0,1.0,0.0,0.0,0.0,1.0,-0.00923042148820348,0.02145904907067936,-0.055775468385812224,-0.12592356542636463,-0.0727407066748717,-0.0005752232355225526
167,1,-2.902195463405045,5.622150504839971,-5.606852278507616,0.3122261789157422,0.9318096006049006,0.18505588728870695,-0.754652533369832,0.36159632013534415,-0.547492150759326,-0.577073970196343,0.031288488060521036,0.8160923130606714,0.009230421488203473,-0.02145904907067936,0.05577546838581226,-0.06733679414007013,-0.037376994891004815,-0.009808312796600466
168,0,0.0,0.0,0.0,1.0,0.0,0.0,0.0,1.0,0.0,0.0,0.0,1.0,0.101962615242499,0.07303667020861573,0.10238267459804495,0.16530414213447045,-0.1251759536371298,-0.01840571200807771
168,1,5.232939060296645,4.623126279794773,3.378695818173675,-0.45145849735544963,-0.35863197422173715,0.8170485494946911,0.7584541976393289,-0.6365860582022949,0.13966180789946242,0.4700345255923668,0.6827454119716103,0.559398111529593,-0.10196261524249883,-0.07303667020861557,-0.10238267459804512,0.061255199188248954,-0.06608568163473842,-0.07078388970745311
169,0,0.0,0.0,0.0,1.0,0.0,0.0,0.0,1.0,0.0,0.0,0.0,1.0,0.025276477395640436,0.025161668301218645,-0.04526889609682598,-0.07885064278561052,0.11148855458989525,-0.0023689977638294557
169,1,5.415086056434051,4.707482742748671,-4.605682457028824,-0.7805437554578907,0.22987326599219157,0.5813000321673614,0.5972485537237412,-0.0002464400927844057,0.8020561728097227,0.1845145275868316,0.973220540704605,-0.13709911837807165,-0.025276477395640314,-0.02516166830121873,0.045268896096826064,-0.018365250088979546,0.017230984937602663,0.019633015800923827
170,0,0.0,0.0,0.0,1.0,0.0,0.0,0.0,1.0,0.0,0.0,0.0,1.0,0.0018551038336514687,0.0174315889074941,0.05316437250338951,-0.0850482205899689,0.051137179665516425,-1.0818846036441537e-05
170,1,-1.6820926973431263,-1.532391310575505,7.717387042843686,-0.8607006511099216,0.5070278219612369,-0.04601279100643224,-0.4894033954528063,-0.7990934055500247,0.3491905578988757,0.14028081015670463,0.32306735669780734,0.9359213521114209,-0.001855103833651465,-0.017431588907494126,-0.053164372503389457,-0.13094672023729712,0.0526067773702167,-0.026467984563443882
171,0,0.0,0.0,0.0,1.0,0.0,0.0,0.0,1.0,0.0,0.0,0.0,1.0,-0.08041552830301882,-0.03127318132087376,0.06375476373062826,-8.984082903324819e-05,-0.0032362989856487825,0.0031041974397523348
171,1,-4.9765508847868904,-1.9495472074339022,6.115990128436769,0.3576483912198021,-0.22072041057058078,-0.9073974479881688,-0.9189470011276023,-0.2561161984807869,-0.2999014871492576,-0.16620480551558564,0.9411094480629254,-0.29442990573347316,0.08041552830301879,0.031273181320873616,-0.0637547637306282,0.06706338748065553,-0.17130545243560463,-0.0042454879047294294
172,0,0.0,0.0,0.0,1.0,0.0,0.0,0.0,1.0,0.0,0.0,0.0,1.0,0.09686045014193463,-0.04812360783861157,-0.12592345736175498,0.015907963522725294,0.03658835404428772,-0.001919819370107819
172,1,4.842204051380723,-2.2322083111857993,-6.062023293800214,0.5860185618724371,-0.6234031970151066,0.5176395455259428,0.8098982719845564,0.470685737946858,-0.3500281776226753,-0.025436866501007155,0.6243583826976025,0.7807237512576675,-0.09686045014193459,0.04812360783861168,0.12592345736175495,-0.02654700712593539,-0.01401158365171239,-0.01489180764105026
173,0,0.0,0.0,0.0,1.0,0.0,0.0,0.0,1.0,0.0,0.0,0.0,1.0,0.009368914969800902,-0.006508589622368256,-0.040888772045902654,0.06916261130928451,-0.028803382765109714,-9.030255067616483e-06
173,1,0.19368470486214429,-4.6471345135397595,-7.63007137611905,0.8433848365801159,-0.17020613152488728,-0.5096389802772783,0.21183536015998855,0.977004076524083,0.024265503110622588,0.49378922387251345,-0.12842471431409327,0.8600461005903837,-0.009368914969800935,0.006508589622368263,0.04088877204590283,0.07119200910495231,-0.034762577425375446,0.04228702410557156
174,0,0.0,0.0,0.0,1.0,0.0,0.0,0.0,1.0,0.0,0.0,0.0,1.0,-0.0016344885891734252,0.20790457154835845,0.061217832857063205,0.184031627901023,0.020172904789552845,-0.012034754067957898
174,1,-0.2976832053602404,7.440893139233065,1.3133779106332302,0.811735751720337,-0.5169966895279143,-0.2716606198848057,-0.16963914088672122,0.23637679517506138,-0.9567385079435143,0.558844908054314,0.8227031261153347,0.10417262126787818,0.0016344885891734122,-0.20790457154835856,-0.06121783285706316,-0.0015735471874643546,-0.0040960852876572714,-0.037692890270269966
175,0,0.0,0.0,0.0,1.0,0.0,0.0,0.0,1.0,0.0,0.0,0.0,1.0,-0.09331500015592448,0.045055102762778715,0.08622603542066291,-0.020671996865974415,0.02617550280825958,0.004717120656215525
175,1,-5.866186377349656,2.1007694090928246,5.482005149219431,0.5779689079515581,-0.8160570615972516,0.0016773963583314178,-0.1017630549105078,-0.07003350149326426,0.992340460388406,-0.8096889662682605,-0.5737126291845528,-0.12352164594751436,0.09331500015592481,-0.04505510276277865,-0.08622603542066311,-0.0451792909991057,-0.03191081980488801,-0.0729854529762585
176,0,0.0,0.0,0.0,1.0,0.0,0.0,0.0,1.0,0.0,0.0,0.0,1.0,-0.016118047129164908,-0.000690143873081871,0.019057957480225544,0.026592301961805936,0.020078437048405277,-0.00012987617127380516
176,1,-5.045456426646836,1.5521953864955114,7.227548579704801,-0.037083824213678174,-0.2688490880707619,-0.962468159382537,0.9893236941030206,-0.14571188512004252,0.002583567517337071,-0.1409376396426522,-0.9520967463332093,0.2713823269000297,0.016118047129165043,0.0006901438730818818,-0.019057957480225443,0.007977420084712396,-0.04041631163705061,0.02863032540423275
177,0,0.0,0.0,0.0,1.0,0.0,0.0,0.0,1.0,0.0,0.0,0.0,1.0,0.1072215773544482,0.1843718484637901,0.5524242801777404,0.35723924960367204,-0.6776126049014101,-0.0075797200158929726
177,1,3.206322430605835,2.0790911316528518,4.634924857457596,0.9480607478861643,0.3155460498576668,-0.04014360144219051,-0.24633699571661588,0.8081771739142098,0.5349464834031091,0.20124339208738898,-0.49727290895771087,0.8439317218578157,-0.10722157735444812,-0.18437184846379,-0.5524242801777409,-0.06324849123664755,-0.5966738017078179,0.3758118827181397
178,0,0.0,0.0,0.0,1.0,0.0,0.0,0.0,1.0,0.0,0.0,0.0,1.0,0.017942333368724753,-0.025791022842149378,-0.036663807928122606,0.09548141908523258,0.058376284326901146,0.0013194361506939332
178,1,4.359065667203892,-6.547894158810913,-4.334278474164576,-0.17681940439462984,0.8097432190951456,-0.5595094434939941,-0.6115188217837914,0.35504904456327413,0.7070961084314279,0.7712195723875864,0.4671788684049579,0.43239365869791757,-0.01794233336872484,0.025791022842149448,0.036663807928122606,0.032803839555671496,0.023676592745187568,0.003740301516532046
179,0,0.0,0.0,0.0,1.0,0.0,0.0,0.0,1.0,0.0,0.0,0.0,1.0,0.008731751470958608,0.0058724032330013855,0.01103816721719485,-0.011309617508107534,0.011451667530232839,2.323436759730374e-05
179,1,2.728031697004693,1.2902478100399664,9.39855419361592,0.40855516250843216,-0.5376711440764808,-0.7375584180356135,-0.8773083203388001,-0.008385302326244348,-0.4798539337852828,0.25181896324943764,0.8431129387765235,-0.47512922685895953,-0.008731751470958653,-0.005872403233001396,-0.01103816721719467,-0.029640511445180977,0.040501701829412616,0.004730744576405724
180,0,0.0,0.0,0.0,1.0,0.0,0.0,0.0,1.0,0.0,0.0,0.0,1.0,0.2490063089444698,0.05385675859326643,-0.45963688178575,-0.2444481942268456,0.2543515851508792,-0.010599572759155497
180,1,3.5991827544093544,1.929686240937131,-5.319567233645208,-0.8642240063158404,-0.3569150596189221,-0.35458215849732216,-0.07226908396584772,-0.6094063964390448,0.7895574858627558,-0.4978895925907028,0.7079798614342075,0.5008697129927746,-0.2490063089444699,-0.053856758593266496,0.4596368817857503,-0.3560121240592824,0.07535975103094561,-0.2760641587802563
181,0,0.0,0.0,0.0,1.0,0.0,0.0,0.0,1.0,0.0,0.0,0.0,1.0,-0.07699177504110631,0.06905653141234239,0.09504274765524652,-0.023596736989461086,0.1207464541687054,-0.0011764421649474062
181,1,-5.186808871432226,2.5627796127709117,5.285111770967991,-0.1430868763702664,-0.9191004443984576,-0.36712466400006116,-0.05469941262501904,-0.36303069336564375,0.9301702478218372,-0.9881974094628452,0.153176658734344,0.0016706734882321328,0.07699177504110608,-0.06905653141234241,-0.09504274765524642,-0.0978011340075344,-0.0346880240026481,-0.1596936361685371
182,0,0.0,0.0,0.0,1.0,0.0,0.0,0.0,1.0,0.0,0.0,0.0,1.0,0.27958923690521353,-0.2978317129598164,-0.5852671155668383,0.2436215875034803,0.2343159588238597,0.01515942812563641
182,1,2.8886687345050053,-2.702734449999702,-5.258212684018724,0.9078255870733756,-0.2649507809188977,0.32504428489876164,0.4165765401182149,0.48082142327138555,-0.7715405013001045,0.04813200263876816,0.8358300321319793,0.5468742704756151,-0.27958923690521337,0.2978317129598165,0.5852671155668389,-0.2278624825973592,-0.013812812562114689,-0.11984112306387892
183,0,0.0,0.0,0.0,1.0,0.0,0.0,0.0,1.0,0.0,0.0,0.0,1.0,-0.03866350781961149,0.037284203485676626,0.010143990720075702,-0.01200614807907572,0.005363347258514147,-0.0036621028414878937
183,1,-6.612900886760492,5.886692814397539,2.426834057103217,-0.9142118628573168,-0.3809310336036585,-0.13823247609951722,-0.4005614476603387,0.7977986068875371,0.45063056875511537,-0.06137749147048101,0.46734241246216185,-0.881943236866658,0.0386635078196115,-0.03728420348567673,-0.010143990720075696,-0.018761869450745993,-0.03211205957414526,-0.015294445789991184
184,0,0.0,0.0,0.0,1.0,0.0,0.0,0.0,1.0,0.0,0.0,0.0,1.0,-0.0025412938951235586,-0.01319346988476224,0.024751626880543866,-0.01349127935140794,0.06119526758745841,-0.0001206802424629453
184,1,-3.73662370333161,-3.1905112814230474,7.1617665984233625,-0.3478002155552067,-0.8710853141265695,-0.34676416419919665,0.6057935374577599,0.073492785965665,-0.79222029788779,0.7155761315430843,-0.48560188006639826,0.5021370470716275,0.0025412938951234147,0.013193469884762252,-0.024751626880543956,0.02900948649345334,0.013092094375529769,0.04131168570125415
185,0,0.0,0.0,0.0,1.0,0.0,0.0,0.0,1.0,0.0,0.0,0.0,1.0,0.011671180231920972,0.4774779731254938,0.43480438081879286,0.3998603539452218,-0.11838297818009748,-0.02455846662868659
185,1,0.7055190348975245,5.420989024332712,4.042812440311059,-0.2695484232483243,-0.2987702463778831,0.915467087012767,-0.5837253344582087,-0.7054023527762974,-0.4020848848306987,0.76590363717376,-0.6427626782701085,0.01574032995341801,-0.011671180231921052,-0.47747797312549367,-0.4348043808187927,0.02685553247897882,-0.1411953963096702,0.29815892547475803
186,0,0.0,0.0,0.0,1.0,0.0,0.0,0.0,1.0,0.0,0.0,0.0,1.0,-0.021453803841028723,0.010044719037804347,0.05309213561145737,0.006833459809790133,0.0008419208355474224,7.531786313756759e-05
186,1,-3.2892287628871624,1.7308687432769405,8.451504004647223,-0.8546515156426762,0.2805411223216553,-0.43688381235310336,-0.19274021754062778,0.609895709080182,0.7686861730172941,0.48210164421215895,0.7411638838557152,-0.4671767352039744,0.02145380384102872,-0.010044719037804316,-0.05309213561145741,0.0001690750603426036,-0.007526650376606048,0.004019021855427525
187,0,0.0,0.0,0.0,1.0,0.0,0.0,0.0,1.0,0.0,0.0,0.0,1.0,0.2390140347225065,-0.277627169517342,-0.6060751964880309,0.7728579674594499,0.831271950532893,0.04181327535851938
187,1,3.281374586745454,-3.040357991926863,-3.7039464631689976,-0.5952157180196551,-0.7301039586007129,-0.3356582468194619,0.43380659387248743,-0.643564815601493,0.6305839890391816,-0.6764097043472225,0.22972274104969342,0.6997838052638247,-0.23901403472250643,0.277627169517342,0.6060751964880309,0.04151142727820001,0.27219260832150993,-0.2261237833515408
188,0,0.0,0.0,0.0,1.0,0.0,0.0,0.0,1.0,0.0,0.0,0.0,1.0,-0.4998553904021758,0.006754093597355806,-0.13384947739611,-0.002247155313563662,0.008619227092630063,-0.019510889993566247
188,1,-6.994542721423257,0.08445385491624152,-1.7947044564757517,-0.7790313743196582,-0.6113510003602433,-0.13914047644073402,-0.6224024259840634,0.7808361212037611,0.053946009607921994,0.07566596298717965,0.1286270040932122,-0.9888021823717965,0.4998553904021762,-0.006754093597355837,0.13384947739610992,0.0030646528475667123,-0.04774241823168582,0.014483808402496724
189,0,0.0,0.0,0.0,1.0,0.0,0.0,0.0,1.0,0.0,0.0,0.0,1.0,-0.003547871159668939,-0.03679867072513027,-0.0675678297469329,-0.05465826788371975,-0.003209260732121813,6.576996686223288e-05
189,1,-0.2410283296347015,-0.38506114258745455,-7.363277786355237,-0.958363470425891,-0.2756703826715714,0.07446676218925706,0.26756285517448497,-0.7758231687535715,0.5714092485741233,-0.0997475668080156,0.5675422900039047,0.8172797391181335,0.0035478711596689597,0.03679867072513019,0.06756782974693307,-0.1902828211095237,0.013047460490017593,0.007437604848297965
190,0,0.0,0.0,0.0,1.0,0.0,0.0,0.0,1.0,0.0,0.0,0.0,1.0,-0.04311887348202354,0.04605896751211899,0.00805372421993995,0.0026410901582372102,-0.022954763533426046,-0.006799453619250946
190,1,-6.060487383286401,6.669632503272155,1.7065812790025303,-0.6606595604664305,0.4333729481030906,-0.6129574479657943,0.7214925456693788,0.5920622086926653,-0.35904156804119813,0.2073100376436773,-0.6794484740511225,-0.7038269101148229,0.043118873482023506,-0.04605896751211902,-0.008053724219939986,-0.027529081014903294,-0.0018216046992594716,0.015246702205039219
191,0,0.0,0.0,0.0,1.0,0.0,0.0,0.0,1.0,0.0,0.0,0.0,1.0,-0.0006614248570068204,0.022678340607861162,0.029727645784164945,0.08990038634207545,-0.018653741494589364,0.0014863147019373302
191,1,0.4215775653364476,7.834935198427209,4.828010009590849,-0.7290472307281033,-0.6465451556781352,-0.22465417208861266,0.09264276811299793,-0.4184097082772844,0.9035212413306506,-0.6781647682414986,0.637897074525706,0.3649381720613789,0.0006614248570068313,-0.022678340607861162,-0.02972764578416489,0.033522536522990254,0.0029278671314955772,0.01325658581067276
192,0,0.0,0.0,0.0,1.0,0.0,0.0,0.0,1.0,0.0,0.0,0.0,1.0,0.0007839240035641595,-0.009602438719858226,-0.0394068887201038,-0.008260988308072988,0.0013517053949067526,-1.1111969575958863e-06
192,1,0.2762491036005057,-1.4599406060337508,-9.599990177053895,0.9201316824087733,0.2997888319367634,0.25196099554016543,-0.21956936685447248,-0.13781285759517403,0.9658141174266288,0.32426375092928034,-0.9439990850246853,-0.060981532498211255,-0.0007839240035641404,0.009602438719858226,0.0394068887201039,-0.026390612078395163,0.0020087495559334423,-0.0015070714069341795
193,0,0.0,0.0,0.0,1.0,0.0,0.0,0.0,1.0,0.0,0.0,0.0,1.0,-0.023951942329404948,-0.07619167721143744,0.04856829259151235,-0.02763641634855415,-0.03197080457820658,-0.006513225261337725
193,1,-1.48889418142991,-7.361392074618258,4.342915275396014,-0.16670830521200108,0.007468327581101442,-0.9859779739205555,0.7292953622870686,-0.6720431231119313,-0.12839904682097547,-0.6635786430559046,-0.7404743511838227,0.1065885534144323,0.023951942329404907,0.07619167721143735,-0.0485682925915124,0.0010001710072483697,0.0002625966019176272,-0.0563650683005624
194,0,0.0,0.0,0.0,1.0,0.0,0.0,0.0,1.0,0.0,0.0,0.0,1.0,0.12056315176195263,0.03732777626273702,-0.826574088319798,0.5559120451009483,0.4460309719343038,0.0010624032406782412
194,1,1.6663622830556466,-1.8117921534233945,-5.0717702743634385,-0.04728192046007229,0.9955320157056186,-0.08173387120842748,-0.8996947096039344,-0.07799211726624078,-0.4294958197177494,-0.43395143680865944,0.053228144335843414,0.8993625048567806,-0.12056315176195277,-0.03732777626273689,0.8265740883197975,1.130986308397395,0.3198723037030735,0.27957456758818655
195,0,0.0,0.0,0.0,1.0,0.0,0.0,0.0,1.0,0.0,0.0,0.0,1.0,-0.004841973679234024,-0.02038873697376506,0.03699216587713491,-0.0861499305469399,0.028681981097184533,0.0007998898220624474
195,1,-1.478953663345873,-5.09428101318262,6.305709787414375,-0.5759474550104731,0.7829759433277017,-0.235017448792754,-0.14090553305251435,-0.37826695334262883,-0.914909691042822,-0.8052516127411021,-0.49382464922174657,0.3281875317541375,0.004841973679234118,0.02038873697376497,-0.036992165877135025,0.026266900571036568,-0.004504362677646022,0.0046877328358306825
196,0,0.0,0.0,0.0,1.0,0.0,0.0,0.0,1.0,0.0,0.0,0.0,1.0,-0.0036602064881407735,0.043312088881746404,0.03738386970557085,-0.016888555225302176,0.010223449033227517,0.001337782763147926
196,1,-1.3404280600782028,6.295181005159739,6.663622464383855,-0.4663509267062893,0.4968471618381122,-0.7318877720891351,0.15080859376897726,-0.7705991508421586,-0.6192202489960802,-0.8716499189500385,-0.39914890266009345,0.28444080631940727,0.003660206488140765,-0.04331208888174635,-0.03738386970557096,-0.036388626756617026,0.015496704735768627,-0.03635285968173574
197,0,0.0,0.0,0.0,1.0,0.0,0.0,0.0,1.0,0.0,0.0,0.0,1.0,0.013442253753071225,0.01672328511256646,0.08386626876280374,0.002956643478778021,-0.0018176992233981358,7.714216969780668e-05
197,1,1.4198745481069213,1.8620522275393472,8.334261966197792,0.23601790113771592,0.49731671666331606,0.8348482698489387,0.3848544300687569,0.7410336452678066,-0.5502328636473461,-0.8922906578010327,0.45115986070164277,-0.016497335926587642,-0.013442253753071214,-0.016723285112566474,-0.08386626876280362,0.013830490022869638,-0.00523061704340054,-0.001362353821684684
198,0,0.0,0.0,0.0,1.0,0.0,0.0,0.0,1.0,0.0,0.0,0.0,1.0,0.0069256753728012205,0.06373991143084162,-0.12168532968751858,0.029482987962400266,-0.04521400622779115,-8.206808184322428e-05
198,1,-0.887451083427219,1.969258769594384,-7.4471735507277215,-0.6107511134630821,0.7092744779897844,-0.3520124888067525,0.012847876293452964,-0.4356244961396907,-0.9000367939355528,-0.7917183902615584,-0.5542210869638212,0.2569454753177941,-0.006925675372801184,-0.06373991143084153,0.1216853296875187,0.20556929195296086,-0.11435247789784679,-0.07012243233826455
199,0,0.0,0.0,0.0,1.0,0.0,0.0,0.0,1.0,0.0,0.0,0.0,1.0,-0.2566753815315638,-0.15927860896738832,-0.06635079427059914,-0.024258180408885874,0.058668751476183376,0.004430458037572775
199,1,-6.328394527718185,-3.9542321964723466,-1.978190673669332,0.851944024016207,0.5037479446019014,-0.14293141100693058,-0.4589485421521461,0.8497662909231726,0.2593520512105,0.2521063577133514,-0.15535526743575073,0.9551476981495972,0.2566753815315637,0.15927860896738827,0.06635079427059916,-0.028458831399110058,0.029190091058259256,-0.011406638359721603
200,0,0.0,0.0,0.0,1.0,0.0,0.0,0.0,1.0,0.0,0.0,0.0,1.0,-0.02535563422955115,-0.04366083255452985,0.03699748355892247,0.013154619369287366,0.03707386497363341,0.002376075023986457
200,1,-4.7811056326629355,-5.409462534894937,5.338416511933265,0.7378537497430451,0.6191156131403064,-0.2688265268831005,0.12268519807187489,0.2686295623122156,0.9553986081348518,0.6637169473233244,-0.737925481209214,0.12225300821639251,0.025355634229551255,0.04366083255453,-0.03699748355892231,0.019788588867186103,0.004456075622708198,0.06921062401597299
201,0,0.0,0.0,0.0,1.0,0.0,0.0,0.0,1.0,0.0,0.0,0.0,1.0,-0.007164687592156734,0.01152336985180924,-0.05163349634153527,0.037068294407184316,0.0041006404002423,-2.537378027086352e-06
201,1,-0.8445873984265049,-0.4854426036614662,-8.954953547774037,0.9668523998091868,0.18725291184601936,0.17358797190013853,0.07021395354729229,0.45865311582470136,-0.8858370730961489,-0.2454922355400982,0.8686619977583225,0.4303020984611218,0.007164687592156674,-0.011523369851809235,0.05163349634153532,0.09118804622976653,0.01644980382507269,-0.013208000185376417
202,0,0.0,0.0,0.0,1.0,0.0,0.0,0.0,1.0,0.0,0.0,0.0,1.0,-0.03628976379590129,0.03904329315482881,-0.01584676699028828,-0.013720954057487682,0.0057056265643673386,-0.004015203710695803
202,1,-6.148565000387253,6.671035224529796,-2.5325726150871866,-0.40919742583890706,-0.045048516923308246,0.911333143153382,0.9116135026224584,-0.06283619330432466,0.40621722593636345,0.03896522197069002,0.9970066418705705,0.06677924485004971,0.03628976379590137,-0.039043293154828816,0.015846766990288377,0.006886588317098661,-0.011234041452664024,0.006045270491379757
203,0,0.0,0.0,0.0,1.0,0.0,0.0,0.0,1.0,0.0,0.0,0.0,1.0,-0.13952091787208853,-0.06038501366055326,-1.2005173936646303,0.050083991261067606,-0.09096339982139694,-0.0001157712485491541
203,1,-0.511466565115296,-0.2695010009857158,-5.762507692564188,0.515479574463928,0.2998851650459251,-0.8027139565847015,-0.7298635069002581,-0.3371654809294351,-0.5946584732137259,-0.44897669160630665,0.8924059201142722,0.0450733195943509,0.13952091787208837,0.06038501366055313,1.2005173936646296,-0.07451245770221793,0.28092925463410645,-0.006600340255020973
204,0,0.0,0.0,0.0,1.0,0.0,0.0,0.0,1.0,0.0,0.0,0.0,1.0,-0.13766779540430465,-0.06467040344527233,-0.0796758090278841,0.026677893837107485,-0.02940498812410009,-0.00967712934305097
204,1,-6.581034514305488,-3.316468893117708,-3.616621207745028,-0.8346435194710664,0.22757055393074466,-0.5015793440609417,-0.4807769549306715,0.14331624808198407,0.8650514277447866,0.2687447022966993,0.9631573578701232,-0.010207299745825571,0.13766779540430465,0.06467040344527222,0.07967580902788404,0.0036760957242581525,0.0029480074390942426,-0.021295674572021337
205,0,0.0,0.0,0.0,1.0,0.0,0.0,0.0,1.0,0.0,0.0,0.0,1.0,-0.011041202003451225,0.037256450319930176,0.04034960176005646,0.04076075721916914,0.03385923075697467,-0.0015156258273834947
205,1,-2.6478878100890473,6.9891122720353165,5.373307152331717,-0.7068964633970525,-0.6406308237868428,0.2998158395597723,0.7062499764363028,-0.6160095953577072,0.34891710936977016,-0.03883762119983328,0.4583932002565325,0.8879005085808391,0.011041202003451156,-0.03725645031993041,-0.04034960176005646,0.04105678863920702,0.013654218189942873,-0.01996707440160649
206,0,0.0,0.0,0.0,1.0,0.0,0.0,0.0,1.0,0.0,0.0,0.0,1.0,-0.1559289312328671,0.2993456546249369,0.9265312588290634,0.7326881965983265,-0.30527529457529856,0.021944268528616
206,1,0.6740046886638159,2.8694107857005076,4.842981722883348,-0.6652956832971137,0.25459722267488605,0.7018275486132334,0.19267778802228314,0.9667635862426651,-0.16805784217959363,-0.7212883776888867,0.023418422693587904,-0.6922388703976958,0.15592893123286697,-0.2993456546249369,-0.926531258829064,0.4761850566013372,-1.0743720820985876,0.627240263302072
207,0,0.0,0.0,0.0,1.0,0.0,0.0,0.0,1.0,0.0,0.0,0.0,1.0,0.011565546006623139,-0.10320959380636081,-0.0140105871037528,0.055239490977519755,0.013074168249279943,-0.015834116642846473
207,1,1.1767026022243214,-8.335941471373568,-0.5475030826379401,-0.3746674461762689,-0.8969975050156506,0.23456295694642526,-0.05626682657297932,0.2745225860627625,0.9599330153551442,-0.9254503492911755,0.34645753814444724,-0.15332587928895092,-0.011565546006623132,0.10320959380636081,0.014010587103752806,0.0050443723321531575,-0.00292004603662056,-0.009203166367924735
208,0,0.0,0.0,0.0,1.0,0.0,0.0,0.0,1.0,0.0,0.0,0.0,1.0,-0.08526315148801301,0.049015876902583785,-0.24822413809573884,0.15237692658262408,-0.27910284522162293,0.0024247333119530104
208,1,-3.5647998434588293,-0.7130895059561855,-5.731687507453465,-0.8437790401670215,0.41604121302900543,0.33903781564328983,-0.5357709831525835,-0.6160065532847037,-0.5774819303857164,-0.03140676657240729,-0.6689137727477683,0.7426762280037065,0.08526315148801299,-0.04901587690258373,0.2482241380957387,0.3055727907278826,-0.11706478317481293,-0.2379567821921354
209,0,0.0,0.0,0.0,1.0,0.0,0.0,0.0,1.0,0.0,0.0,0.0,1.0,2.1365823355344593e-05,0.05307940718821392,-0.0766112749894714,-0.18767248399726533,-0.07372627541335701,-0.005639630585370186
209,1,-1.177443102156883,6.190505413091499,-4.800861849889937,0.44427325341261104,-0.8775781171168904,-0.18021632739501509,0.2510709036585343,0.31505903670006097,-0.9152601841715375,0.8599910916040125,0.3613785435678259,0.36030663414727204,-2.1365823355282143e-05,-0.05307940718821412,0.07661127498947146,-0.03176312754422883,-0.016581716236678673,-0.056990616520105244
210,0,0.0,0.0,0.0,1.0,0.0,0.0,0.0,1.0,0.0,0.0,0.0,1.0,-0.02329422501949241,-0.0073714745346308745,0.018258514342066566,-0.034974460090797875,0.04060273875524295,2.876231012115347e-05
210,1,-8.35508279350595,-3.2039512212744814,3.877141695358995,0.23844014946460246,-0.04169931287111889,-0.9702615433115828,0.9590752149800645,-0.14699196404246262,0.2420084595998292,-0.15271223636055142,-0.988258331517127,0.004943991580009133,0.023294225019492458,0.007371474534630922,-0.018258514342066493,0.005055322040370729,0.021633649174989424,-0.013073042962905405
211,0,0.0,0.0,0.0,1.0,0.0,0.0,0.0,1.0,0.0,0.0,0.0,1.0,-0.033513593238413464,-0.05649400645558424,0.0782428024932197,-0.07889880049055052,0.0424856432864133,-0.00013627722337756186
211,1,-3.349227006700399,-5.726223383606199,5.267873390598667,0.7836821323064576,-0.6177458857372593,-0.0650564075114276,0.6189793654009728,0.7854057994941406,-0.0015084192981092322,0.052027499569103075,-0.03908645258473609,0.9978804480061367,0.0335135932384134,0.056494006455584334,-0.0782428024932197,-0.07153369140932303,0.043021897859818234,-0.0025587919093421063
212,0,0.0,0.0,0.0,1.0,0.0,0.0,0.0,1.0,0.0,0.0,0.0,1.0,-0.042271214809923706,0.11866854435526702,0.12365656755586013,0.026761282043624213,-0.016851955693769308,0.00046623599415033384
212,1,-1.168188443290441,5.104999774733339,5.95542595022594,-0.60194456082864,-0.02755121266548677,0.7980624514218655,-0.5914624256040203,-0.6560733247458739,-0.4687643242136762,0.5365025114455897,-0.7541940885724024,0.3786242622640792,0.04227121480992369,-0.11866854435526687,-0.1236565675558602,-0.10221626105555366,-0.09043696077710528,0.07670108399029281
213,0,0.0,0.0,0.0,1.0,0.0,0.0,0.0,1.0,0.0,0.0,0.0,1.0,0.09819631049193422,-0.008662583310485934,0.05869203790838311,0.04714352951267442,-0.07171291487355919,0.008072813827940221
213,1,7.145080487193698,0.13493695373284478,4.092494198315454,-0.6229273854051827,0.28809437479700617,-0.7272984969890871,-0.780166137545028,-0.16049309551231383,0.6046344053400764,0.057465383843976925,0.9440569884827915,0.32473701999689997,-0.09819631049193436,0.008662583310485918,-0.058692037908382934,-0.0037722327683565697,0.054221411044964064,-0.08321797981396889
214,0,0.0,0.0,0.0,1.0,0.0,0.0,0.0,1.0,0.0,0.0,0.0,1.0,-0.5128856605454933,-0.739450486356143,-0.23005483674539615,0.14344498003745648,-0.09960548977210582,-0.09300675210856443
214,1,-3.571443850858967,-5.085307378429882,-0.8596941173051685,0.18072454319509712,0.9457104153623778,0.27013043101813305,-0.7376790781020822,-0.05132077695780568,0.6731981547679028,0.6505138101665372,-0.32093299632098593,0.6883558633839392,0.5128856605454933,0.7394504863561429,0.23005483674539634,0.3907533455485671,-0.2810976570614666,0.12573141075700198
215,0,0.0,0.0,0.0,1.0,0.0,0.0,0.0,1.0,0.0,0.0,0.0,1.0,-0.0707958623414191,0.03809523968867595,0.06783925419300088,0.04343703811486398,0.13040892901344636,-0.00541299878392279
215,1,-6.660177599136474,3.187036200961489,3.6053496995449708,0.6258417925126952,-0.5776800029921685,0.5240304045448744,-0.3110603407767676,-0.8009990263519065,-0.5115095543380778,0.7152366846997836,0.15711898015919645,-0.6809920050436689,0.07079586234141894,-0.03809523968867602,-0.06783925419300091,0.03542245987879673,0.06616871108324077,-0.02267908706394342
216,0,0.0,0.0,0.0,1.0,0.0,0.0,0.0,1.0,0.0,0.0,0.0,1.0,0.08082967499551133,0.2565224445829661,0.3478945441972116,0.6513860098646616,-0.027894790580925144,0.02827158086209955
216,1,0.6446176403495826,5.101370002583388,3.899247200489379,-0.2419163209593278,-0.7967117936813268,-0.5538292259014383,-0.49205237215019215,0.5926777870011026,-0.6376656677733594,0.8362780379245125,0.11825125202110326,-0.5354023577465541,-0.0808296749955114,-0.2565224445829659,-0.3478945441972119,0.12310835806259222,0.11881071435273981,-0.2752547672789875
217,0,0.0,0.0,0.0,1.0,0.0,0.0,0.0,1.0,0.0,0.0,0.0,1.0,-0.00950659121911269,0.005334061952781558,-0.0620759310629985,-0.026575895144057417,-0.008440219907538498,3.321964172636055e-05
217,1,-1.8195831627932404,1.9030176067500264,-8.613862859609231,-0.9803888377909344,0.0970009998798389,-0.17154746502718202,-0.19702738368795353,-0.5011514540255189,0.8426312539926278,-0.004235187365476706,0.8599058240007565,0.5104351447907554,0.009506591219112653,-0.005334061952781544,0.06207593106299849,-0.045608816478309666,-0.02262362604560507,0.008352221509843015
218,0,0.0,0.0,0.0,1.0,0.0,0.0,0.0,1.0,0.0,0.0,0.0,1.0,-0.07849465780697908,-0.02240064170039876,-0.4134705051055662,0.015565139206751406,-0.07405146322165378,3.724605376662256e-05
218,1,-1.322790148910003,-0.3359163016055757,-6.740021666887563,0.7090128260623774,0.2729943719367418,0.6502114159024777,0.646479148341308,0.11672327325971821,-0.7539498579079605,-0.28171887270635254,0.9549082418590807,-0.09372687123051127,0.0784946578069791,0.022400641700398755,0.41347050510556577,-0.027654466721573095,0.056172446557132154,0.0032264669704679485
219,0,0.0,0.0,0.0,1.0,0.0,0.0,0.0,1.0,0.0,0.0,0.0,1.0,0.07575364138403089,-0.1810888911562197,0.03851964086779564,-0.008990402873718592,-0.01611347091670351,-0.01217250260189753
219,1,3.260572871323971,-7.080473368678808,1.1861972490415915,0.9297677658409905,-0.3552365180269047,-0.09663807667360552,0.12036651040817864,0.5414019890440385,-0.832103232436527,0.3479135018581643,0.7620307753098161,0.5461366978197946,-0.0757536413840309,0.1810888911562196,-0.03851964086779558,-0.04893974394028008,-0.019623864095352203,-0.04190938280013585
220,0,0.0,0.0,0.0,1.0,0.0,0.0,0.0,1.0,0.0,0.0,0.0,1.0,0.04393997452263726,-0.002352770913350799,-0.029610819397982498,-0.03111868139092653,-0.0033530917163479557,-0.0018738820822589855
220,1,7.134448940333618,1.0006032462710674,-5.593764284583144,-0.4321841166629725,0.5717677796709609,-0.6973510560932603,-0.1555654039740152,0.7144361624261817,0.6821879322475236,0.8882658917186044,0.40331448764939004,-0.21982067614640433,-0.043939974522637315,0.002352770913350773,0.029610819397982414,-0.011670846528348593,-0.031179889357528037,-0.05887832301576317
221,0,0.0,0.0,0.0,1.0,0.0,0.0,0.0,1.0,0.0,0.0,0.0,1.0,0.32886626723100687,-0.033130255036310216,0.08333441699372535,-0.05930744597486788,-0.12755782764905851,-0.039445518032292445
221,1,7.366109925500333,-1.0097264845977532,1.4810126836993984,-0.22385102996851902,0.8063783799611426,0.547398049606752,0.33253200667789157,-0.46475720611081517,0.8206236676472619,0.9161403718409137,0.3657248251066806,-0.16411024155694864,-0.32886626723100704,0.03313025503631026,-0.08333441699372528,0.02422880598076156,0.0007624645057915935,0.12746939748892072
222,0,0.0,0.0,0.0,1.0,0.0,0.0,0.0,1.0,0.0,0.0,0.0,1.0,0.003982393420247567,0.04624528127871812,0.08016593829652449,0.09537558294869054,-0.11859517644871605,-0.0018856236401478196
222,1,2.689973963624796,4.869370483603652,5.795484944394445,-0.3858011302735802,-0.8705885947632717,0.3053407711848187,-0.6563561168443821,0.026418321190327942,-0.7539885411506255,0.6483472339422693,-0.4913019142783759,-0.5816083676029873,-0.003982393420247688,-0.04624528127871799,-0.08016593829652464,0.026968239382700553,-0.07396920922878614,0.10689247724575329
223,0,0.0,0.0,0.0,1.0,0.0,0.0,0.0,1.0,0.0,0.0,0.0,1.0,-0.06704611079019276,-0.20593397299836635,-0.18824276831809425,0.09979626741993228,-0.06876869744989574,-0.011876638774006546
223,1,-2.2130487186663794,-5.688108103339881,-4.6205477764365215,0.2703884989183247,-0.37751183857428905,-0.8856494065875926,0.8071118126332015,-0.41260708978629923,0.4222865275686978,-0.5248433876506808,-0.8289995182111631,0.19313005267181116,0.06704611079019278,0.20593397299836633,0.18824276831809433,0.01942118741501178,-0.038031961644332944,0.08625302776479908
224,0,0.0,0.0,0.0,1.0,0.0,0.0,0.0,1.0,0.0,0.0,0.0,1.0,-0.3653854783181791,-0.07300046631215559,-0.31880404388665684,0.0408609599952967,-0.18957399660080165,0.018928435574306856
224,1,-5.566950628329123,-1.2346054042676586,-4.301132308098679,-0.0077288169007729834,-0.9404325473906857,-0.33989246710920207,0.9466944000532848,0.10258422939870782,-0.3053623892794012,0.32204033644415664,-0.3241343852276999,0.889509371516678,0.36538547831817897,0.07300046631215563,0.3188040438866568,0.03875157132807192,-0.013621090123478476,-0.06364532994208034
225,0,0.0,0.0,0.0,1.0,0.0,0.0,0.0,1.0,0.0,0.0,0.0,1.0,0.0526977755932455,0.147373791068123,-0.1012023690304516,-0.061602970579781105,0.06452040177927161,-0.007718593804623697
225,1,2.8022164276091313,6.545242404246454,-3.7951549409361447,0.6468777274819424,-0.24557281439188655,0.7219717435741138,0.7521112349299839,0.36187985286027025,-0.5507918503263494,-0.12600752350511668,0.8992980400987634,0.4187900895372648,-0.05269777559324548,-0.14737379106812315,0.10120236903045157,-0.04148469527184968,0.019074315811771523,0.07577213671237995
226,0,0.0,0.0,0.0,1.0,0.0,0.0,0.0,1.0,0.0,0.0,0.0,1.0,-0.2705206074653703,-0.11226033422052123,-0.3725883596353994,0.10346257757684542,-0.20203113810238713,-0.0011395850042642888
226,1,-4.485334296792037,-1.8975089412064756,-5.148838201395338,-0.22249376659110065,0.9714064872820238,0.08286109035309641,0.5578087666574612,0.05713358386202616,0.8280006844412406,0.7995910852855894,0.23044563363509424,-0.5545709208661531,0.2705206074653704,0.11226033422052116,0.3725883596353992,0.025516868884751017,-0.07628537197338424,-0.008650559193242625
227,0,0.0,0.0,0.0,1.0,0.0,0.0,0.0,1.0,0.0,0.0,0.0,1.0,-0.042893170010264076,-0.02582782819293196,-0.05927102913609453,0.01021440830744921,-0.11644738992486595,0.0048760584225242265
227,1,-6.491036616311938,-2.6785541360892258,-4.827810249388536,-0.586833523254336,-0.7550461333519946,0.29245812092520945,0.6907191033641952,-0.27832196030998424,0.667415917293684,-0.422532290165692,0.5936684452785153,0.6848534447952539,0.042893170010264284,0.025827828192931925,0.05927102913609439,0.02385439826601871,-0.06120294467969634,0.04788164215663919
228,0,0.0,0.0,0.0,1.0,0.0,0.0,0.0,1.0,0.0,0.0,0.0,1.0,0.04058939647701261,0.07232261939733928,-0.020659113315363013,0.006997639999180818,-0.005825901062946603,0.010866339292571994
228,1,4.515891148690101,7.390269644685394,-2.2446006302822794,0.015984265634446104,0.5487940204322412,-0.8358047776783427,-0.918585856630159,0.3382020459926868,0.2044979219586287,0.39489812262299273,0.7644896985729612,0.5095203367135197,-0.040589396477012776,-0.07232261939733917,0.020659113315363107,0.002661339063108562,0.00801322310850041,0.015768152813788426
229,0,0.0,0.0,0.0,1.0,0.0,0.0,0.0,1.0,0.0,0.0,0.0,1.0,-0.00690381067223951,0.13200064932105574,-0.2647149698671878,0.006050683712281922,-0.028565768446904755,-0.0005874508364386612
229,1,-0.5393007621820629,1.7282381465498073,-6.810732018669684,0.30871988641294534,-0.9504120874706112,-0.037535259729129855,0.13174872312725405,0.08181144497268655,-0.9879013925619393,0.9419842385557818,0.30003958315734963,0.15047239896820797,0.006903810672239552,-0.13200064932105585,0.26471496986718746,0.435479856216565,-0.06717521216721584,-0.05866917099061181
230,0,0.0,0.0,0.0,1.0,0.0,0.0,0.0,1.0,0.0,0.0,0.0,1.0,0.2408588432976262,0.10562537794844562,-0.07923869604744661,-0.11547182439066589,0.24596899584088494,0.020932760019829275
230,1,6.7821382616328,2.973061397085464,-1.312873858919287,-0.6183015570496644,-0.06038340273352408,0.7836179102242886,0.2565901293147761,-0.9579208147422529,0.12864376479940404,0.7428759587496332,0.2806092609980272,0.6077777164012796,-0.2408588432976259,-0.10562537794844579,0.07923869604744667,0.018563113563597786,-0.024778482630595317,-0.020654971991079345
231,0,0.0,0.0,0.0,1.0,0.0,0.0,0.0,1.0,0.0,0.0,0.0,1.0,-0.05416272012685772,0.048308580276497814,-0.021654966478044435,0.009821167994049165,0.012094226487143242,0.00699890996693054
231,1,-6.325121186381491,5.826564620383878,-2.7718050173107724,0.42761081912670773,0.8694377925110085,0.24744072486025914,-0.8229005826440353,0.48769225429913454,-0.2915319814029596,-0.3741438472698613,-0.07895688728801796,0.9240033503726564,0.05416272012685778,-0.0483085802764978,0.021654966478044435,-0.0020932643410647885,0.001063985651020968,0.003026054277085819
232,0,0.0,0.0,0.0,1.0,0.0,0.0,0.0,1.0,0.0,0.0,0.0,1.0,-0.04364526696274683,0.037942198199651875,0.015303337979289726,0.04741844669141135,0.05651594001825606,0.0063282463954044965
232,1,-6.769516092119005,6.114475560006628,0.7915002675786882,-0.43180354592884673,-0.7684745642378268,0.47222086129559837,0.27602709037107914,-0.611013156262965,-0.7419379814073719,0.8586936258669623,-0.19002570087504495,0.475957445474275,0.04364526696274686,-0.03794219819965173,-0.015303337979289736,0.016122179341928968,0.012535012216124023,0.003689350475364346
233,0,0.0,0.0,0.0,1.0,0.0,0.0,0.0,1.0,0.0,0.0,0.0,1.0,0.08394292637929109,-0.07680766563525668,0.11993764057807887,0.0024098242621125913,-0.02261745002659989,0.0029572494652238754
233,1,4.072734482590564,-3.0030754205933157,6.183134556183959,-0.9034164500674304,0.40820738957175523,0.1311695271264451,0.049720689923538286,0.40360066135129213,-0.9135832524462819,-0.4258715425349401,-0.818824299380406,-0.38491582976424565,-0.08394292637929109,0.07680766563525682,-0.11993764057807915,0.11232052688308228,0.05317369432670522,-0.06368753888289738
234,0,0.0,0.0,0.0,1.0,0.0,0.0,0.0,1.0,0.0,0.0,0.0,1.0,0.06790867587106915,-0.008993487224814769,-0.013510313349251804,0.005957970534899557,0.03923600911156941,-0.0075021284835204306
234,1,8.814300057033702,-1.051567174901509,-0.9900963867887861,-0.05524580482259922,-0.07443202963047316,0.9956946188538893,-0.3581579892030229,0.932330691764588,0.049823046512754376,-0.9320250832566421,-0.35386346824566833,-0.07816578549209541,-0.06790867587106907,0.008993487224814738,0.013510313349251785,-0.0006553877001129384,0.012611812001727396,-0.0003586320380535926
235,0,0.0,0.0,0.0,1.0,0.0,0.0,0.0,1.0,0.0,0.0,0.0,1.0,-0.008245264366191518,0.0169329274498252,0.025817598426980604,0.06925873425876328,0.0036111692507580576,-4.207745138918098e-05
235,1,-1.8086587721768679,6.414635283712358,5.925834524307264,-0.7825748068749077,-0.38710844883267737,-0.4875691955887487,-0.37713807747482986,-0.32832954990251006,0.8660061068949828,-0.49532165525372535,0.8615954709161217,0.11094909793926266,0.008245264366191574,-0.016932927449825188,-0.025817598426980636,-0.003989982528100976,-0.005776015622478505,0.022306553407536765
236,0,0.0,0.0,0.0,1.0,0.0,0.0,0.0,1.0,0.0,0.0,0.0,1.0,-0.006590008201503926,0.004672869052318559,-0.07163380663111482,0.11125179948312983,-0.012684342500508542,4.818275293477607e-05
236,1,-0.9602656237343624,-3.2153097198638836,-7.480311506012484,0.8895156137780096,0.4331699007082297,-0.1453472048769883,0.4565684412152795,-0.8304834942896602,0.31912759861642426,0.01752801561445594,-0.35022992852247536,-0.936499741503307,0.00659000820150392,-0.004672869052318517,0.07163380663111488,0.15402759138689145,-0.006807825330159016,-0.02572429569236674
237,0,0.0,0.0,0.0,1.0,0.0,0.0,0.0,1.0,0.0,0.0,0.0,1.0,-0.5041385143856076,-0.27842762643847074,-0.13726871666502893,0.09432867664773573,-0.07291334047195983,-0.03850658449805415
237,1,-5.603566606382004,-3.615605578051116,-1.0124435740753406,0.18091685760034182,-0.5077392759883399,0.8423003729399947,0.9493119404967352,0.31399512892913695,-0.014625273983683962,-0.25705238817474707,0.8022517601274622,0.5388099693825719,0.5041385143856081,0.27842762643847074,0.13726871666502885,0.12008859978558228,-0.18586925699951232,-0.2240716904201337
238,0,0.0,0.0,0.0,1.0,0.0,0.0,0.0,1.0,0.0,0.0,0.0,1.0,0.01980247436420151,-0.2998104608030289,-0.7110191707187089,0.7472006165990411,0.3590971565282518,-0.015628349289313344
238,1,1.4820584521220064,-3.8389239099072765,-4.50247976602078,0.8456614051206741,0.3626465325427309,-0.3915919819455719,0.3539019767309392,-0.9302188997594794,-0.0971915088688135,-0.39951242628391526,-0.056394068526724905,-0.9149915465619021,-0.01980247436420158,0.2998104608030287,0.7110191707187087,0.6324573448684508,0.6055145749142278,-0.3526880858663497
239,0,0.0,0.0,0.0,1.0,0.0,0.0,0.0,1.0,0.0,0.0,0.0,1.0,-0.019134729090213104,0.055637207380268845,0.0030977979668130456,-0.01440038581501066,-0.01565226227048358,0.007352299697963673
239,1,-2.6407126789008903,8.913440443931083,1.012963842903301,0.44299287023028644,0.3776651710402547,0.813096756547625,-0.8954631641609976,0.23052237913028117,0.38079542322734017,-0.04362383013797394,-0.8967878518932167,0.44030501943634837,0.019134729090213097,-0.05563720738026892,-0.0030977979668130448,-0.014346055896795709,0.004449867925984417,0.016282089510691534
240,0,0.0,0.0,0.0,1.0,0.0,0.0,0.0,1.0,0.0,0.0,0.0,1.0,-0.08398066210255278,-0.013637826138973425,-0.007770329163761681,0.0265487547335072,-0.013140921302953482,-0.00029166864170529494
240,1,-8.776472394607605,-1.5045572128704945,-0.6435191114373532,0.029883166743926326,0.9289816538449012,0.3689174476287982,0.5325975300314716,0.29752577203770114,-0.792349850746339,-0.8458409231940309,0.22016244410199082,-0.48588232202592785,0.08398066210255256,0.013637826138973429,0.00777032916376171,-0.0236340517026809,-0.0010119970456598723,-0.006370037635171678
241,0,0.0,0.0,0.0,1.0,0.0,0.0,0.0,1.0,0.0,0.0,0.0,1.0,-0.4691043181896641,0.26336522404563734,0.0714074275503685,0.09271756124259403,-0.030795437641095057,-0.004668063325394087
241,1,-6.2628106152695535,3.5876734593010458,0.8923848649437468,0.045043534145183806,-0.9137498838028563,0.40377249767905,0.6027101876557822,0.34719172384232955,0.7184694402626486,-0.7966878370652106,0.21099539508164228,0.5663651062050858,0.4691043181896639,-0.26336522404563734,-0.07140742755036851,-0.07155416851402033,0.0593850392804227,0.038254654492101164
242,0,0.0,0.0,0.0,1.0,0.0,0.0,0.0,1.0,0.0,0.0,0.0,1.0,-0.025710819018750705,-0.03180506272691858,0.03683421631126685,-0.032466545872490024,0.07216877235355038,0.000730922145440488
242,1,-5.065388554419778,-4.718480329428549,5.073796509910446,0.5139056279961134,-0.7271570510865081,-0.4551303423955537,-0.3852641684743031,0.27839782400367385,-0.8798103045997038,0.7664675635692122,0.6274848800132106,-0.1370773480597105,0.025710819018750563,0.03180506272691866,-0.036834216311266946,0.02003743701918306,-0.016040618443712473,0.039058084770623426
243,0,0.0,0.0,0.0,1.0,0.0,0.0,0.0,1.0,0.0,0.0,0.0,1.0,0.04990502022210601,-0.034606634322065254,-0.058413158409986135,-0.010896404527457191,0.02318990942613771,-0.0034679109833395455
243,1,5.729982701704204,-3.3899676061668,-5.83454331530471,-0.5714862135484666,0.6653048220423042,-0.48038838609118556,0.6065598746065318,-0.0518172542627402,-0.7933473959609236,-0.5527102552344623,-0.7447714185761483,-0.3739343629980094,-0.0499050202221059,0.03460663432206533,0.05841315840998608,0.007001212362198819,0.020343475677955396,-0.025651103108259833
244,0,0.0,0.0,0.0,1.0,0.0,0.0,0.0,1.0,0.0,0.0,0.0,1.0,0.01953734787488628,0.021950927026327095,-0.043437373440328116,-0.05181961282892824,0.005047957357080003,0.00025765094134988856
244,1,1.6379497273148058,3.213412397770251,-6.955635553351146,-0.36909325018629047,-0.7608373557662419,0.5337571458421457,-0.3413394417656125,0.6451441439752212,0.6835761983785122,-0.8644406041840356,0.07011099460934883,-0.4978221472301403,-0.019537347874886243,-0.02195092702632713,0.04343737344032819,0.06492006694253916,-0.06979439487197078,-0.027084691884979598
245,0,0.0,0.0,0.0,1.0,0.0,0.0,0.0,1.0,0.0,0.0,0.0,1.0,0.04558586213791704,3.6750286595034487e-06,-0.02821363823408074,-0.0017608246861295996,-0.02010018357483593,-0.002093664686026883
245,1,7.395047628046433,0.4691921446167705,-5.815483637072087,-0.7255786052096067,-0.5312011267926231,0.43744834044299424,0.18163527461013856,-0.7609926554868658,-0.6228152256587411,0.6637351238855617,-0.372445353292663,0.6486448520811074,-0.04558586213791661,-3.675028659531855e-06,0.028213638234080792,-0.011455420675325134,-0.036362453268544544,-0.019267686722695444
246,0,0.0,0.0,0.0,1.0,0.0,0.0,0.0,1.0,0.0,0.0,0.0,1.0,-0.01278591461932485,-0.14552437534911528,-0.03292884786045919,0.005743469367105953,0.002907491885991769,-0.004748123311536922
246,1,-0.6409152928522097,-8.196763885799202,-1.917657595954918,-0.11938299331401447,-0.06664762040611769,-0.9906088004866445,-0.24360826003752736,-0.9652782954850072,0.09430179164283257,-0.9624981644392236,0.2525785164256093,0.0990019014532737,0.01278591461932486,0.1455243753491153,0.03292884786045909,-0.014899402208343585,0.0005069122352155415,-0.00678620224304434
247,0,0.0,0.0,0.0,1.0,0.0,0.0,0.0,1.0,0.0,0.0,0.0,1.0,0.02819535283874014,0.15792725720297104,0.04330700778184082,-0.026412582707542223,0.01290233604912416,0.002917303748288455
247,1,1.3175416263148283,7.789924670724549,2.3399571048900083,0.1328571049675641,0.7572414758524345,0.6394797392478235,-0.9903154450051569,0.07518491484101175,0.11671567146098083,0.04030271757432108,-0.6487931687596413,0.7598967792581752,-0.028195352838740237,-0.1579272572029709,-0.043307007781840955,-0.005772096505320205,-0.003985205312948876,-0.014481243131931467
248,0,0.0,0.0,0.0,1.0,0.0,0.0,0.0,1.0,0.0,0.0,0.0,1.0,-0.048608301260294515,-0.0071640134049227025,-0.028689343762545828,0.030473005853448323,-0.07707585235991495,0.006737001450183752
248,1,-8.487987291408935,-1.3490737740497403,-2.8900494958607115,-0.11529320300090662,0.3886760711839738,0.9141325883211813,-0.2428820446338829,0.881305071197584,-0.4053513092070704,-0.9631800401463146,-0.2687606428970061,-0.007206045609883471,0.04860830126029438,0.007164013404922721,0.028689343762545807,-0.012473317917936745,-0.02595853634347671,-0.011505131145088308
249,0,0.0,0.0,0.0,1.0,0.0,0.0,0.0,1.0,0.0,0.0,0.0,1.0,0.11823943776561513,0.06005789716523179,-0.3379816338137914,-0.24135378202811253,0.058835697022279164,0.0014379050858072118
249,1,1.8877577249550306,2.822596105890934,-6.017823911170268,0.5007773726174135,0.5660434559159986,-0.6548410716265995,-0.24103695452203838,0.8178071915422256,0.5225826097532891,0.8313382041198041,-0.10385664868697972,0.5459767274292635,-0.11823943776561509,-0.060057897165231716,0.3379816338137911,-0.35121401182181367,-0.13235237272661915,-0.22180532236754452
250,0,0.0,0.0,0.0,1.0,0.0,0.0,0.0,1.0,0.0,0.0,0.0,1.0,-0.007318773689180248,0.0037744495513947415,0.023280950501861526,0.026964661504852303,0.07208051974789133,-0.0006281419405219299
250,1,-6.404892212942767,2.735822089120511,6.370439191060681,-0.7042854269202192,0.09556468688869155,-0.7034553490077893,-0.47264929380209164,-0.8024762068430207,0.3641903108530225,-0.5297024471306397,0.5889816024891639,0.6103408797001134,0.007318773689180262,-0.0037744495513947034,-0.023280950501861554,0.012682975786975349,0.0304076560913304,-0.003523937875218177
251,0,0.0,0.0,0.0,1.0,0.0,0.0,0.0,1.0,0.0,0.0,0.0,1.0,-0.07858171185638502,0.0018811897881546129,-0.07386305484937622,-0.07410949141223254,-0.02395814161315519,0.0005176407789914822
251,1,-5.2526422828383,1.778497036382255,-5.906297490345717,0.4238789232980482,0.03898065392301592,-0.9048796422748285,-0.8939266112214603,-0.14268705271394255,-0.4248948325620412,-0.14567728763882049,0.9889999563233272,-0.02563619040835996,0.07858171185638521,-0.0018811897881545782,0.07386305484937614,-0.04614486621088125,0.10010890409615467,0.12935848384812917
252,0,0.0,0.0,0.0,1.0,0.0,0.0,0.0,1.0,0.0,0.0,0.0,1.0,-0.11968023247704926,0.15645882552704954,0.5522871083490402,0.5561015667121985,0.29490229083994857,0.0020653997738371427
252,1,-2.0637408517833267,3.549395454792644,4.860121179056229,-0.10348577639000545,-0.9936034922008891,0.04519728278509445,-0.9667268473456244,0.11116671717882165,0.23039349733200742,-0.23394421708208063,-0.01985097674881159,-0.9720473455629466,0.11968023247704922,-0.1564588255270496,-0.5522871083490404,0.6437749338081806,0.2632147439971699,0.09983660354651608
253,0,0.0,0.0,0.0,1.0,0.0,0.0,0.0,1.0,0.0,0.0,0.0,1.0,0.05923631916366558,-0.08444557456808328,0.01672195661058906,0.015607465480989324,-0.02576943333294702,0.0005394291850098609
253,1,5.114138038788709,-6.873616337117291,1.5885937050071381,0.7746101680430721,-0.3442183159602903,-0.5305589868447667,-0.6309057174798643,-0.3621953009746115,-0.6861286611147563,0.04401208033598497,0.866214935745957,-0.49772946655299233,-0.05923631916366556,0.08444557456808288,-0.016721956610589103,0.003601928546466536,0.0343534826789517,-0.02523802313694579
254,0,0.0,0.0,0.0,1.0,0.0,0.0,0.0,1.0,0.0,0.0,0.0,1.0,0.1433521966105289,0.06717538327123665,0.17461954584707065,-0.006983688503550273,-0.031033844581169978,0.003242271567818422
254,1,4.0398355155648344,1.4502840852260233,6.182823033606062,0.010329504002858814,-0.6504571091722959,-0.7594727450503242,0.5471599502441373,0.6393961327625611,-0.5401745775738751,0.8369643303008127,-0.4099733339322219,0.3625087244034422,-0.14335219661052892,-0.06717538327123668,-0.17461954584707068,-0.15510187016576465,0.211920864677975,0.060233818216561305
255,0,0.0,0.0,0.0,1.0,0.0,0.0,0.0,1.0,0.0,0.0,0.0,1.0,-0.4737848870973393,-0.4391740055268759,0.3735161962281639,-0.20737489927979352,0.21784854896522582,-0.06154441211194957
255,1,-4.612660332686345,-4.191094226500797,2.5287316143920466,0.9097055220140987,0.41490018705757914,0.01713761933997906,-0.40180664569130053,0.8899138376565796,-0.2158814050020161,-0.10482023991272787,0.18950249688836476,0.9762691846912477,0.4737848870973395,0.439174005526876,-0.3735161962281641,-0.24751348224160455,0.3069799705681066,0.10162782163575286
256,0,0.0,0.0,0.0,1.0,0.0,0.0,0.0,1.0,0.0,0.0,0.0,1.0,-0.03842794995754778,0.003859794227849968,-0.03606414712095235,0.013274400701788008,-0.10713245439494676,0.0005515083737376025
256,1,-8.04494584378806,0.3645386257400603,-3.921920487428781,-0.46332578811080083,-0.04091584509844004,-0.8852429653441962,-0.8358312250165666,0.3521158426329237,0.4211895020702815,0.29447474825324305,0.9350616701516464,-0.19734309122541527,0.038427949957547836,-0.0038597942278499444,0.03606414712095231,-0.01128336927228328,-0.03229029186712607,-0.01759487183742415
257,0,0.0,0.0,0.0,1.0,0.0,0.0,0.0,1.0,0.0,0.0,0.0,1.0,-0.02210877516506693,-0.03732925387136035,0.008884152448659172,0.005217601586382085,-0.0007698465494505678,-0.000824844368676178
257,1,-4.77409854174949,-8.183169406412455,1.9865093314774886,0.06829133095422901,0.9778582949705199,0.19781165050079275,0.6758209498127772,-0.19119553632407515,0.7118358734173948,0.733895318087434,0.08507303830883878,-0.6739141193373583,0.02210877516506696,0.03732925387136031,-0.008884152448659196,-0.003763214953604963,-0.0007356223736686993,-0.001881471703493131
258,0,0.0,0.0,0.0,1.0,0.0,0.0,0.0,1.0,0.0,0.0,0.0,1.0,0.019134856883018542,0.039305808475866025,-0.00038369307745850234,0.01278596606888753,-0.022991857535892668,-0.00072551253585873
258,1,3.90044350934536,8.666171128536385,-1.043387664469886,0.8009568813016384,-0.34653574219196653,0.488242822455196,0.4889327802388846,0.8492422636166068,-0.1993296618549688,-0.3455615874246264,0.3983723849249651,0.8496391188179648,-0.019134856883018515,-0.03930580847586605,0.0003836930774584694,0.024900079766757177,0.004523357076308117,-0.011790346183168383
259,0,0.0,0.0,0.0,1.0,0.0,0.0,0.0,1.0,0.0,0.0,0.0,1.0,-0.02452048574062589,-0.02549709594357792,-0.01613960084802255,-0.0007291351446780756,-0.022411911773499008,0.0010672470023985609
259,1,-6.163649074075757,-5.523069345602874,-4.245857253785999,-0.8794897995033584,-0.30442247989579163,-0.36582051104830016,0.4744382742772987,-0.5002580620689061,-0.7243274088669029,0.03749688614167615,-0.8105978195561343,0.5844015387218955,0.024520485740626045,0.025497095943577967,0.016139600848022666,-0.018387759923860485,0.02704355819882491,0.02065956166851283
260,0,0.0,0.0,0.0,1.0,0.0,0.0,0.0,1.0,0.0,0.0,0.0,1.0,0.171902613824679,0.012458464440293802,-0.10508824156387872,-0.02800304765657009,0.038746351691830265,-0.01759638198078145
260,1,6.7974651147817875,0.9645644267850064,-4.0883461888052635,0.6348859889812585,0.6965028378045663,0.33437042023102964,0.007042276092719846,0.4275477564558925,-0.9039653324641199,-0.7725737423331984,0.5762696529227604,0.2665391149110349,-0.17190261382467892,-0.012458464440293726,0.10508824156387862,-0.02242681621649598,-0.02721009176339361,-0.06352878676921779
261,0,0.0,0.0,0.0,1.0,0.0,0.0,0.0,1.0,0.0,0.0,0.0,1.0,0.021268814204300476,-0.03035647247133978,0.007681354075373871,-0.04155510863197272,-0.028072594493208276,0.0016302769474095084
261,1,5.618582088207278,-8.067734403035546,0.1556503241733337,-0.8776874993088517,-0.02436697221014783,-0.47861352281594033,-0.31917096308488746,-0.7152625456554842,0.6217148760532453,-0.3574836358218935,0.6984309138688999,0.6199997650578695,-0.02126881420430055,0.030356472471339723,-0.007681354075373892,-0.01569102112289555,-0.011775226102183567,-0.0005994653682296577
262,0,0.0,0.0,0.0,1.0,0.0,0.0,0.0,1.0,0.0,0.0,0.0,1.0,-0.048080751423875204,-0.19008800331419792,0.10832435756245984,-0.12376077138648782,0.1228822361170004,-0.0020489702717692293
262,1,-2.480159095326635,-6.673541798648186,3.179351843381154,-0.7705655040167403,0.2554800362637957,-0.5839167364360066,-0.5841689497038612,0.08330310402842978,0.8073457939824276,0.25490280936332343,0.963218845294193,0.08505300611269995,0.04808075142387516,0.1900880033141978,-0.10832435756245981,0.0052102871233380005,-0.007086221133699869,0.15262855626631183
263,0,0.0,0.0,0.0,1.0,0.0,0.0,0.0,1.0,0.0,0.0,0.0,1.0,-0.03895488649872757,0.0705941487528939,0.04909457811163333,0.12321454245356925,0.08636796502164427,0.0031139261786783043
263,1,-3.9479689551100527,6.90125912135623,2.7885515913181127,0.32904867971341467,-0.9133116085892177,-0.23997681553648914,-0.36600236585086215,-0.35761188938051425,0.8591600577105936,-0.8704994167547904,-0.19487340041646112,-0.45194592955318824,0.03895488649872774,-0.0705941487528936,-0.049094578111633334,0.01874443670584651,-0.0011718055083338522,-0.0129796680967833
264,0,0.0,0.0,0.0,1.0,0.0,0.0,0.0,1.0,0.0,0.0,0.0,1.0,0.765779588938447,0.3630755188097009,-0.2211069254962975,-0.008022725099084346,0.008730519869338565,0.016242344375284774
264,1,5.825491357648284,2.811324713602702,-1.276713879076895,0.18622991750500706,0.8889207834636162,0.4184952312183601,0.9739695000548455,-0.11099963647370381,-0.19764233773566736,-0.12923556317435345,0.4444085073770933,-0.8864531842020036,-0.7657795889384471,-0.3630755188097005,0.22110692549629737,-0.15003708487997913,0.3016445342140106,-0.05400413093088145
265,0,0.0,0.0,0.0,1.0,0.0,0.0,0.0,1.0,0.0,0.0,0.0,1.0,0.017306359884438804,0.32486837530834095,-0.6850135688033083,-0.15677880681388942,-0.0411911607722889,-0.00019435001124673904
265,1,-0.22733115939202123,1.7010836888514378,-5.864112666942341,0.9811605152340739,-0.06343176899927085,0.182484119931653,-0.18855118686249306,-0.10856408484677038,0.9760442046414334,-0.04210098904244422,-0.9920636321138913,-0.11847892875377286,-0.017306359884438773,-0.32486837530834095,0.6850135688033088,0.8965781530152901,-0.21602021224003373,-0.10309792091021247
266,0,0.0,0.0,0.0,1.0,0.0,0.0,0.0,1.0,0.0,0.0,0.0,1.0,0.7164126470109443,-0.07821266250792912,0.7204072494893073,0.051257869577938195,-0.8869737374683005,0.011332060350373152
266,1,5.321736249581663,0.038479289973564146,3.1021548033083897,-0.21765237102735036,-0.9624462809123122,-0.16224858009927628,-0.867038805723314,0.11432438703392445,0.4849470526760697,-0.44818651782049607,0.24622569095725194,-0.8593612478792385,-0.7164126470109445,0.07821266250792908,-0.7204072494893079,0.21909067655272899,-0.7244207025244904,-0.45512627158018004
267,0,0.0,0.0,0.0,1.0,0.0,0.0,0.0,1.0,0.0,0.0,0.0,1.0,-0.030553663444792326,-0.0137039368535921,0.003435037303644692,-0.008431257737950315,0.035187798032213884,0.003168613544369682
267,1,-8.983965019010574,-4.251124151279096,-0.6813663741565691,-0.9446941076431519,-0.3197478571501843,-0.07289959418387915,-0.2028781672130724,0.7444342100140835,-0.6361274685383206,0.25766934674612263,-0.5861561351795038,-0.7681324709572261,0.030553663444792527,0.013703936853592084,-0.0034350373036446946,-0.015508914069720854,0.016490695821304944,-0.009940340809179295
268,0,0.0,0.0,0.0,1.0,0.0,0.0,0.0,1.0,0.0,0.0,0.0,1.0,0.0031506193275646264,-0.08186594568382452,-0.08252253883060161,0.009109761098898436,-0.005109994332039359,0.0029122896357550356
268,1,0.2906526514622526,-5.938416114263318,-6.09927115360652,0.4446206713500739,-0.30113399152448395,0.8435821108562827,-0.8771936505478022,-0.3369371847931235,0.34205939972803634,0.1812284691951842,-0.8920715513075261,-0.4139620626349152,-0.0031506193275646615,0.0818659456838246,0.08252253883060144,-0.018379187689403956,0.009878907467940012,-0.007997155228503763
269,0,0.0,0.0,0.0,1.0,0.0,0.0,0.0,1.0,0.0,0.0,0.0,1.0,-0.010990983837606487,0.07985472414811134,-0.14136180441394658,-0.3429337017041524,-0.002417243434719052,-0.0023886207488752476
269,1,-0.2941529516019164,5.506580415523468,-4.615424527846883,-0.6363617912133792,-0.7480320921438754,-0.1883923029387247,-0.5305679750749814,0.2471594136605283,0.8108081450403773,-0.5599475819293566,0.6159222461982036,-0.5541646796121404,0.01099098383760645,-0.07985472414811147,0.14136180441394644,-0.06692298948710389,0.011563307811841884,0.03942185428885067
270,0,0.0,0.0,0.0,1.0,0.0,0.0,0.0,1.0,0.0,0.0,0.0,1.0,0.006022034902577331,0.1469321998207404,0.0397821339311714,0.03458227884238016,0.024019444069458273,0.01250049889454883
270,1,0.2403349256225978,7.806293273173601,2.425248039942463,0.9466510326543316,0.1400368893270748,0.2902438492062912,-0.011545718097996746,-0.8853335729471017,0.4648130387653954,0.3220535961110965,-0.44336681680107276,-0.836485114626432,-0.006022034902577326,-0.1469321998207403,-0.03978213393117137,-0.08037830396267015,-0.018975551924973834,-0.024197330129872834
271,0,0.0,0.0,0.0,1.0,0.0,0.0,0.0,1.0,0.0,0.0,0.0,1.0,-0.03496226562272782,-0.001351149475635298,0.018798388949025448,0.009914806810230183,-0.005322659249497658,-0.0014877137766423042
271,1,-8.589504769919632,-0.0002920230162830026,4.593426800608916,0.3954229262585497,-0.9010604434002203,-0.17813137491335945,-0.07293593479097721,0.1625215462518541,-0.9840056384086795,0.9155987433397295,0.40209056733938026,-0.001454940343595057,0.03496226562272783,0.0013511494756353092,-0.018798388949025344,-0.0037138901594604575,0.006194902872509591,0.013083208856222864
272,0,0.0,0.0,0.0,1.0,0.0,0.0,0.0,1.0,0.0,0.0,0.0,1.0,-0.04741435325316112,-0.07376595645156045,-0.0833962477003445,0.08757800509822344,-0.12303828035509178,-0.0114079763282781
272,1,-4.368521255053595,-5.390513861771392,-4.199901711140519,0.8698366404885028,0.4744356249267925,-0.1352592202550306,-0.1586285349112295,0.528580938935272,0.8339299604320636,0.4671415275648183,-0.7039268632426454,0.5350380962415462,0.04741435325316108,0.07376595645156062,0.08339624770034457,0.052160857425377516,-0.042144376955004934,0.07806839652818755
273,0,0.0,0.0,0.0,1.0,0.0,0.0,0.0,1.0,0.0,0.0,0.0,1.0,0.01839914264265314,0.00797028723097062,0.023947241707727898,0.018547599703877888,0.030090738825342907,9.251160164765182e-05
273,1,1.6417150354736236,2.92356919381302,8.199257582827638,0.034782439418983624,0.6010216476362565,0.7984755230942675,-0.8225802984816261,-0.4365341848857156,0.3644167366848601,0.567584209133714,-0.6694855371841599,0.4792048424664479,-0.018399142642653098,-0.007970287230970607,-0.023947241707727884,-0.013886619586219978,0.08145402423526035,-0.04079873784015169
274,0,0.0,0.0,0.0,1.0,0.0,0.0,0.0,1.0,0.0,0.0,0.0,1.0,0.12860912922986073,0.02159268845162895,0.3008462447000748,0.019071643849435407,-0.11525736939824953,0.0009771804066115233
274,1,3.1082822756302364,0.7221722169452253,6.513573518146998,0.36907986744878785,0.3245998739269025,-0.8708702390658577,-0.6269529508594768,0.778670900513177,0.02452806764897092,0.6860831209500636,0.5369418502413803,0.4909006015547174,-0.12860912922986084,-0.021592688451628927,-0.30084624470007443,0.05754559196113486,0.017847337650656575,-0.026738949584530984
275,0,0.0,0.0,0.0,1.0,0.0,0.0,0.0,1.0,0.0,0.0,0.0,1.0,0.013041510619140585,-0.014786119893534837,-0.02843495249638095,0.05678020529770151,0.011415354794424392,-0.00032707593551722924
275,1,3.8874593709241054,-6.305481486625034,-6.088998602650521,-0.7407503960636068,0.21304002818285667,-0.6371050126340692,-0.34566978312877544,-0.934072317920019,0.08956174365893393,-0.5760219195163627,0.28657084863497695,0.7655559397910214,-0.0130415106191406,0.014786119893534774,0.028434952496380957,0.032483197870934004,0.019714627813014536,0.025079639362402647
276,0,0.0,0.0,0.0,1.0,0.0,0.0,0.0,1.0,0.0,0.0,0.0,1.0,-0.42929691201271947,-0.4298251210377555,-0.23173442925648316,0.06496352811017557,-0.057483584318907294,-0.0650378802288916
276,1,-4.627854139603133,-4.7464075907803345,-2.0799151233234534,0.9071323530043837,0.34831527932678996,0.23619348068951967,-0.3479522503841521,0.9364494379881056,-0.044628259481693064,-0.23672795691538956,-0.04170031509786573,0.9706806674367241,0.42929691201271947,0.4298251210377555,0.23173442925648297,0.140942756327183,-0.12204841371296453,0.016587724053156422
277,0,0.0,0.0,0.0,1.0,0.0,0.0,0.0,1.0,0.0,0.0,0.0,1.0,0.4672316801073042,-0.2712654767858765,0.22665701954438583,-0.0637724271875722,-0.19458946794124063,-0.042815679935414526
277,1,6.024517317996183,-3.065200264242898,2.3697692564819204,-0.4777780610543818,0.8169322559997345,-0.32303221740609595,-0.01311549014329344,-0.37430933060155414,-0.9272111458254357,-0.8783826662072836,-0.43876441757713264,0.18955125316067734,-0.4672316801073043,0.2712654767858764,-0.2266570195443861,0.011859858219692904,-0.06367840037662643,-0.15926921340802797
278,0,0.0,0.0,0.0,1.0,0.0,0.0,0.0,1.0,0.0,0.0,0.0,1.0,-0.06364932847299445,0.036548475024257884,-0.04126548539300659,-0.07007199378477907,-0.094299724790122,0.0030294038709056115
278,1,-6.943500182797115,4.200001656775576,-2.526003971086853,-0.25290069679433347,-0.20569451094837263,0.9453734742029999,-0.27102194820325165,-0.9229539631273433,-0.2733186520156349,0.9287563411105489,-0.3253394382998156,0.17766797329205408,0.06364932847299465,-0.036548475024257975,0.04126548539300657,-0.010921520185052554,-0.03144872409963496,0.01052353815643352
279,0,0.0,0.0,0.0,1.0,0.0,0.0,0.0,1.0,0.0,0.0,0.0,1.0,0.036554682079404224,-0.04309740379049112,0.15287709994492651,-0.14911139274484175,-0.07525155831117183,0.0007492662556583393
279,1,2.5814679302691736,-3.889211964623437,6.188808770270118,0.37476258754404623,0.9267483001056823,-0.02627910250596796,0.8663564459023642,-0.36015235509207266,-0.3460011412771027,-0.33012045017041136,0.10690121314962579,-0.9378659920300039,-0.03655468207940428,0.04309740379049121,-0.1528770999449265,-0.17873846292343454,-0.09316583542175778,0.03016507488755225
280,0,0.0,0.0,0.0,1.0,0.0,0.0,0.0,1.0,0.0,0.0,0.0,1.0,-0.02813225474140104,-0.005364447466015264,-0.00788297803963093,0.005742313359184546,-0.0027859910656624987,-0.0018456286490471617
280,1,-8.969024056539196,-2.015569617087268,-3.189438644304302,0.4876158978002768,-0.6574222665009725,0.5744795033081288,-0.796369527759439,-0.6046003617133155,-0.015936683228824994,0.35780764590578273,-0.44972699065638955,-0.81836380809913,0.028132254741400853,0.00536444746601532,0.007882978039630935,-0.006963198383787745,0.021809471814679425,-0.006743030895148043
281,0,0.0,0.0,0.0,1.0,0.0,0.0,0.0,1.0,0.0,0.0,0.0,1.0,0.04624729817229534,-0.14703250151758843,0.04389857425591426,-0.06861531692229617,-0.018872936731501942,-0.025661891370360915
281,1,2.386701745139939,-7.4371180362342315,1.4465054761441458,-0.20349034782796882,-0.8474819700242572,0.4902713420389333,0.37307826300680247,-0.5300873035884799,-0.7614591651862378,0.9052095271331824,0.02795999030935692,0.4240447510926425,-0.04624729817229542,0.1470325015175881,-0.04389857425591427,-0.04518024282496704,-0.019002896991147294,0.018685778770322688
282,0,0.0,0.0,0.0,1.0,0.0,0.0,0.0,1.0,0.0,0.0,0.0,1.0,-0.022624037262832256,0.027643183701010477,0.12225665155769797,-0.08862345635663542,-0.030117641034974385,-9.168406053982475e-06
282,1,-0.2132583237727231,-0.9293668914819925,7.617490780150217,-0.8970292754302549,0.20775101117860523,0.39009998253696265,-0.11479901751500687,0.7428209955179058,-0.6595742219002926,-0.42680166892675186,-0.6364404810915584,-0.6424825674127546,0.022624037262832297,-0.027643183701010425,-0.12225665155769823,-0.23556952484098612,-0.11614850564316467,-0.026912001797496227
283,0,0.0,0.0,0.0,1.0,0.0,0.0,0.0,1.0,0.0,0.0,0.0,1.0,-0.020407150455207513,0.03594585663640996,0.010964710976128654,0.0377722780483786,0.002194012367967565,-0.003811150175695749
283,1,-4.73612563821753,8.221498995313135,1.3776021316983211,-0.3681021132621851,0.36359137448212686,-0.8557465434426896,0.6502227053727301,0.7585484949902651,0.042598288296262665,0.6646136228137978,-0.5407453126474621,-0.5156386711837246,0.02040715045520743,-0.035945856636409944,-0.010964710976128625,0.0028549934977215056,0.02162330243273855,0.0013444239369956416
284,0,0.0,0.0,0.0,1.0,0.0,0.0,0.0,1.0,0.0,0.0,0.0,1.0,0.11278947267027144,-0.1385597545021273,0.019413915793473256,0.05920406137353713,0.04326016856383754,0.006915031020772634
284,1,5.054108239044996,-6.298512759909333,1.3507126896897068,-0.36993501115673766,-0.7641670037347221,0.5283908382282585,0.8885984482696669,-0.4570375051612645,-0.038852498101242194,0.27118422751554794,0.455154379610989,0.8481117883084348,-0.11278947267027126,0.13855975450212699,-0.01941391579347322,0.005671560967780022,0.010965971671389685,0.0031949049471235585
285,0,0.0,0.0,0.0,1.0,0.0,0.0,0.0,1.0,0.0,0.0,0.0,1.0,0.2070408638743301,-0.6887930383158161,0.2654552554515752,-0.3828925508843675,-0.2202487505446316,-0.05605229580166484
285,1,2.5058015820768995,-5.919789027979242,1.5431825728005288,-0.8331627709773581,0.3223045080319586,-0.4493991557175062,0.2839156001174539,-0.4480712598375385,-0.8477169799629752,-0.47458585004957343,-0.8338776590183229,0.28180901462310504,-0.20704086387433004,0.6887930383158163,-0.2654552554515752,-0.1256131447619997,-0.12542759554812027,-0.44428815502705954
286,0,0.0,0.0,0.0,1.0,0.0,0.0,0.0,1.0,0.0,0.0,0.0,1.0,-0.5325711640427688,0.9555698979734304,-0.715637840166807,-1.0745197653127434,-0.5735030877410282,-0.0860170361821766
286,1,-2.491518917310032,4.544159409799335,-1.7531359891266696,-0.7772771036477584,0.3977490267004391,-0.48747924663907993,0.06308291523704934,0.8201764615839073,0.5686221220361521,0.6259878992042472,0.41122534409074885,-0.6625955526769691,0.5325711640427686,-0.95556989797343,0.7156378401668073,-0.5022086818264054,-0.2758524545230042,0.1252848250420909
287,0,0.0,0.0,0.0,1.0,0.0,0.0,0.0,1.0,0.0,0.0,0.0,1.0,0.07968268782014121,0.16770615688383636,-0.4249568232311462,-0.19078437916729488,-0.11909608327816001,0.00028358167154741987
287,1,-0.3821203813906325,2.643035911648532,-6.125129180985548,-0.4473062205382654,-0.19239183182654082,0.8734429163455394,0.27385996816946084,0.9002180550441515,0.3385382861756508,-0.8514210843654243,0.3906313305649624,-0.34998471492202676,-0.07968268782014112,-0.16770615688383636,0.4249568232311462,0.09483010982742526,-0.5313553364759854,-0.2749717277468682
288,0,0.0,0.0,0.0,1.0,0.0,0.0,0.0,1.0,0.0,0.0,0.0,1.0,0.03807348131873011,0.018138059327733328,0.0007249829231273019,0.008579865667716909,-0.01756778040964321,0.0031861793309456155
288,1,8.711269373789014,4.164504069696836,-0.3823786075862015,-0.732834597502195,-0.0759006503436484,-0.6761601466969248,0.6366416474293188,-0.42714373923320226,-0.642055791027821,-0.24008512128467788,-0.9009924069110068,0.3613472252922836,-0.03807348131873,-0.018138059327733394,-0.0007249829231272828,0.0013749345361621056,-0.0033062258977309515,-0.0037378265086723227
289,0,0.0,0.0,0.0,1.0,0.0,0.0,0.0,1.0,0.0,0.0,0.0,1.0,-0.18291324851499152,-0.11186623990811925,-0.519574697992553,-0.18452588133337028,-0.31056075309076026,-0.004529408629479462
289,1,-2.479168478495092,0.5323356630557816,-5.669113702805793,-0.7206714776204695,0.6146867973649424,-0.32061310405153315,0.5825678708826298,0.2862362770809187,-0.7607124749194896,-0.3758288136367521,-0.7350026767489257,-0.5643790995530447,0.18291324851499163,0.11186623990811931,0.5195746979925534,-0.7262446935739821,0.05940354318507444,0.3792359098473737
290,0,0.0,0.0,0.0,1.0,0.0,0.0,0.0,1.0,0.0,0.0,0.0,1.0,0.251917447523764,0.23656674177264117,-1.0521421244471325,-1.0181724859355226,0.08901773693012976,0.016930798876892028
290,1,0.6164480142828229,3.070464218168207,-4.456660108890569,-0.30352413288793256,0.8039945697460906,-0.5113372982419992,-0.9524026129171681,-0.24004712523312466,0.1879006135590388,0.028326024485961165,0.544031349727303,0.8385866245360163,-0.251917447523764,-0.23656674177264111,1.052142124447132,-1.1580946984585334,-0.5631372526840751,-0.6446032092197743
291,0,0.0,0.0,0.0,1.0,0.0,0.0,0.0,1.0,0.0,0.0,0.0,1.0,0.054043372586610836,-0.1287511866755376,0.3184163181492569,-0.566412778891699,-0.3033961919663931,-0.004974554896463312
291,1,2.079391749637398,-4.121760054187718,4.4192573213967,-0.8991388842706338,0.38865219941433915,-0.20124297424495763,0.21752488493281627,0.7958394078940936,0.5650863308183482,0.37977913479748326,0.4643157381924237,-0.8001116822289873,-0.0540433725866107,0.1287511866755376,-0.31841631814925714,-0.17703825750305352,-0.11988450296673941,-0.03999578611159854
292,0,0.0,0.0,0.0,1.0,0.0,0.0,0.0,1.0,0.0,0.0,0.0,1.0,0.0009436556601860571,-0.003881425470910139,0.07649572017217468,-0.004313012000246287,0.007717803771404252,1.1361386557003084e-06
292,1,-0.29099729700106985,-0.5134205393368485,8.768677903890836,-0.24172274048298337,0.5153983309718091,0.8221524658874835,0.12616207552710154,-0.8233931336463174,0.5532692637069144,0.9621087503146877,0.2374622241443273,0.134009121601252,-0.0009436556601860619,0.0038814254709101104,-0.0764957201721746,-0.0009264921451436307,0.022816856567204245,0.0016128403798912547
293,0,0.0,0.0,0.0,1.0,0.0,0.0,0.0,1.0,0.0,0.0,0.0,1.0,-0.011487592485370172,-0.10826319043135252,0.15894077558304703,-0.07248112822388314,-0.016992955549553934,-0.0005468230202403191
293,1,-0.36182241835760043,-4.858262509159959,6.152572780957389,-0.3365880534217498,0.7753624293873712,-0.5343421987717901,-0.8500582566251665,-0.006069623075634745,0.5266537002804615,0.4051042367553565,0.6314873417339683,0.6611461975937141,0.01148759248537024,0.10826319043135252,-0.1589407755830471,-0.03359772434049551,0.0038230425024259836,-0.01609086749095969
294,0,0.0,0.0,0.0,1.0,0.0,0.0,0.0,1.0,0.0,0.0,0.0,1.0,-0.02140282134247881,0.03458354630303471,0.06319240266684015,0.09981849690100375,0.13313103224313858,0.004478187411069007
294,1,-4.317143949993818,4.71217488379761,5.063710398893166,0.9626703707220248,-0.0036122917040706803,0.2706523760888938,0.2442351281408655,-0.41944914982970305,-0.8743063610023404,0.11668315866454051,0.9077716464264481,-0.4029090200383725,0.021402821342478756,-0.03458354630303467,-0.06319240266684015,0.02283409274722525,0.03130197761802046,-0.05292649793011002
295,0,0.0,0.0,0.0,1.0,0.0,0.0,0.0,1.0,0.0,0.0,0.0,1.0,0.05882463476593417,0.022596521038671713,-0.125039004291225,-0.09142209364247506,0.30189445283118505,0.00639306808723019
295,1,5.18514802754443,1.7410819248830107,-4.822797650035582,-0.64585527059509,-0.04954532911357398,0.7618505298334911,0.27117625541634016,0.9179348223084581,0.28958435816167843,-0.7136766830595739,0.393625357867817,-0.5794175262282959,-0.058824634765934136,-0.022596521038671727,0.1250390042912251,-0.01730260807006048,0.06275198332223134,0.00835473007699241
296,0,0.0,0.0,0.0,1.0,0.0,0.0,0.0,1.0,0.0,0.0,0.0,1.0,0.21779139764249977,-0.001604395616808869,0.007316050723992966,0.0012836135338563787,-0.056185616247806075,0.003664393219378205
296,1,7.667498723722274,0.0817450020186792,0.10831585985858924,0.32835954151201907,0.09329273081948752,0.9399342944452338,0.8822569545775071,-0.3856959727095717,-0.2699282918392218,0.3373465245080188,0.917897098269659,-0.20895511333896732,-0.21779139764249955,0.001604395616808794,-0.007316050723993001,-0.0005117814618668167,0.023680069164353938,-0.03376945280354187
297,0,0.0,0.0,0.0,1.0,0.0,0.0,0.0,1.0,0.0,0.0,0.0,1.0,-0.01493682458461025,-0.0008947203353867686,1.0766560329144341,0.7194568111458708,0.027890588518789478,0.00018197182367621356
297,1,-0.08663035822221575,2.147211362869493,5.043980737961513,-0.019149583556220318,0.9996730475274813,-0.01694377457184562,-0.8737171440945162,-0.024970650401016314,-0.48579297929660614,-0.48605724515220006,0.005501333081028625,0.8739096576702798,0.01493682458461032,0.0008947203353867478,-1.0766560329144335,1.596864208767545,-0.00996054619638681,0.03196805759275062
298,0,0.0,0.0,0.0,1.0,0.0,0.0,0.0,1.0,0.0,0.0,0.0,1.0,0.0107843034956017,0.02765664666433938,-0.0009481916822871549,-0.0214671356208688,0.016963108529166278,-0.000678027147214065
298,1,3.269776164296664,9.320287967612058,1.430649924404184,0.2142404642504685,0.9142028731245533,0.3439972823272819,0.9765268738766624,-0.1924307876269684,-0.09677632236212416,-0.022277523974106428,0.35665599496444267,-0.9339701350586682,-0.010784303495601652,-0.02765664666433944,0.0009481916822871783,-0.02693726336615265,0.00156582901349507,-0.00940374291448693
299,0,0.0,0.0,0.0,1.0,0.0,0.0,0.0,1.0,0.0,0.0,0.0,1.0,-0.036055812566837826,-0.00178036854555055,-0.0066318561298198235,-0.002447647373653111,0.013594032460212445,0.0028716964602918046
299,1,-9.629481637379415,-0.11133291267528439,-2.3401437683537822,-0.9937852203304312,0.006123316809073388,-0.11114603386559538,-0.10283052891814079,0.33183567408497316,0.9377158246115862,0.04262415014063934,0.9433173328185098,-0.32914372457782193,0.03605581256683798,0.0017803685455505423,0.0066318561298198435,-0.0009803271242139263,0.006920415807163285,0.01025813112491495
300,0,0.0,0.0,0.0,1.0,0.0,0.0,0.0,1.0,0.0,0.0,0.0,1.0,0.00874840651086119,-0.043287831571403264,-0.07643068170368739,0.017211080706888295,0.09264146552037997,0.0016068724252314877
300,1,3.162651392005157,-3.760518466899978,-6.634629263254287,-0.8992451060196021,0.055408291856920255,-0.43392183684771296,0.38450863891754683,0.5731227662581385,-0.7236597276306004,0.20859373408031817,-0.8175941633782114,-0.5366828095926981,-0.00874840651086118,0.04328783157140312,0.07643068170368733,-0.016990804808873133,0.09103970251788605,-0.10561264896137354
301,0,0.0,0.0,0.0,1.0,0.0,0.0,0.0,1.0,0.0,0.0,0.0,1.0,-0.015821410367776918,-0.017594356445138796,-0.09990092624811438,0.014493931905310103,-0.013136810101206207,2.2105421258162596e-05
301,1,-1.3911348016372045,-1.7700303650371199,-8.148925089981812,-0.6434623819664163,-0.3067241170848879,0.7013390613623356,0.3268726154720798,0.718378229519879,0.6140741100277116,-0.6921780524175465,0.6243821228625785,-0.36198965233977654,0.01582141036777693,0.0175943564451388,0.09990092624811468,0.018958648371312024,0.003088642786538559,-0.0035503606266939283
302,0,0.0,0.0,0.0,1.0,0.0,0.0,0.0,1.0,0.0,0.0,0.0,1.0,-0.09583895082394185,-0.15913635533328335,0.11239074141603025,-0.014540758866129903,0.008306699711320009,-0.009532481247268871
302,1,-3.400788014625796,-5.762547958696029,4.330768618833542,-0.15649714994079456,0.821694303819194,-0.5480210882178699,0.9868347985156256,0.15301391409053278,-0.05238150946010886,0.04081326376354666,-0.5490038371138993,-0.8348227742073056,0.09583895082394193,0.15913635533328305,-0.11239074141603034,0.056066455135777724,-0.041145934039035305,-0.0015550592781451988
303,0,0.0,0.0,0.0,1.0,0.0,0.0,0.0,1.0,0.0,0.0,0.0,1.0,-0.19043553745573397,0.14894880818981565,-0.9405994532554404,-0.668580475446126,-1.2113039301488702,0.00046668665380938945
303,1,-2.6646775919118344,1.5007234934755962,-4.111369072645546,0.786875040586271,0.5419819558921835,-0.29509867839358006,0.613196357227916,-0.7404772858720734,0.27510655497450837,-0.06941107969746949,-0.39742791622483103,-0.9150044554101475,0.190435537455734,-0.14894880818981548,0.9405994532554407,-0.13061569860559347,-0.512139576877288,-0.11157615312671304
304,0,0.0,0.0,0.0,1.0,0.0,0.0,0.0,1.0,0.0,0.0,0.0,1.0,-0.05586318825599177,-0.04455501487928071,0.017912632747266802,-0.031366202056264385,0.04396733562352342,-0.0085825491731297
304,1,-6.755627123789631,-5.536384978537114,1.215409691835927,-0.7891748047458611,-0.26422582071881734,-0.5544256877344333,0.541665101199571,0.12605987247752748,-0.8310883386821212,0.28948582987218996,-0.9561870236603386,0.043638630670457035,0.0558631882559919,0.044555014879280666,-0.017912632747266767,-0.013652431907583593,0.009147071599206979,0.00029949987878510713
305,0,0.0,0.0,0.0,1.0,0.0,0.0,0.0,1.0,0.0,0.0,0.0,1.0,-0.15029879608210955,-0.18153010541446238,-0.07995423831239266,0.03514398182881488,-0.11721065182083584,0.0016022013602694472
305,1,-5.070149961297097,-5.3636877032857315,-2.323362673623978,0.7751030643663582,0.5908057740383603,-0.22397271479538508,0.4097576169990562,-0.20019923782512272,0.889954471018318,0.4809510733132174,-0.781580963520206,-0.39726220880130336,0.15029879608210986,0.18153010541446232,0.07995423831239268,-0.028054688026045178,0.06102928624351501,0.11262685121686317
306,0,0.0,0.0,0.0,1.0,0.0,0.0,0.0,1.0,0.0,0.0,0.0,1.0,-0.09635917315705142,0.7440895901695406,-0.754667365384484,-0.9952263500949758,-0.49243571852652507,-0.13176454293758127
306,1,-1.6540676721993552,4.9034460666685336,-2.921302998079269,-0.8821440419198632,0.14340965863380106,-0.4486151570286304,0.1499375189325846,-0.8174464409419371,-0.5561475133520786,-0.44647578850552117,-0.5578664589325086,0.6996030190590066,0.09635917315705124,-0.7440895901695407,0.7546673653844841,-0.5315332237408239,-0.4743408323836754,-0.6265179847775469
307,0,0.0,0.0,0.0,1.0,0.0,0.0,0.0,1.0,0.0,0.0,0.0,1.0,-0.0014349433488360618,0.03802302226256958,-0.06568203513904261,-0.07831076000055721,-0.07864728094961182,-0.0009816893421640202
307,1,-2.175181873361569,5.552928387797041,-6.028610247170043,-0.12693165598415646,0.873048703636813,0.47082301960205836,0.8526535045228506,-0.1464956491613767,0.5015187194927903,0.5068237917994981,0.4651074992459993,-0.7258131014325326,0.001434943348836053,-0.038023022262569484,0.06568203513904253,-0.05719089585081408,-0.05557237711343015,-0.07375716179716865
308,0,0.0,0.0,0.0,1.0,0.0,0.0,0.0,1.0,0.0,0.0,0.0,1.0,0.015507150153490704,0.013140311841185047,-0.052912017106927736,0.04294680253616457,-0.05751578573602201,2.627481803657572e-07
308,1,-0.9011434156611782,-0.5367328151691493,-8.264640692225907,-0.3793799708684773,-0.7896480478599989,0.4822103257031374,-0.7118926761817385,0.5820221382003081,0.39301278381694377,-0.5909988623530804,-0.19418082077186288,-0.7829522038679817,-0.015507150153490731,-0.01314031184118506,0.05291201710692756,0.09405276931311018,-0.1183265542682347,-0.003518371886465071
309,0,0.0,0.0,0.0,1.0,0.0,0.0,0.0,1.0,0.0,0.0,0.0,1.0,0.08935473789445961,0.03894192247040891,0.02581488544707948,0.04244819705623093,-0.11307665899515626,0.011374054868553115
309,1,7.87130820413394,3.2666431393692914,0.7694152281585449,0.28642451021027227,-0.6896167186088693,-0.6651238842245414,0.678857742167833,0.6359543889609429,-0.36703430501808093,0.676101446418803,-0.34639687726139984,0.6503045729302179,-0.08935473789445947,-0.038941922470408896,-0.025814885447079508,0.011917313220573473,-0.021369364569106,0.0032597774444463115
310,0,0.0,0.0,0.0,1.0,0.0,0.0,0.0,1.0,0.0,0.0,0.0,1.0,0.06464512485992244,0.0033597406359528606,0.03858808386521017,0.012386271224990565,-0.05506090242730145,-0.0035253251971943574
310,1,7.184958715338309,0.6459192695046218,4.454492299905618,-0.16517067205779168,0.43579790961372383,0.8847591938308896,0.9219822325901492,0.3867947621631138,-0.018400400845199838,-0.3502390781738398,0.8126930502591299,-0.4656850804786963,-0.0646451248599225,-0.0033597406359528095,-0.03858808386521013,-0.0024274230757228704,0.0657683238667156,-0.014090608865796128
311,0,0.0,0.0,0.0,1.0,0.0,0.0,0.0,1.0,0.0,0.0,0.0,1.0,-0.02691964616582198,0.07337090177498404,0.0434418001135527,0.03209575066208724,-0.015922418486417476,-0.006818051272255987
311,1,-2.428859902229838,7.505570784961039,3.8434504803408096,-0.17911708209969657,-0.5052613833627133,0.8441729712461111,-0.9648827413299506,0.2577942788893033,-0.05043218471912286,-0.19214152696304387,-0.8235611964233995,-0.5336933476838253,0.026919646165821907,-0.07337090177498393,-0.04344180011355275,0.01196232744621132,0.01797213787627637,0.03065771976423506
312,0,0.0,0.0,0.0,1.0,0.0,0.0,0.0,1.0,0.0,0.0,0.0,1.0,0.04721404133457154,-0.021666017499544665,-0.012135991964371998,0.02032887297883491,-0.009585340939060868,-0.001763626878635717
312,1,7.924704925618606,-4.1463763368196656,-2.4897978144930244,0.4957308311141886,0.6478486174403307,0.5783970193245188,-0.8684351066457184,0.3632977635826027,0.337394725093797,0.008450362600235684,-0.6695572446449454,0.7427123854598046,-0.047214041334571445,0.02166601749954474,0.01213599196437189,-0.02395248609306374,-0.011793920691812749,0.02583401503674773
313,0,0.0,0.0,0.0,1.0,0.0,0.0,0.0,1.0,0.0,0.0,0.0,1.0,0.04439917789573171,-0.0891631839923701,0.35906613740665566,-0.3330155141196508,-0.15612620701763358,0.00019629652363305564
313,1,0.8160786542333911,-1.722806245932971,5.343855328743296,-0.966724221728458,-0.07835753702566343,0.24352489711481265,-0.054469243690498284,-0.867060574875226,-0.49521617601692736,0.2499547571367535,-0.4920020893129571,0.8339403836584434,-0.044399177895731584,0.08916318399237007,-0.35906613740665544,0.19088928579778433,0.10036278021195495,0.003530713269764894
314,0,0.0,0.0,0.0,1.0,0.0,0.0,0.0,1.0,0.0,0.0,0.0,1.0,-0.03202135695268051,-0.02213649221411036,0.027748257046603428,-0.0520057512400287,0.006706519058606323,0.0004721346367434383
314,1,-5.883498674975867,-5.463733794246533,4.552868119591345,0.13256687094756514,-0.04143367005080478,0.9903076671990845,0.987184681724986,0.09507140611125331,-0.1281711040272625,-0.08883934316905906,0.9946078014605305,0.05350600320655596,0.03202135695268038,0.02213649221411044,-0.02774825704660346,0.0011811911642672515,0.010761299292061335,-0.04518828214640242
315,0,0.0,0.0,0.0,1.0,0.0,0.0,0.0,1.0,0.0,0.0,0.0,1.0,-0.03195536928432921,0.06980884637266643,-0.16586383600249535,-0.22507587617220004,-0.06458119742836044,-0.003346734223158704
315,1,-1.7584554976254707,4.969852100458865,-5.3928412872778795,-0.9383630096805446,0.2984214063820048,-0.17441194419034592,0.30714746486664063,0.9513402134069346,-0.024743346193345422,0.1585411520371471,-0.07678842730408202,-0.9843618443148332,0.03195536928432918,-0.06980884637266649,0.16586383600249524,-0.222774828639212,-0.05475274202073469,0.039404443694914165
316,0,0.0,0.0,0.0,1.0,0.0,0.0,0.0,1.0,0.0,0.0,0.0,1.0,0.03633289102100379,-0.005236555577139793,-0.02414576849442185,0.029843374166299442,0.047875191888066305,-0.0040811637555794745
316,1,8.522064490046727,-1.5743527661064465,-3.6550244782942936,-0.15515972920065435,-0.5428579824841508,-0.8253669906699791,0.5701099628188595,0.6331144620823864,-0.5235844804774195,0.806783793050566,-0.5517891705673172,0.21125487572023927,-0.03633289102100384,0.005236555577139828,0.02414576849442168,-0.010969155563735265,0.025098998334167014,0.01665568690104124
317,0,0.0,0.0,0.0,1.0,0.0,0.0,0.0,1.0,0.0,0.0,0.0,1.0,0.13428782807761558,0.17002001981839887,0.08333143290786654,0.10370353797826201,-0.08691410235760527,-0.028946281457750203
317,1,4.582986633239435,5.7418522356788895,1.7587615430266024,0.7438547072274865,-0.5782253786703954,0.3351650130860741,0.13409130383423137,0.6204094682015131,0.7727299748307629,-0.6547516298349674,-0.5298561155893112,0.5390294982661525,-0.13428782807761563,-0.17002001981839873,-0.08333143290786653,0.07574856396487659,-0.058812473068357934,0.03708489379665615
318,0,0.0,0.0,0.0,1.0,0.0,0.0,0.0,1.0,0.0,0.0,0.0,1.0,-0.019549847070127052,-0.1433503849635707,-0.31504451483671175,0.6214410428420344,-0.12146853473137356,0.011215628746136498
318,1,-0.7849368932724442,-4.570673659605944,-4.376723990264011,0.350996201624146,0.9327227593142746,0.08264333429011467,-0.7493354759840112,0.22686278040145813,0.6221170495174806,0.5615140344436971,-0.28028830358344525,0.7785502270226867,0.0195498470701271,0.14335038496357047,0.31504451483671136,0.19111955384181667,-0.040257243309261156,0.011949406023823054
319,0,0.0,0.0,0.0,1.0,0.0,0.0,0.0,1.0,0.0,0.0,0.0,1.0,-0.04663557331382032,0.0029271258926232696,-0.02814370287067288,0.0011126185379166098,0.023992719504090234,-0.0009535914025113768
319,1,-7.215760390396017,0.4589916916591025,-6.037934906833215,0.639540109901682,0.5372315772277719,0.5498824240292693,0.6903702593150337,-0.716032445765604,-0.10337524686413549,0.3381972100420667,0.4457350884104687,-0.828820172341066,0.04663557331382026,-0.002927125892623301,0.02814370287067284,0.003643451275687301,0.05451162009432882,0.0012374930156203306
320,0,0.0,0.0,0.0,1.0,0.0,0.0,0.0,1.0,0.0,0.0,0.0,1.0,0.0026907625504984096,-0.04776334551722478,-0.021816439658338557,0.0740850448049661,-0.00952046303921101,0.0020027533365890573
320,1,0.3279712989290441,-8.877282873242669,-2.1835984856664945,-0.04141730584084469,-0.9508098730329569,-0.306993798178299,-0.6840487321660965,-0.19697121371186377,0.7023387167106988,-0.7282595270910239,0.23908769586059328,-0.6422422711790547,-0.002690762550498433,0.04776334551722461,0.021816439658338554,0.015289692387357664,0.010800084061406914,0.006218900498432179
321,0,0.0,0.0,0.0,1.0,0.0,0.0,0.0,1.0,0.0,0.0,0.0,1.0,-0.03182702179329622,-0.030603354347674416,-0.00826769946160387,-6.750358104261247e-05,0.00767351853019506,-0.004767904277536332
321,1,-6.861548958794516,-6.531363670042471,-1.8496654723938608,-0.41283866641453226,-0.298272734548209,-0.8605798111379348,-0.6691867352288542,0.7402948785190326,0.06444071874395901,0.6178619173462767,0.6024922146083087,-0.5052225078414043,0.031827021793296224,0.03060335434767438,0.008267699461603845,-0.002539112396935949,-0.005533399862401823,0.006880464571055325
322,0,0.0,0.0,0.0,1.0,0.0,0.0,0.0,1.0,0.0,0.0,0.0,1.0,0.06008685249253576,-0.03739118920282847,0.01472599608373389,-0.0033182664116859183,-0.013497748736249964,-0.0032017111593237307
322,1,7.385805782649348,-4.436724592764322,2.0676800619845683,-0.618959918175825,0.7142072420523924,-0.3267975445007074,-0.7854178643536469,-0.5642754955408378,0.25438542310104706,-0.002719934913335914,0.4141270101455081,0.9102150413072778,-0.06008685249253573,0.03739118920282847,-0.014725996083733912,0.015296093842613512,0.02897478859196022,-0.006373534119626695
323,0,0.0,0.0,0.0,1.0,0.0,0.0,0.0,1.0,0.0,0.0,0.0,1.0,0.2386331223900347,-0.06304188822761415,0.172628650057961,-0.1537800985366498,-0.38808033689563565,-0.029033153172096995
323,1,6.1653700855527465,-1.9968724644478737,2.9761683521970568,-0.0005678579120551586,-0.11568236023434272,0.9932860962824374,-0.556720484570122,0.8251592927202913,0.09578331638316329,-0.8306996927875921,-0.5529283255250724,-0.06487131287895576,-0.23863312239003498,0.06304188822761422,-0.1726286500579609,-0.0033140267331304984,0.03397316856211773,0.1168764925626839
324,0,0.0,0.0,0.0,1.0,0.0,0.0,0.0,1.0,0.0,0.0,0.0,1.0,-0.06673891778208825,-0.11584758253929395,-0.03837302201120209,0.12957291001215498,-0.08884148100322667,-0.000995410974180871
324,1,-4.1311162623104,-7.113054243217451,-1.0149235493624431,0.22766534358501955,0.9631403744379303,0.1432798326976925,0.6633866784717288,-0.26112804433491443,0.7012348103795691,0.7128019403428713,-0.06459693173353337,-0.6983842998335883,0.06673891778208815,0.1158475825392942,0.038373022011202094,0.025800037373863292,-0.00194703494523997,0.0048577008339830054
325,0,0.0,0.0,0.0,1.0,0.0,0.0,0.0,1.0,0.0,0.0,0.0,1.0,-0.0034161453225144047,0.003609765179416297,0.04272230291332092,-0.048271634694644676,0.027203205564765187,1.9992027480517788e-05
325,1,-2.280279939036009,-2.2252575367666547,8.543555161261535,0.851607652684258,0.5091351709580527,-0.12468273169578283,0.37258221055973334,-0.7552550575938426,-0.5392330612576938,-0.3687097805375262,0.4127604337535704,-0.8328756942446656,0.003416145322514501,-0.0036097651794162813,-0.04272230291332085,-0.07763671978079556,0.041029578716112194,-0.015853070276349766
326,0,0.0,0.0,0.0,1.0,0.0,0.0,0.0,1.0,0.0,0.0,0.0,1.0,-0.013325696539828857,0.011328250272000042,-0.015743902469391367,-0.04084540536007089,-0.0434282132295876,0.001264170377152301
326,1,-6.959003393230829,6.090704945513416,-3.794725300973771,-0.42447945153123623,-0.4911230812640998,0.7606676766350713,-0.7200215450991223,-0.32628273465325197,-0.6124610613420808,0.5489864932954303,-0.8076742512404688,-0.2151188835558946,0.013325696539828766,-0.01132825027200007,0.015743902469391335,-0.012058461349010001,-0.015566299664814872,0.001065383358177443
327,0,0.0,0.0,0.0,1.0,0.0,0.0,0.0,1.0,0.0,0.0,0.0,1.0,0.007648839703402006,0.004231765722658853,0.015214987989528635,-0.001061022337807166,0.03549061679696863,3.523686343726712e-06
327,1,-1.2328377389388812,1.6255628074142432,9.323616618953105,0.7134180372399206,-0.5650062955014596,-0.4144907600712671,-0.6995352350111508,-0.6088933563458905,-0.37403119599270196,-0.041050689624336,0.5567914929680178,-0.8296373148791059,-0.007648839703401989,-0.0042317657226588435,-0.01521498798952859,-0.013661420290458973,0.05458184356837089,-0.017654273513309088
328,0,0.0,0.0,0.0,1.0,0.0,0.0,0.0,1.0,0.0,0.0,0.0,1.0,0.18207503742036124,-0.271815471494207,-1.0650368274835538,0.15215796973173468,-0.43609393574288535,0.0010575851275890225
328,1,-1.007211371500066,-0.8195315604290144,-5.085997449745454,0.1283829570491275,-0.7959699308882133,-0.591565453235003,0.9032895155378768,-0.1523759049604878,0.40106063719445173,-0.4093725289496955,-0.5858442222206214,0.6994288239928677,-0.18207503742036116,0.2718154714942067,1.0650368274835542,-0.661779471410664,-1.562656443947169,0.42193428824330825
329,0,0.0,0.0,0.0,1.0,0.0,0.0,0.0,1.0,0.0,0.0,0.0,1.0,-0.10372347695264114,0.16979282925572287,-0.07628280125593154,-0.0146506934639863,-0.013867733127468362,-0.0208818813996149
329,1,-4.042422081464992,6.289752026751521,-2.929754499879667,-0.3771675956572089,0.42915915424650763,-0.8207112921804979,0.7903642822991055,-0.312778723242509,-0.5267767758288192,-0.4827721057103239,-0.8473440214064228,-0.22122206792002364,0.10372347695264089,-0.1697928292557231,0.07628280125593151,0.03230209521746191,0.009384776239650153,-0.013097451473545615
330,0,0.0,0.0,0.0,1.0,0.0,0.0,0.0,1.0,0.0,0.0,0.0,1.0,0.05663260596909263,0.02722820747984854,0.1036768614733033,-0.07000299122238478,-0.134007522989928,-0.002705368023697259
330,1,5.157212149100163,-0.006348218666043448,5.946395451252437,-0.8850506616395157,-0.2618595350033943,-0.3848569997534941,0.12446300934723623,0.6635473859013075,-0.7377084966080918,0.4485468600220991,-0.7008098533777527,-0.5546812271683328,-0.05663260596909271,-0.02722820747984852,-0.10367686147330366,-0.09256486126878587,-0.06391617605358302,0.14348652660331185
331,0,0.0,0.0,0.0,1.0,0.0,0.0,0.0,1.0,0.0,0.0,0.0,1.0,-0.008166495703095973,-0.004097004627239647,-0.044708705373444804,0.03227636394867057,0.08290585481802874,7.53252868985789e-05
331,1,2.7743375077350323,-2.0701219781573106,-7.837443644383505,-0.3904452979181676,0.8763409755714492,-0.2820974368335769,0.9188970704521923,0.35219444440376557,-0.17772801480211736,-0.056397191844736544,-0.3286115759762634,-0.9427798199401725,0.008166495703096063,0.004097004627239673,0.044708705373444756,0.028166066783088257,0.10513563326690925,-0.028347441133119843
332,0,0.0,0.0,0.0,1.0,0.0,0.0,0.0,1.0,0.0,0.0,0.0,1.0,-0.0043891892541756475,0.010208494930281763,-0.0167296887391973,-0.0571790681333654,-0.017136355772033134,-0.0006229412819563108
332,1,-2.9468821945432504,7.762271724588024,-5.455838312956361,-0.6491692767654376,-0.6031405393269922,0.46346600730170395,-0.2123986859486247,-0.4413348361800822,-0.8718430825447875,0.730387601422105,-0.6644133142812872,0.15839475841901907,0.00438918925417562,-0.010208494930281819,0.016729688739197196,-0.016985423969812227,-0.008217359198010348,0.004609788980376642
333,0,0.0,0.0,0.0,1.0,0.0,0.0,0.0,1.0,0.0,0.0,0.0,1.0,0.4519659404103245,0.02010900337005897,-0.04124700121862086,0.004456426346257359,0.05634924527767083,0.01143376773113055
333,1,6.8890841886643575,0.036105777183006456,-0.3539348605493892,0.19303212338263065,-0.26572204695597745,-0.9445265444146702,-0.004289116835675649,0.9623935793375931,-0.2716251128422146,0.9811830628476843,0.05648355699937084,0.1846331632441367,-0.45196594041032434,-0.0201090033700589,0.041247001218620884,0.0011715959218451047,0.06783831655514816,0.11078026789657769
334,0,0.0,0.0,0.0,1.0,0.0,0.0,0.0,1.0,0.0,0.0,0.0,1.0,-0.040936360299200926,-0.02562954882808395,-0.08589761420467226,-0.04061704338399703,-0.15590188383400966,-0.0013808108532423306
334,1,-4.363468356201932,-0.3816840302739357,-6.055801969307584,0.3237167618108979,-0.5935265559661774,-0.7368403392089731,-0.872672882585647,0.11360974995231865,-0.4749051112753254,0.3655810417982912,0.796755327612373,-0.48117715012142503,0.040936360299201044,0.025629548828083947,0.08589761420467243,-0.08180468130102389,0.028992853694866257,0.09758978116457423
335,0,0.0,0.0,0.0,1.0,0.0,0.0,0.0,1.0,0.0,0.0,0.0,1.0,-0.32246496941674685,0.4782329452133129,-0.03161024236152282,-0.04540026987929299,-0.027190555553340465,-0.07299022235077662
335,1,-3.8258363042922223,6.019155170373932,-0.22980593005447464,0.03250556113970238,0.13164929186807148,-0.9907632676101936,0.028605332837630504,-0.9910035699955999,-0.13074272136231513,-0.9990621219064615,-0.024091247510474187,-0.03597899894587964,0.32246496941674685,-0.4782329452133129,0.03161024236152279,-0.034965917110404435,-0.01964069505404611,0.1843159465743747
336,0,0.0,0.0,0.0,1.0,0.0,0.0,0.0,1.0,0.0,0.0,0.0,1.0,0.1844039944104039,0.29459376520776337,1.1920403262642991,0.1535814497992192,-0.07320952507264936,0.0018167072419252028
336,1,0.7380981278795439,1.6201611832219327,5.064430820068061,0.9187636044532814,0.22419996328617775,-0.3249735613776772,0.38329165643667085,-0.30916283340442985,0.8703481191726552,0.09466226934765218,-0.9242038297387767,-0.36998153448264315,-0.18440399441040395,-0.2945937652077635,-1.1920403262642996,0.2857662717313153,0.12726806453575723,-0.08314179443189954
337,0,0.0,0.0,0.0,1.0,0.0,0.0,0.0,1.0,0.0,0.0,0.0,1.0,-0.01765599879329524,0.01576267388937828,-0.012920454389928334,0.0033576942184649523,0.020297058195807342,-0.00037512983018249055
337,1,-4.704474129024717,5.723502125991475,-6.59698749587172,-0.2031392070304343,0.4498469041723543,-0.8696966283558852,-0.959628321809445,0.08501127291528288,0.2681167049225232,0.19454548709295316,0.8890505307820651,0.4144167071534324,0.017655998793295276,-0.015762673889378236,0.012920454389928365,0.026678220161735502,0.0353954016580256,0.02727418494327781
338,0,0.0,0.0,0.0,1.0,0.0,0.0,0.0,1.0,0.0,0.0,0.0,1.0,0.017217643013253667,-0.02282854140690503,-0.024438867374720667,0.07382135080086975,0.03939304389395826,0.0007312337049674607
338,1,5.034631993396214,-7.095374603479758,-3.634023733859482,0.49349009070637284,0.39844354185770803,-0.7731172448771924,0.6625887605398634,0.4035960819311072,0.6309408348301021,0.5634213918381723,-0.8236218468458346,-0.06483354546369324,-0.017217643013253688,0.022828541406905135,0.024438867374720646,0.01662210682544637,0.021078336321893466,0.006501088333279173
339,0,0.0,0.0,0.0,1.0,0.0,0.0,0.0,1.0,0.0,0.0,0.0,1.0,0.0014826318813233614,-0.00031905434142816616,-0.0058588644344629084,0.01751497411194504,0.005264500678400138,-1.6679723711619625e-05
339,1,1.356499263996042,-2.437481258521282,-8.778990590702836,0.3193205600898412,0.8925247137538959,0.31848707233172974,0.8821801550237036,-0.15722216030000813,-0.4438911650314216,-0.3461106094679334,0.42270655027941656,-0.8375718586274319,-0.0014826318813234013,0.00031905434142818004,0.005858864434462659,-0.0060350769180459105,-0.010332966720812683,0.003197770168401285
340,0,0.0,0.0,0.0,1.0,0.0,0.0,0.0,1.0,0.0,0.0,0.0,1.0,0.025866677712859783,-0.02179126338392738,0.012667769847611981,0.00021293218536379797,0.013709906836327473,-0.00018450007503734156
340,1,5.909853879635626,-5.635464822242987,4.883532925777797,0.3222218490689459,0.6636490696042443,-0.6750873961169845,-0.6680701148423973,0.6646609280224837,0.33452678878492964,0.6707126073342111,0.343213873807152,0.6575323833768438,-0.025866677712859776,0.02179126338392737,-0.01266776984761185,0.034816648691854586,0.037746196674666097,0.01717206994249029
341,0,0.0,0.0,0.0,1.0,0.0,0.0,0.0,1.0,0.0,0.0,0.0,1.0,0.10024232633651392,0.0482344640385879,0.09853489167633889,0.16320954292450152,-0.13290502409909966,-0.01340408193909464
341,1,5.586025656017364,3.838464700843178,3.8365946499582035,-0.17551710211286764,0.2485092231846861,0.9525948314252208,-0.9253644326390944,-0.37188829250902256,-0.0734830912608519,0.3359976393852017,-0.8943949149491335,0.2952343517287652,-0.10024232633651417,-0.048234464038588026,-0.098534891676339,0.029957073902483217,-0.03292423589578663,-0.10193359561021738
342,0,0.0,0.0,0.0,1.0,0.0,0.0,0.0,1.0,0.0,0.0,0.0,1.0,-0.10062657663841862,0.025636412717266292,0.08806448105984432,0.0049749208544377435,0.17977484236086447,-0.011978644246489506
342,1,-7.029648279586852,1.2667495933797914,3.4961909803653675,0.6001772416811997,-0.5047492981484015,-0.6204961116611795,0.7983112287291932,0.4263609608943272,0.42534164281216535,0.04986442271632563,-0.7506293872770783,0.6588391778751514,0.1006265766384187,-0.025636412717266258,-0.08806448105984441,0.016950929808292207,0.08747775578589558,-0.04076764526630229
343,0,0.0,0.0,0.0,1.0,0.0,0.0,0.0,1.0,0.0,0.0,0.0,1.0,-0.01463390378307298,-0.07073515575644392,-0.09557214934419651,0.020488842190953642,-0.0014125973105455353,0.0012386791015338607
343,1,-1.0010449698689712,-4.897093304966941,-6.735728894602183,0.6487861013218347,0.7590560245677469,-0.05394947913577966,0.5565131526018716,-0.4249230916258464,0.7139562151730722,0.5190083869387276,-0.493228464071712,-0.6981088572111942,0.014633903783073027,0.070735155756444,0.09557214934419656,-0.028915941989053586,0.004310586502444501,-0.0020931994802643747
344,0,0.0,0.0,0.0,1.0,0.0,0.0,0.0,1.0,0.0,0.0,0.0,1.0,0.003814279329852491,0.03540146350920883,0.0013435203090492037,-0.023697564356528467,-0.0041733791949338725,-0.003731288548356127
344,1,1.2638878424601923,9.718319260721678,1.438596431520173,-0.5504433530816599,-0.2860611777129496,0.7843348249655238,0.5212882379659215,-0.8515904334032873,0.05524768496856089,0.6521278156976615,0.4392752398456813,0.6178726208952099,-0.003814279329852453,-0.03540146350920894,-0.001343520309049176,-0.014174095421807482,0.007962528842975151,0.011406383605865131
345,0,0.0,0.0,0.0,1.0,0.0,0.0,0.0,1.0,0.0,0.0,0.0,1.0,0.05654699688678515,-0.15964993571769534,0.15648802943600967,-0.27633975394826066,-0.18839937041859234,-0.008655688710934653
345,1,2.8506405215477075,-5.8071131366631334,3.4541742878370907,0.6222280849273687,-0.7795272159287846,-0.07189944334928716,0.3596161132636041,0.36620897284142484,-0.8582349557618864,0.6953477269746395,0.5081616945783561,0.5081960554298464,-0.05654699688678509,0.1596499357176953,-0.15648802943600992,-0.08094523450921137,-0.06236856472811063,-0.11807407884831528
346,0,0.0,0.0,0.0,1.0,0.0,0.0,0.0,1.0,0.0,0.0,0.0,1.0,0.0644575481629806,0.10245854337310295,-0.04476644212234556,0.005753303228678731,-0.025181168343890833,0.001848028633545655
346,1,3.6270047289910563,6.387767018973711,-3.9586821471199087,-0.514806116897113,0.6535542349332313,-0.5548346816900998,0.8563442583362131,0.361357172087154,-0.3689112432493432,-0.04061001378868112,-0.6650472586079982,-0.7456962991714986,-0.06445754816298052,-0.1024585433731029,0.04476644212234557,0.11388990069642006,-0.06761767953816991,-0.04197020757316292
347,0,0.0,0.0,0.0,1.0,0.0,0.0,0.0,1.0,0.0,0.0,0.0,1.0,0.1480048732200267,0.05246285514085123,0.0014963984733249308,0.012794286161377559,-0.09409338942099735,0.013906017139762443
347,1,7.81231672475739,2.7392400453692427,-0.6269175374597633,0.038492202743601545,0.9799082521119836,0.19569917672484582,0.8110871213900522,-0.14502942231665328,0.5666605228685835,0.5836574610532654,0.1369170701751056,-0.8003734653594665,-0.14800487322002626,-0.052462855140851326,-0.0014963984733249308,0.024194592413594326,-0.01038380005020402,-0.009470452128460422
348,0,0.0,0.0,0.0,1.0,0.0,0.0,0.0,1.0,0.0,0.0,0.0,1.0,-0.011671197070411364,0.002598989628362327,-0.029356809223296556,-0.06409034578717032,-0.0029636780863591602,-0.0001282065194119983
348,1,-2.9763285978255714,4.5106476598075345,-7.4902333313109795,-0.5706188362214271,0.45567919876681257,-0.6831914896722144,0.6504191790658712,0.7586625576816762,-0.03722922340279708,0.5013472202501794,-0.46560454398892304,-0.7292896361283936,0.011671197070411412,-0.002598989628362341,0.02935680922329667,-0.04886083829321798,0.0030081565672465125,0.04503741711586896
349,0,0.0,0.0,0.0,1.0,0.0,0.0,0.0,1.0,0.0,0.0,0.0,1.0,0.45695562896341935,-0.2538409903270083,-0.6122691324945715,0.5522469948517481,0.4696569046006161,0.05974074988470998
349,1,3.993399365079843,-3.256329597097453,-3.6848315838504493,0.7366734086551328,0.48358991927077044,-0.47270823872671985,-0.6672076575672907,0.633677327598648,-0.3915188196894304,0.11020993904361265,0.6038160601268614,0.7894681341693772,-0.4569556289634195,0.25384099032700846,0.6122691324945715,0.5061418042466694,0.29157372633853673,0.41456893966604097
350,0,0.0,0.0,0.0,1.0,0.0,0.0,0.0,1.0,0.0,0.0,0.0,1.0,-0.028568184980639254,-0.5362232971367047,-0.0030224234633693114,0.07103285178347006,-0.010044301183314352,-0.09507544508307796
350,1,0.34407939780975333,-7.007563779437674,0.045806864382594265,-0.592626911084986,0.308268161151045,-0.7441532671959595,0.5036333078270743,-0.5791863229638954,-0.6410122421129892,-0.6286070597002767,-0.7546614764993079,0.1879872878224943,0.028568184980639226,0.5362232971367048,0.0030224234633692976,-0.025290318744712298,0.009775635853451453,-0.28962132240188165
351,0,0.0,0.0,0.0,1.0,0.0,0.0,0.0,1.0,0.0,0.0,0.0,1.0,0.8086600150081896,-0.5391936390412045,0.5727848702222647,-0.6678234059625546,-1.1078056576535489,-0.07579927747892015
351,1,4.445700588945755,-2.77450406131664,1.89028986556635,-0.6121248019707672,-0.20805917571780475,-0.7628988178073658,-0.7668003122584472,-0.07951732576432513,0.6369413442567832,-0.19318516488746373,0.9748786459364661,-0.1108653136219151,-0.8086600150081898,0.5391936390412048,-0.5727848702222647,0.09786172872758692,0.08997745382592232,-0.0776637052977715
352,0,0.0,0.0,0.0,1.0,0.0,0.0,0.0,1.0,0.0,0.0,0.0,1.0,-0.3520139797805637,-0.4660754399622253,-0.8064318179742551,1.2870867118203704,-0.9219428807448682,-0.0441917181136328
352,1,-2.7036046563958047,-3.627391950799468,-3.1742582759960456,-0.6051760423541284,0.6639370947437725,-0.43926016434886594,0.7378830910730786,0.2607019214743729,-0.6225456224631322,-0.2988151630507273,-0.7008723438421355,-0.6476785128195921,0.35201397978056376,0.4660754399622252,0.806431817974255,0.15871375102943344,-0.1409466488113031,0.027382771002325723
353,0,0.0,0.0,0.0,1.0,0.0,0.0,0.0,1.0,0.0,0.0,0.0,1.0,0.443903667635565,-0.47583887700696803,0.09619690924060655,0.011237049914956086,0.023456770105769735,0.11184714425433696
353,1,4.313773675230458,-5.166233869426805,0.5618986344609358,-0.2909572106560936,-0.6845128030037102,-0.6684206191397971,-0.9392455357378229,0.07138522366301248,0.33574093202818145,-0.1821036110674249,0.7254973276081627,-0.6636956399356699,-0.44390366763556527,0.47583887700696825,-0.09619690924060649,-0.24083956535431364,-0.18899960014980646,0.12880179696341615
354,0,0.0,0.0,0.0,1.0,0.0,0.0,0.0,1.0,0.0,0.0,0.0,1.0,0.26817447972955755,-0.1793874358333325,0.16183267233939463,-0.11804422170454662,-0.041096292120823705,-0.002662128121842928
354,1,5.207853455056183,-4.1177609115963065,3.4607370769165198,-0.1338212931362741,-0.5678478457829526,-0.8121826675957791,0.9250707847126081,0.22236619042033756,-0.3078917352400774,0.35543762430915393,-0.792528927798605,0.49554212114396334,-0.26817447972955727,0.1793874358333324,-0.16183267233939444,0.07246871964761148,0.12637681542000917,0.1727170407416002
355,0,0.0,0.0,0.0,1.0,0.0,0.0,0.0,1.0,0.0,0.0,0.0,1.0,-0.007077793909221249,-0.01321283285719494,0.0194563297243888,-0.042612296200241526,-0.021016162448805092,-0.00035006709014334843
355,1,-1.1022044445425954,-7.226385060698454,6.3787816654157865,0.37105364136254504,-0.5754362660484151,-0.7288294031855832,0.016664200287573483,0.7888592046493362,-0.6143479955764422,0.9284618999508657,0.2158107016722624,0.3022982655976616,0.007077793909221255,0.013212832857194948,-0.01945632972438886,-0.013704858278426327,-0.002686686474219409,-0.03623355397795645
356,0,0.0,0.0,0.0,1.0,0.0,0.0,0.0,1.0,0.0,0.0,0.0,1.0,0.01690998549363931,0.03372204218024348,0.01948241195752668,-0.015961501167235742,0.014202300810326718,-0.001524146287140364
356,1,2.9960659618468077,7.482078582267989,5.4234366914348335,-0.3062735349535659,-0.4868512176029465,0.8180295921943014,-0.821715258058322,0.5690534559658358,0.03101933151252151,-0.48060436583659094,-0.662686997135048,-0.5743390874448133,-0.01690998549363935,-0.03372204218024338,-0.019482411957526622,-0.02115892246487827,0.01913734364688492,-0.023964231261091175
357,0,0.0,0.0,0.0,1.0,0.0,0.0,0.0,1.0,0.0,0.0,0.0,1.0,0.008467264444283452,0.0038193220544113313,0.025625736734888452,0.048961895167756835,0.05224238830454495,3.51372990681012e-05
357,1,-1.3466942299687799,2.962866137474443,7.618973951649381,0.8167023492542075,-0.5722786178442103,0.07412459970198029,0.44804905940622164,0.7098135405509459,0.543522564403476,-0.36366098648034617,-0.41068469804565516,0.8361152825437952,-0.00846726444428348,-0.0038193220544113756,-0.025625736734888285,-0.002135582793641788,0.04677951073775073,-0.03026596737114499
358,0,0.0,0.0,0.0,1.0,0.0,0.0,0.0,1.0,0.0,0.0,0.0,1.0,-0.03214028882738608,-0.01565677543122294,-0.034840949985560685,0.03753569572299648,0.009969593872529697,0.0006803143006396707
358,1,-5.136580575208926,-4.397865495955507,-6.256688256516987,-0.3615481325040131,0.1350658525676508,-0.9225183810380334,-0.7074097105109683,0.6047879727267753,0.3657909369022492,0.6073338862254011,0.7848494909950638,-0.12311306643545472,0.03214028882738605,0.015656775431222916,0.03484094998556045,0.017730553089354926,0.012158826877185207,-0.06160669301421658
359,0,0.0,0.0,0.0,1.0,0.0,0.0,0.0,1.0,0.0,0.0,0.0,1.0,-0.028553774641081144,0.02062592462260611,0.00943108617623748,-0.0016459567395005334,0.02251605714384476,-0.004881375331178803
359,1,-7.888310357601756,5.505468043113273,1.876904018122309,0.1802485350396933,-0.9807803873332572,0.0747013884641402,-0.16175764885287713,0.04535483349512193,0.9857877064136169,-0.9702293175603559,-0.18977031090519852,-0.150473587201577,0.028553774641081213,-0.02062592462260602,-0.009431086176237485,0.014855619492966089,-0.0017134167328001337,-0.0006204257077064949
360,0,0.0,0.0,0.0,1.0,0.0,0.0,0.0,1.0,0.0,0.0,0.0,1.0,-0.03538830350011431,-0.00579734854317486,-0.0016661860480499217,-0.0014919483353772083,0.0012215507708029124,-0.00041896960167896874
360,1,-9.732106430381512,-1.9257023592860865,-0.5095044488984289,-0.5370558782749701,-0.7595920638019474,-0.36686629747007105,0.1173683014899729,0.3633918200110947,-0.9242137560945428,0.8353416459243842,-0.5394129047011412,-0.10600968270030076,0.03538830350011427,0.005797348543174902,0.0016661860480499022,0.0017467518645540633,0.0005934473490344675,-0.011307956903428298
361,0,0.0,0.0,0.0,1.0,0.0,0.0,0.0,1.0,0.0,0.0,0.0,1.0,0.020571332296101766,-0.012062070146264927,0.026427376134106083,-0.013860011071432539,-0.045236533339568195,-0.0008104529173609942
361,1,5.242316424037898,-2.520199488739243,6.396848264414114,-0.4864652455260612,0.1598322871908534,0.8589558806286905,-0.8615655571241821,0.07552517564436112,-0.501996751604217,-0.14510808272651943,-0.9842507748613809,0.10096562044678692,-0.020571332296101835,0.012062070146264824,-0.02642737613410625,0.02441698372991338,0.038287556682520166,-0.010578874382979962
362,0,0.0,0.0,0.0,1.0,0.0,0.0,0.0,1.0,0.0,0.0,0.0,1.0,0.013865163235169217,0.07639898443846807,-0.031872027904621125,0.022706048400090714,0.0002391466398823372,-0.0029220162878783457
362,1,1.4007609954620663,7.167168979890865,-4.7255741282061665,0.06576462993779719,-0.9978351305668351,0.00025623390072765373,0.6990363594407296,0.04625484878453867,0.7135885769431645,-0.7120556029054161,-0.04674977187737661,0.7005649700066494,-0.013865163235169162,-0.07639898443846808,0.03187202790462121,0.10989080615934277,-0.02111490977228093,0.010564765941969957
363,0,0.0,0.0,0.0,1.0,0.0,0.0,0.0,1.0,0.0,0.0,0.0,1.0,0.12664177619050268,0.16296458425026747,-0.5658751869443215,-0.03175395004779928,0.026255189397615918,0.0005136312938894064
363,1,0.6120922333220505,0.8206492409950964,-6.306561180004073,-0.610669379669674,-0.5266989121319202,-0.5913299964426862,0.59458778847506,0.18822697828435853,-0.7816878958013083,0.5230184227445461,-0.8289504572680997,0.19822428929073188,-0.12664177619050268,-0.16296458425026736,0.5658751869443213,0.5951150281322237,-0.4785614919291205,-0.00469275247675064
364,0,0.0,0.0,0.0,1.0,0.0,0.0,0.0,1.0,0.0,0.0,0.0,1.0,-0.059188286573273206,-0.044272131822338474,-0.021800609862613056,-0.011811712467072195,-0.01582203505066029,0.007605928708194015
364,1,-7.081036319272966,-4.955419611599242,-2.435029872248016,-0.45922111452403747,-0.8751667480762951,-0.1523126095793233,0.22156453951554178,-0.2788844549891991,0.9344156546177099,-0.860247128913876,0.3953563251383997,0.3219755477804074,0.059188286573273366,0.04427213182233827,0.021800609862613007,0.012038918629593118,0.005576370724293506,0.012583848595269563
365,0,0.0,0.0,0.0,1.0,0.0,0.0,0.0,1.0,0.0,0.0,0.0,1.0,-0.025326951225571475,-0.025489590514447536,-0.015334489660328448,-0.006926317564295962,0.013743874710513974,-0.001760892938040084
365,1,-6.260575952985051,-6.182315974275606,-4.5591507804275055,-0.45472902096394274,0.8198357758558701,0.34798106000180185,-0.8731896822361229,-0.33344505490437637,-0.355463323278501,-0.17538898577035192,-0.4654929601901849,0.8674992839673277,0.02532695122557151,0.0254895905144476,0.015334489660328361,-0.014481908538012792,0.005722777516649425,0.004761195222677223
366,0,0.0,0.0,0.0,1.0,0.0,0.0,0.0,1.0,0.0,0.0,0.0,1.0,0.03437522934686795,0.016364492617117518,-0.059523115344924465,0.004868309918067557,0.028665500908219718,0.000791045581581524
366,1,5.113604457775255,2.0283162977428915,-7.1373891660018725,0.4416555717300661,0.6866446274920945,0.5774595323449353,-0.6438299837158752,0.6908178615192682,-0.3290192004645946,-0.6248386255892032,-0.22647259821485682,0.7471859569274624,-0.03437522934686805,-0.016364492617117497,0.059523115344924354,-0.008800262552075942,0.03036277754109016,0.013166658891638582
367,0,0.0,0.0,0.0,1.0,0.0,0.0,0.0,1.0,0.0,0.0,0.0,1.0,0.015266210345815713,-0.06090814700999607,-0.019227118854617482,-0.011859999292967108,0.019173173500878975,-0.0012480993914639237
367,1,2.68420730597585,-7.94835956490535,-3.3173121296469725,0.8758393846624573,-0.3573380172478731,-0.3243684844485463,0.10822333792653462,0.8004324743589759,-0.5895723561358743,0.47031168537697127,0.4812664495068464,0.7397225988010281,-0.01526621034581582,0.060908147009995806,0.019227118854617448,-0.03736728152394324,-0.018206385352365736,-0.04090066478419695
368,0,0.0,0.0,0.0,1.0,0.0,0.0,0.0,1.0,0.0,0.0,0.0,1.0,0.013856933202248106,0.06943788691654385,0.07329808282698061,0.18505757124985955,0.013279437947250602,0.003079644320491945
368,1,0.6836063636351694,6.9375102157454895,4.035343672077931,0.5753311535617475,-0.645340478364867,-0.5025233633624546,-0.5871861095329626,0.10182359077854986,-0.8030220601779915,0.5693913737604852,0.7570783468999539,-0.320352680872785,-0.013856933202248092,-0.06943788691654382,-0.07329808282698051,0.04324288958573907,-0.0074689860979337205,-0.051744078596462344
369,0,0.0,0.0,0.0,1.0,0.0,0.0,0.0,1.0,0.0,0.0,0.0,1.0,0.4434489373672522,-0.14031022942800558,-0.08509815057578377,0.03068186536363324,0.0023817025300408544,-0.044401853545374896
369,1,6.637831721247395,-2.4305572816546626,-1.1319536637410121,0.5355033177836555,-0.44910632444326204,-0.7152200402587728,0.026702348979631196,0.8554625823634874,-0.5171757484018017,0.8441108820538136,0.25785127403419417,0.4700952448996646,-0.44344893736725266,0.14031022942800558,0.08509815057578377,0.01732938591230998,0.06052185144646366,0.19087420559265755
370,0,0.0,0.0,0.0,1.0,0.0,0.0,0.0,1.0,0.0,0.0,0.0,1.0,0.04647450007953946,-0.030218690723506827,-0.02707691310630238,0.042692700272010706,0.015137332384610416,0.0021660183361387596
370,1,6.296998775420379,-4.8792172962976705,-3.88035867740108,-0.23567251903998043,-0.5282330962504014,-0.8157378621806545,-0.9699716437809025,0.17977240959406138,0.16381969054335066,0.06011217871882801,0.8298503942123902,-0.5547385412923973,-0.04647450007953936,0.030218690723506945,0.027076913106302402,-0.02783791628205025,-0.024971773373578213,0.03430610780800739
371,0,0.0,0.0,0.0,1.0,0.0,0.0,0.0,1.0,0.0,0.0,0.0,1.0,0.05984383375568285,0.02749804412226702,-0.08954754423884499,-0.10450913978671031,0.22184946639044284,0.0042961139427236325
371,1,5.849677070546163,2.722438623409722,-4.295231297632226,0.21723918012907506,0.4782465586852816,0.8509332334105495,0.44752861062440125,-0.8235295977107102,0.34859309282748124,0.8674821504154655,0.30508888999785194,-0.39293191256302684,-0.059843833755682974,-0.02749804412226697,0.08954754423884491,-0.021168093542978647,0.04493164214953674,-0.006362600145213733
372,0,0.0,0.0,0.0,1.0,0.0,0.0,0.0,1.0,0.0,0.0,0.0,1.0,0.00037017848361955335,-0.04194096736138316,0.04336304794855227,0.029283989603655858,-0.009877102045676728,0.0002645344729343725
372,1,0.5428178236736336,-3.6745640828488977,7.7914445541104485,0.05391733444891922,0.9931606738382153,-0.10356059572610582,-0.0604898620724405,-0.10027239481915506,-0.9931195413562705,-0.9967115418376475,0.05981072461067527,0.05466973192878699,-0.00037017848361950087,0.041940967361383114,-0.04336304794855203,0.1381564336237128,-0.010776908139365382,-0.021670594538655483
373,0,0.0,0.0,0.0,1.0,0.0,0.0,0.0,1.0,0.0,0.0,0.0,1.0,-0.0035449886916532197,-0.017192309987086988,0.02389352143985021,-0.03476424006767653,-0.042548831888555266,8.774351913046728e-05
373,1,1.5227439557483275,-6.239190861700518,6.6649062014959,0.888841900086679,0.23119862310400188,0.3956100015483885,-0.27856969205754245,-0.41284884358632423,0.8671532500177815,0.3638117690747074,-0.8809670987183623,-0.3025524213396469,0.00354498869165321,0.01719230998708684,-0.023893521439850338,0.0002731328972921908,-0.017461900580752053,-0.04838509068711284
374,0,0.0,0.0,0.0,1.0,0.0,0.0,0.0,1.0,0.0,0.0,0.0,1.0,0.12153137774393952,-0.002409166895241767,0.033613213908093006,-0.015426649931273111,-0.09791794381555521,-0.009669910273183185
374,1,8.16853877843255,-0.2564034215516432,1.315532525738192,0.4561671145019742,0.0890874745733819,-0.8854236192473519,-0.8794600764980791,-0.10678616026748111,-0.46383907750568026,-0.13587324053298921,0.990282857495506,0.02963654260536497,-0.12153137774393952,0.0024091668952417565,-0.03361321390809298,0.0099774442865131,-0.01677441714052383,0.021151598145116364
375,0,0.0,0.0,0.0,1.0,0.0,0.0,0.0,1.0,0.0,0.0,0.0,1.0,0.26024026588373395,0.8660089812479724,-0.034723772169798425,0.029317386087491057,-0.004203479587720618,0.16920087127345607
375,1,2.2792051512704137,5.796186152866504,-0.03495821648386234,0.18737620634472085,-0.9817446377334085,0.03267450959936685,-0.2248126473289312,-0.010479583183174102,0.9743456532141274,-0.9562162051005088,-0.18991483517094043,-0.2226722355507671,-0.26024026588373395,-0.866008981247972,0.034723772169798564,-0.200308704069933,0.07424854443608424,0.2962102342997689
376,0,0.0,0.0,0.0,1.0,0.0,0.0,0.0,1.0,0.0,0.0,0.0,1.0,0.02845127085753813,0.004453666297572304,-0.019047780558512254,0.02229596858886492,0.036296474603325114,-0.002898305903874323
376,1,8.368366533207835,0.4140037636658032,-4.413961404820116,0.5653903268669995,-0.398314237303947,0.7222738723269743,-0.3143459904768816,0.7055304731400682,0.6351482895685541,-0.7625748334139645,-0.5861505948403758,0.27369162137693903,-0.02845127085753847,-0.004453666297572304,0.01904778055851222,-0.010523510282137046,-0.0024804767288424904,0.028389284682457917
377,0,0.0,0.0,0.0,1.0,0.0,0.0,0.0,1.0,0.0,0.0,0.0,1.0,-0.30152817494706435,-0.045909304544779386,0.5309305545733154,-0.10640869631650496,0.3894069564833262,0.012353908582191871
377,1,-4.243134362133152,-0.8249798029145964,5.128011960804131,0.17636150723758937,0.9178633193238918,-0.35556088902551297,0.7356350035689544,-0.36291200102340015,-0.5719580588096437,-0.6540166360949774,-0.16069165053890933,-0.73921609368174,0.30152817494706413,0.04590930454477958,-0.5309305545733156,-0.09617482513889704,0.3171626358851337,-0.066309215267629
378,0,0.0,0.0,0.0,1.0,0.0,0.0,0.0,1.0,0.0,0.0,0.0,1.0,0.008247393299174555,-0.014052164519988529,0.024925828032337144,0.01689236354635771,0.04651641959993184,-2.7091868100395308e-05
378,1,-1.4535726251644738,-1.2808934827886778,8.254375704371027,0.8696322711662497,0.4775787090169556,0.12513308771035853,-0.32693786976986866,0.7470023949996952,-0.5788774059980746,-0.3699342404489893,0.46249972817118207,0.8057559551036604,-0.008247393299174614,0.014052164519988513,-0.02492582803233731,0.06717215118152797,0.057792164560529755,0.031016965865570897
379,0,0.0,0.0,0.0,1.0,0.0,0.0,0.0,1.0,0.0,0.0,0.0,1.0,0.001542736739306912,-0.0897623275064797,0.07569221646103663,-0.030773124305165326,0.03522823892952254,0.006641372323389773
379,1,-0.4597500574823901,-6.71956895456454,5.14548503493355,0.1616003136781058,-0.5943002086492695,-0.787840466476921,-0.9519211020051912,-0.3044089211580161,0.03437185297063461,-0.26025286583697776,0.7444074628312424,-0.6149194866848768,-0.0015427367393068808,0.08976232750647956,-0.0756922164610367,-0.01597523064320079,0.007509390744354425,0.04499338880597982
380,0,0.0,0.0,0.0,1.0,0.0,0.0,0.0,1.0,0.0,0.0,0.0,1.0,0.019108226286409676,0.18261341915722967,-0.06998530172749012,-0.19040329153356306,0.06794054465805424,0.02441991438539375
380,1,1.138357521054901,7.516992266372129,-1.92942314621871,-0.68660114801011,0.7002719415991525,-0.19544326890469216,-0.5632094743286702,-0.342313121096139,0.7520750063337052,0.4597542295375016,0.6264510634793214,0.6294323740387091,-0.01910822628640975,-0.18261341915722942,0.06998530172749004,0.016662877420397924,-0.025140104153453056,0.039823055538759145
381,0,0.0,0.0,0.0,1.0,0.0,0.0,0.0,1.0,0.0,0.0,0.0,1.0,-0.2545544314430925,-0.041159926363123586,0.24326425616808883,0.03881279421248248,0.286815141082034,-0.0014257239761531898
381,1,-4.6751802393270045,-0.170843342828186,4.901855553343267,0.1963794328286046,-0.21934030193674958,0.9556803599050318,-0.4681009945719963,0.8354491849529935,0.28793422554827836,-0.8615779577279258,-0.5038992868695832,0.061391623611874335,0.2545544314430923,0.04115992636312354,-0.24326425616808883,0.12138714069142624,-0.39729995110786326,0.1503668683617171
382,0,0.0,0.0,0.0,1.0,0.0,0.0,0.0,1.0,0.0,0.0,0.0,1.0,-0.0017304566150002868,-0.04694177367060547,0.052214028736275314,0.014398649147597703,-0.03977282360983599,0.0007316843571703383
382,1,1.3566283982025045,-3.8022864404041643,7.27478081193944,0.8663615851399816,-0.4297551074184591,-0.25441727818976256,-0.141820457209528,0.276751010384669,-0.9504187688424222,0.4788575588947289,0.8594878858359865,0.17881837822373758,0.0017304566150002799,0.04694177367060552,-0.05221402873627515,0.12855977176691383,-0.043650903137054706,-0.07099391930363182
383,0,0.0,0.0,0.0,1.0,0.0,0.0,0.0,1.0,0.0,0.0,0.0,1.0,0.0001852291790615003,0.03395550667013405,0.025571851884051113,0.011447479378063813,0.01394366275862185,-0.0017853983677099915
383,1,-0.2044820152932715,8.091857966628895,5.325550192881904,0.700382386682992,-0.4675765420459003,-0.5392927681256576,-0.6139883334455887,-0.7799624220562222,-0.12114844849563691,-0.3639819210028768,0.41596970744104655,-0.8333584844917976,-0.0001852291790615094,-0.033955506670134104,-0.025571851884051092,0.014644558914814521,-0.007728231660311634,-0.00665674027474439
384,0,0.0,0.0,0.0,1.0,0.0,0.0,0.0,1.0,0.0,0.0,0.0,1.0,-0.016399145253249425,0.002695566412495222,-0.01315688315694285,-0.019551683926010456,-0.01800599980612192,-0.00014829168610863697
384,1,-7.347214346924419,2.326755143051664,-5.85131545286113,-0.028783192336548025,0.2166851688083109,-0.9758171270568224,-0.9961193270187161,-0.08744716163633481,0.009963948089414476,-0.0831733982634898,0.9723170941314682,0.21836129300093554,0.016399145253249137,-0.0026955664124952016,0.013156883156942804,0.004711447777710459,0.017296131148674652,0.018500183026785175
385,0,0.0,0.0,0.0,1.0,0.0,0.0,0.0,1.0,0.0,0.0,0.0,1.0,0.00676141263679534,0.0054304152983054715,-0.01858409464372794,-0.03974719611052298,0.04984867915106412,-0.00042774325476197667
385,1,5.956667577975073,4.766457132474563,-6.167482968158665,-0.19476691552341863,-0.6935370177968024,-0.6935937237050311,0.74086529213185,0.3593968312150839,-0.56740861522094,0.6427942653228027,-0.6243719425615425,0.4438188930296276,-0.006761412636795205,-0.005430415298305468,0.018584094643728052,-0.015341100492329608,0.019149697601123353,0.000546938508861259
386,0,0.0,0.0,0.0,1.0,0.0,0.0,0.0,1.0,0.0,0.0,0.0,1.0,0.00048487598024446205,-0.012787610170606863,-0.014458553318489692,-0.01324979225772301,0.014159738404219302,1.5222790801362393e-05
386,1,1.3030583211346194,-2.04381056079911,-8.474643592388018,-0.7167718437377746,-0.6802969042731071,0.1530824812353748,-0.5505574492269425,0.4173939615497747,-0.7229583500883768,0.4279306241968137,-0.6024768899287444,-0.6737187677186331,-0.0004848759802444577,0.012787610170606818,0.014458553318489664,-0.06557010237036034,0.0005714486899257576,-0.015687229981934885
387,0,0.0,0.0,0.0,1.0,0.0,0.0,0.0,1.0,0.0,0.0,0.0,1.0,0.03413860089156564,0.03973579023679345,-0.014708406228007223,0.01177986445645499,0.0030808208055999424,0.0005999704859785855
387,1,5.883022246049137,6.790442453147082,-2.733219184468234,-0.8099932176459046,-0.13162173649001388,0.5714776512261772,-0.5116946092448661,-0.3174442554919086,-0.7983719506125777,0.2864954000283053,-0.9390978985912712,0.18977756090771092,-0.03413860089156541,-0.0397357902367934,0.014708406228007134,-0.003049826340038772,-0.009859218650036907,0.0013503626562876877
388,0,0.0,0.0,0.0,1.0,0.0,0.0,0.0,1.0,0.0,0.0,0.0,1.0,0.04859045527536992,0.0216734390861253,-0.013087681858285183,-0.0325927452942513,0.06400672556894295,0.002251092360516238
388,1,8.546714360180117,3.6199248284468823,-0.40971815856829663,0.7450593288067551,-0.017868972992433,0.6667587992386926,-0.001726336920559941,0.9995860701711093,0.028717731120593417,-0.6669959642448103,-0.02254746380579616,0.7447200786584594,-0.04859045527537013,-0.021673439086125273,0.01308768185828519,-0.005903677659159655,0.027941561051312156,0.007091805234510834
389,0,0.0,0.0,0.0,1.0,0.0,0.0,0.0,1.0,0.0,0.0,0.0,1.0,0.031199559613601876,0.0699337676340874,0.039495835061783946,0.12179091541557988,-0.06635827224103538,0.0032790651934087728
389,1,3.4949705139404283,7.547051734718981,2.1429971806269954,-0.445737929063007,0.866192363497718,0.22589486052776625,0.3535105906407657,-0.06150892168355959,0.9334060825054349,0.8224037699934497,0.4959107197586708,-0.2787913146584706,-0.03119955961360177,-0.06993376763408748,-0.03949583506178398,0.026418328231159,-0.004817938434601501,0.005672700112186915
390,0,0.0,0.0,0.0,1.0,0.0,0.0,0.0,1.0,0.0,0.0,0.0,1.0,-0.02434582647793538,0.0304255683791562,0.02278236486725311,0.042586475780703216,-0.0052031178910794,-0.003571999596751786
390,1,-4.480372749541991,6.940224467491714,4.1429195503338185,0.23629858179210195,-0.3125695957111103,0.920034362445248,0.9715164380220229,0.09339798082604234,-0.21779032997499886,-0.017854716352886546,0.9452920527617965,0.32573631067068143,0.024345826477935338,-0.03042556837915629,-0.022782364867253158,-0.010522431769694047,0.006413804127969777,0.03621961274492867
391,0,0.0,0.0,0.0,1.0,0.0,0.0,0.0,1.0,0.0,0.0,0.0,1.0,-0.043190023766621066,-0.07050321797218535,-0.02231550513312189,-0.008898597093667228,0.00810056719571709,0.010737201245812861
391,1,-4.7492396931406295,-7.139770992980665,-2.544092716756244,0.5766886398980889,-0.16260566318675826,0.8006182679105485,0.625453989104232,0.7183402266402681,-0.3046221040962253,-0.5255830287652898,0.6764219963085196,0.5159610089763582,0.04319002376662103,0.07050321797218544,0.022315505133121975,-0.011140530014072263,-0.00420282504523347,0.015732601166768924
392,0,0.0,0.0,0.0,1.0,0.0,0.0,0.0,1.0,0.0,0.0,0.0,1.0,-0.02678352364143359,0.06082598375875174,0.0047974927192757635,-0.00272297485572587,-0.012946977095947314,0.00586391112512006
392,1,-3.5043472039217325,8.504859625486095,0.901237266298735,-0.4156781140344432,-0.08645968437875329,-0.9053929690967866,0.6011542534613346,0.7209015421149121,-0.34483986156140245,0.6825139332336843,-0.6876232177242622,-0.2476873864136364,0.026783523641433563,-0.060825983758751645,-0.004797492719275709,-0.011293666335210652,0.0056207476641229265,0.008770831610390582
393,0,0.0,0.0,0.0,1.0,0.0,0.0,0.0,1.0,0.0,0.0,0.0,1.0,-0.02793728972355089,-0.0672034755017708,0.016620301423768975,-0.01311448187396583,0.027649890178087784,-0.009578165304977439
393,1,-3.4270382815024703,-8.224388132539058,1.5609993576037529,-0.39784205904683123,0.567071928870014,-0.7212150328029908,-0.7752050078131117,0.21266465914859378,0.5948369008481952,0.4906922578509373,0.7957406425694581,0.3549900531681067,0.02793728972355087,0.06720347550177057,-0.016620301423768996,-0.018672745827898022,-0.014301572260374349,0.010119934441881676
394,0,0.0,0.0,0.0,1.0,0.0,0.0,0.0,1.0,0.0,0.0,0.0,1.0,-0.0018484388468380467,-0.05515673919455294,0.04635184721203778,-0.1448451526217671,-0.004444205437316977,-0.00014251872744319716
394,1,-0.13234948144277697,-7.836997162855695,3.3547061579179376,0.5808644167292407,0.8004340959837639,0.147992524691127,-0.02508581663524273,-0.16411986297276515,0.9861213781181017,0.8136136866975273,-0.5765153324625945,-0.07525184551891329,0.0018484388468380632,0.05515673919455313,-0.046351847212037854,-0.03337948984545343,0.004377879197722326,-0.007043725440465946
395,0,0.0,0.0,0.0,1.0,0.0,0.0,0.0,1.0,0.0,0.0,0.0,1.0,0.05921685507314442,-0.013313809982364366,-0.1715062929086595,-0.07882156028914734,0.25398164009009777,0.0018720241048057057
395,1,4.660860820989536,0.6269851870791594,-5.627164464903447,-0.6548252878905567,0.7370947806018106,0.16701834255140363,0.6545154825805749,0.6635655545593022,-0.3623399479283548,-0.3779065035182198,-0.12795326964159462,-0.9169594513317689,-0.059216855073144434,0.013313809982364347,0.17150629290865932,-0.10362934328067916,0.21216233849009275,-0.10105393038598158
396,0,0.0,0.0,0.0,1.0,0.0,0.0,0.0,1.0,0.0,0.0,0.0,1.0,-0.061253505043645684,0.005161382386568082,-0.018875870671866263,-0.002493747384995193,-0.08888536306948691,-0.0013290804040100076
396,1,-9.036224302850364,0.7696746849567537,-0.8270192435272168,0.5431806830892322,-0.5185035495048905,0.6603853531609742,-0.5283327533828216,-0.8223698740757037,-0.2111215098364866,0.6525482719474796,-0.23422608600141176,-0.7206378379011316,0.061253505043645656,-0.005161382386568072,0.018875870671866295,-0.007765969870763664,-0.031023410828505196,0.0018349436431645202
397,0,0.0,0.0,0.0,1.0,0.0,0.0,0.0,1.0,0.0,0.0,0.0,1.0,-0.29336502172599654,-0.1499905776854809,0.35125774002987076,-0.05526546526689629,0.220088792720675,0.0181805515595758
397,1,-4.736849722998517,-2.071030970807813,4.826365232552044,-0.764870295904857,0.21252432218139192,-0.6081174581639281,0.039263432283006855,0.9576367525455484,0.285289735285681,0.6429866354192555,0.1943328656078435,-0.7408123406213409,0.29336502172599643,0.14999057768548096,-0.351257740029871,0.05170911628067559,0.02787959453568012,0.084734229056036
398,0,0.0,0.0,0.0,1.0,0.0,0.0,0.0,1.0,0.0,0.0,0.0,1.0,0.2010368664890343,0.19089142965459327,0.22480219698101045,0.29685183106684637,-0.26203435417406956,0.0111582312653499
398,1,3.9298755882559546,3.8907482843012944,4.025419526711881,0.22322218992791565,0.6092481851344143,0.7609129403776809,0.060325712214946536,-0.7877476817973941,0.6130370284645055,0.9728991018443511,-0.09094085293889609,-0.21259609332535034,-0.20103686648903438,-0.19089142965459344,-0.2248021969810105,-0.19062115726936552,0.18784741602601795,-0.04316250523200374
399,0,0.0,0.0,0.0,1.0,0.0,0.0,0.0,1.0,0.0,0.0,0.0,1.0,-0.007595360593883348,0.19580135840596888,0.30126249551929946,0.12473301079132493,0.13790656200247384,-0.0025935714753517053
399,1,-1.0247121281127227,2.3644713892799754,5.834368505810827,-0.9833308855036131,0.17371391005390646,-0.05370146244250571,0.1187997012977377,0.3902331729924945,-0.913019551635001,-0.1376481041869043,-0.9041800418887784,-0.4043654921772606,0.007595360593883211,-0.19580135840596877,-0.3012624955192995,-0.5547837383516152,0.12648663826242837,-0.18008744236868884
400,0,0.0,0.0,0.0,1.0,0.0,0.0,0.0,1.0,0.0,0.0,0.0,1.0,-0.21377384534361243,0.012012936622553943,0.18679707105715784,0.021113268182729933,0.10170316558837489,-0.011676425743044429
400,1,-5.990853883435962,0.5070109421213295,4.695647752376468,0.8736175336132725,-0.4075506257219851,0.2658851113490205,0.4866106035190092,0.7334568893435673,-0.47460627052044263,-0.001589184170636443,0.5440068739897286,0.8390792546271153,0.21377384534361216,-0.012012936622553955,-0.18679707105715754,0.01718637194832854,0.013564116564254321,0.04809435645491166
401,0,0.0,0.0,0.0,1.0,0.0,0.0,0.0,1.0,0.0,0.0,0.0,1.0,0.04519981666179216,0.015000100790489575,-0.06747450489996311,0.013721460431277734,0.17828372849302265,0.0009042405126332125
401,1,6.328470075363062,0.8132451390465782,-4.934992591071216,0.5028481227824818,-0.2722276402288863,-0.8203876384426732,-0.36882544382576316,0.7907963302540808,-0.48847615708794595,0.7817362454184038,0.548209153473463,0.29724596994248087,-0.04519981666179208,-0.015000100790489572,0.067474504899963,0.005430612715640347,0.025665896272609255,0.05726491728141077
402,0,0.0,0.0,0.0,1.0,0.0,0.0,0.0,1.0,0.0,0.0,0.0,1.0,-0.06749127379457275,0.0998721304415855,0.08377733459980366,0.20775796160382315,0.08712112259711732,-0.0027389190060089635
402,1,-3.7049664035253236,6.194577363344482,3.207076961828576,-0.36815496627038335,-0.5165752045484255,-0.7730536713942996,-0.7183359023191158,-0.36985035514208375,0.5892403976652117,-0.5903011538611754,0.7722439853097124,-0.23491227065255238,0.06749127379457273,-0.0998721304415855,-0.08377733459980366,-0.00909038979849041,0.006821378161015612,0.050795947942581285
403,0,0.0,0.0,0.0,1.0,0.0,0.0,0.0,1.0,0.0,0.0,0.0,1.0,0.08014833148413746,0.009799570268736407,-0.09455194780742487,-0.00936116981876429,0.010804611285228083,0.0015880107252911769
403,1,5.30901487519732,0.6710753813038971,-6.458612012253825,-0.43833214661371533,0.8586678265645876,-0.2656209571322631,0.5131837638491642,-0.003528672226431384,-0.8582715030769248,-0.7379074154435755,-0.5125203528594406,-0.43910765666088847,-0.08014833148413739,-0.009799570268736431,0.09455194780742485,0.009201307643457083,-0.02647389038227904,-0.0033475185096168147
404,0,0.0,0.0,0.0,1.0,0.0,0.0,0.0,1.0,0.0,0.0,0.0,1.0,0.05574769101313792,0.04012297662584275,-0.06289822159708179,-0.0031141448526710407,-0.0015623048293456846,-0.0018099457584300309
404,1,5.188347650560299,3.478112734054943,-6.1277972738015425,-0.8191669510322952,-0.530313845671703,0.21847821727884442,0.5429725300067053,-0.5942985681821547,0.5932874880820916,-0.1847872776859117,0.6046291730850651,0.7747755965825847,-0.05574769101313806,-0.04012297662584271,0.06289822159708153,0.03021250615109334,-0.013710403934052429,0.016085143261651114
405,0,0.0,0.0,0.0,1.0,0.0,0.0,0.0,1.0,0.0,0.0,0.0,1.0,-0.006839367030867707,-0.0065329029162322794,-0.015459195550769592,-0.017605037209237673,-0.03701718648687714,-3.475103566024252e-05
405,1,-5.898985322596175,-1.0060894234508513,-7.475773414644448,0.5514908319693863,0.44944020848414745,-0.7027527027706405,-0.08685494554938009,-0.8069300083380593,-0.5842261377901145,-0.8296469614765839,0.3832329065219552,-0.4059783968038273,0.0068393670308677205,0.006532902916232283,0.01545919555076974,-0.015680131593696696,-0.003046822943900845,0.03169123461960609
406,0,0.0,0.0,0.0,1.0,0.0,0.0,0.0,1.0,0.0,0.0,0.0,1.0,0.058943584544202135,-0.05895739196376165,0.03651399605472706,-0.10490106006204702,-0.08243934964853053,0.011373035973750197
406,1,5.769277659622277,-6.082198799882628,1.7920662893049562,-0.4805497984261069,0.4050895027708833,0.7778009938136274,-0.045713793546200504,0.8741444005496009,-0.4835098924193737,-0.8757751653890646,-0.2679068153903844,-0.40155173758201945,-0.058943584544202066,0.058957391963761534,-0.036513996054727015,-0.011528768277336758,-0.022589221221080872,0.006991998875651795
407,0,0.0,0.0,0.0,1.0,0.0,0.0,0.0,1.0,0.0,0.0,0.0,1.0,-0.039650545517322236,-0.03395395123384161,0.07335221620585444,-0.008233213922476453,0.005978778706273467,-0.0007667547408222522
407,1,-3.6894188944483997,-3.2230237621600852,7.202489995481948,-0.804147972269027,0.3109687012873414,0.5066009331962155,0.01325857220477561,-0.8426525826420259,0.5382943759968283,0.5942812877406648,0.4395851359934594,0.6734943646794003,0.03965054551732228,0.03395395123384168,-0.07335221620585443,0.01637027215272938,-0.02093438369064522,-0.0017575464208026623
408,0,0.0,0.0,0.0,1.0,0.0,0.0,0.0,1.0,0.0,0.0,0.0,1.0,-0.023268223844835668,-0.13262101889905045,0.031081573504863208,0.04324728260470321,-0.023884929202420684,0.007207633341409004
408,1,-1.1101649822582997,-7.849812239119764,2.7991561861568672,-0.16242477910525066,-0.9280384504754488,0.335205646688326,0.9774041823833358,-0.10474903950659731,0.18359930005860153,-0.13527474040697163,0.3574524767875776,0.9240825025105999,0.023268223844835605,0.13262101889905048,-0.031081573504863153,0.08399514675142539,-0.006740789015147231,-0.04262761056803563
409,0,0.0,0.0,0.0,1.0,0.0,0.0,0.0,1.0,0.0,0.0,0.0,1.0,-0.011772381312980078,0.5186332485866179,0.026067333027419426,-0.14413231752005737,-0.044972856374990114,0.008295655081143244
409,1,-0.10184954035264471,7.208711661671425,0.6511320057612556,-0.8270544739585264,0.47036890209153537,0.30778887739875993,-0.44334844563538844,-0.8824466974267324,0.1572576928272131,0.34557640668580125,-0.006397041961459071,0.9383688107542114,0.011772381312980034,-0.5186332485866181,-0.026067333027419284,-0.00565450230319264,0.039962428005145066,0.023745489395231665
410,0,0.0,0.0,0.0,1.0,0.0,0.0,0.0,1.0,0.0,0.0,0.0,1.0,0.2732330387665003,-0.32444447772530743,-0.6148959911142778,0.9985315382529152,0.7508490637740155,-0.09989502421017754
410,1,2.6166495757218993,-3.3988599328911087,-3.3732895045243425,-0.6823101107825049,-0.17774717019424252,0.7091254164193416,-0.72986934551448,0.2210271130976431,-0.6468676477873865,-0.041757049730917095,-0.9589332399930981,-0.2805412448003126,-0.27323303876650074,0.3244444777253075,0.6148959911142784,-0.0030313426708900304,-0.06357587147207208,0.17961834703047963
411,0,0.0,0.0,0.0,1.0,0.0,0.0,0.0,1.0,0.0,0.0,0.0,1.0,0.070091735895041,0.10787485406060367,0.1244316756229144,0.2794501310423831,-0.1843871876102644,-0.005171139768829436
411,1,3.5457258951424477,5.410178591244098,3.7049151729196335,0.7192116309592462,-0.4682565780963756,0.5132936849040846,-0.4281645806759768,0.28311710862223627,0.8582073144992122,-0.5471834443287789,-0.8370068577227177,0.0031302360352621905,-0.07009173589504103,-0.10787485406060342,-0.1244316756229145,-0.005919727100282272,0.0028705089919441457,0.008456994283737779
412,0,0.0,0.0,0.0,1.0,0.0,0.0,0.0,1.0,0.0,0.0,0.0,1.0,-0.0050507060497955725,0.03269560385753925,-0.5144751277338406,-0.3600423764272136,-0.44023152852191183,0.00010771804168360766
412,1,-2.143328293561369,1.8398156935548018,-5.311716128700537,-0.842915568207828,-0.49808459892997303,0.2034823756044798,-0.5153752341623509,0.8560555842780635,-0.039461432290848905,-0.15453709226259155,-0.1381324325968058,-0.9782830460454235,0.005050706049795659,-0.032695603857539175,0.514475127733841,-0.4128272711734237,-0.6356296522976033,-0.06089276261067533
413,0,0.0,0.0,0.0,1.0,0.0,0.0,0.0,1.0,0.0,0.0,0.0,1.0,0.04548366774480496,-0.0029917998569993364,-0.004756486115251214,-0.00046076582923205815,-0.02132831220812542,-0.004926658742620679
413,1,9.514995455051208,-0.2098188334905613,-1.6233442642424292,0.11357530776861191,-0.8688387973956304,-0.4818918899560148,0.6349325897476226,0.43653433930881413,-0.637415388173673,0.7641735771025078,-0.23357421677987467,0.6012335896421839,-0.045483667744804855,0.0029917998569993225,0.004756486115251209,-0.0033979549401730973,-0.0072493951734827755,-0.013996973190063655
414,0,0.0,0.0,0.0,1.0,0.0,0.0,0.0,1.0,0.0,0.0,0.0,1.0,0.014639337597486549,-0.10901745136556051,0.04242592223852673,0.010376782164692833,-0.007407832379466554,-0.01009665298988265
414,1,1.219714937690923,-7.892511824373797,3.082344628092504,-0.4084316615183574,0.8872209055130943,0.21452888544407916,0.9010004378515714,0.35421390796054975,0.2504610117335465,0.14622513074239452,0.2955868268848262,-0.9440585992996033,-0.014639337597486504,0.10901745136556039,-0.04242592223852662,-0.00919451950725734,0.000783784882267137,-0.007332415820522697
415,0,0.0,0.0,0.0,1.0,0.0,0.0,0.0,1.0,0.0,0.0,0.0,1.0,-0.0012494839748454292,0.0014742165292408356,-0.012289419997121683,-0.031078782421448993,-0.029357556233097482,8.29289729129502e-05
415,1,-3.7276881401619195,4.014981440499683,-7.838376342107403,0.8222489772576665,-0.20356751866622413,-0.5314761375102347,0.18302066238985304,-0.7896607817122983,0.5856101834530383,-0.5388970741589721,-0.5787884891474591,-0.6120407080360757,0.0012494839748454275,-0.0014742165292408495,0.012289419997121673,-0.006707546815554874,-0.006659643311370941,-0.0005616934757885815
416,0,0.0,0.0,0.0,1.0,0.0,0.0,0.0,1.0,0.0,0.0,0.0,1.0,0.07669310880276387,0.1534720627538394,-0.02610711812602519,0.0030769786839995907,-0.0021580024170804422,0.00985169674090941
416,1,3.5559562146324635,7.057613969895763,-0.9409591799070204,-0.569473495001116,0.6887138686697797,0.4487461928452643,0.7033117774957091,0.12564632926795838,0.6996896051659721,0.4255026229379085,0.7140631674042522,-0.5559328294223742,-0.07669310880276384,-0.15347206275383907,0.026107118126025203,-0.04291999397646282,0.022828686599895204,-0.005382117500053563
417,0,0.0,0.0,0.0,1.0,0.0,0.0,0.0,1.0,0.0,0.0,0.0,1.0,-0.0014061166778292326,0.18679577432299388,0.13928996911390024,0.24899192205049075,0.028712893086756022,-0.006530356666180376
417,1,-0.2975286456675853,6.757953685800845,2.919193626336471,0.3251794985834976,-0.9344032957290083,-0.14542618275865127,-0.6894884007938451,-0.1290240440170427,-0.7127121026306726,0.647197063398569,0.33202903035164827,-0.6862162080073693,0.0014061166778293202,-0.186795774322994,-0.13928996911390018,0.14703020428760688,0.00862513593497774,-0.03954426569896545
418,0,0.0,0.0,0.0,1.0,0.0,0.0,0.0,1.0,0.0,0.0,0.0,1.0,-0.009097174469885567,-0.046285102647818044,0.010803711249498842,-0.015065364196509355,0.02003435645812974,-0.0012561987189660152
418,1,-1.9346180427875905,-8.9310118960309,1.887207842993275,-0.4211844744677251,0.8561007109506575,-0.29949158782364094,-0.8423714811510838,-0.2468473148130783,0.4790372542014897,0.3361754396303751,0.4540462265886066,0.8251230804613163,0.009097174469885557,0.04628510264781795,-0.010803711249498783,0.005926899236663587,-0.01630156075442829,0.009553220002893761
419,0,0.0,0.0,0.0,1.0,0.0,0.0,0.0,1.0,0.0,0.0,0.0,1.0,0.002215911722894705,0.0024160354885034326,0.03007562605116502,0.03230546937933774,-0.026340160661611198,-9.439852456641015e-05
419,1,2.7309639998722797,3.2846133875930064,8.782629810418833,-0.5323426779930911,-0.8051327647915967,-0.26148136500749664,0.83453678355154,-0.4473298126178027,-0.321627728348741,0.14198461214721164,-0.38943198353802566,0.9100456582562464,-0.002215911722894719,-0.0024160354885034586,-0.03007562605116513,0.04526218928419993,-0.036333759002989664,-0.000585908844661049
420,0,0.0,0.0,0.0,1.0,0.0,0.0,0.0,1.0,0.0,0.0,0.0,1.0,-0.13315912799180624,0.09757669937184446,1.0001125528382948,0.8568513639814147,-0.3623129464217055,0.003801980024100704
420,1,0.7021936877117002,1.9645143179666746,4.5972459562743735,0.6865167271027997,0.657718977026012,-0.31000085591481263,-0.6626490380105637,0.7414448104800098,0.10562123572434276,0.29931761697523707,0.13291102389237283,0.9448511120256706,0.13315912799180624,-0.0975766993718447,-1.000112552838295,0.659299979033806,-0.9521250378839323,0.3263087758504114
421,0,0.0,0.0,0.0,1.0,0.0,0.0,0.0,1.0,0.0,0.0,0.0,1.0,0.034089462876256825,-0.3417291555102162,-0.07580779414008543,0.27039519575213017,0.0020355216215518536,-0.009511653553814926
421,1,0.5487338128755364,-7.2231546415589625,-0.9855435300994636,0.8786649083729832,0.08304607345636793,0.47016096017999687,0.3170854170715367,0.6347095010761682,-0.7046990049121762,-0.35693811378790397,0.7682754707311181,0.5313642667684872,-0.03408946287625683,0.341729155510216,0.07580779414008548,-0.05961273390227272,0.005966128720360115,0.06822677308284301
422,0,0.0,0.0,0.0,1.0,0.0,0.0,0.0,1.0,0.0,0.0,0.0,1.0,0.2459980393736681,-0.013708877985014013,-0.15489852398225482,0.045649176208404224,0.4040839875860533,-0.02628775128442119
422,1,6.677920996429302,-0.4694127780422254,-2.8154716484386917,0.3222417967631328,0.027399030494292903,0.9462608084174472,-0.5249279980394891,0.8370022138265127,0.15452472593009478,-0.787788563824788,-0.5465131171138434,0.2840996155037674,-0.24599803937366824,0.013708877985014056,0.15489852398225484,-0.011534787049965696,-0.062284387397112506,0.05021557020614318
423,0,0.0,0.0,0.0,1.0,0.0,0.0,0.0,1.0,0.0,0.0,0.0,1.0,-0.16619845726901658,0.02743467331185756,0.4019602606422712,-0.1621098662805997,0.47903888370792697,0.0065704560850356475
423,1,-4.1819747527795865,-0.8386386629834341,4.998457333725292,-0.5006732818671573,-0.8554049900759951,-0.13269727871157377,0.7312759137445567,-0.4999906929785527,0.4639448727078367,-0.4632081635738238,0.13524647828285086,0.8758690468960826,0.1661984572690166,-0.027434673311857487,-0.4019602606422713,-0.3121205932909189,0.37121288032860716,-0.2606820192199774
424,0,0.0,0.0,0.0,1.0,0.0,0.0,0.0,1.0,0.0,0.0,0.0,1.0,0.11035160534874897,-0.29316380790946933,-0.1302989746073678,0.031302673916967005,0.028220347111027357,-0.037299811337612905
424,1,2.7170853666239796,-6.514648331324342,-2.7969754748293907,-0.28744312430395746,-0.8554826587609397,0.4307271419932732,-0.8818077057925846,0.41191614345918914,0.2296524782416406,-0.3738871758902652,-0.31380648705376135,-0.872773663894471,-0.11035160534874897,0.2931638079094689,0.13029897460736786,-0.0024226572481850575,0.01716235631225825,-0.040349379512779115
425,0,0.0,0.0,0.0,1.0,0.0,0.0,0.0,1.0,0.0,0.0,0.0,1.0,0.015758584596451696,-0.035388379403976995,0.036228349569998465,-0.04258286393033211,-0.049654014332488804,0.001380081419980847
425,1,3.769764350566615,-6.875330721399254,4.767326342571855,0.8985309943032769,-0.35256967472437617,-0.26141284731457287,0.0683527457908808,0.7007330095208695,-0.7101416418649678,0.4335550189067264,0.6202159896621278,0.6537294331359234,-0.015758584596451596,0.03538837940397695,-0.036228349569998354,-0.03779106750036271,-0.011792010888045178,-0.026440451719665435
426,0,0.0,0.0,0.0,1.0,0.0,0.0,0.0,1.0,0.0,0.0,0.0,1.0,0.05582100035745111,-0.1517493601749372,-0.21499782342014742,0.10491211630905069,0.07110046718426083,-0.0013468580604822072
426,1,1.8928836154140323,-4.648057402864234,-5.635701553434843,0.09064448840894768,-0.6815352444302643,-0.7261496314950936,-0.9385459007261749,-0.30230113030072836,0.1665701619408317,-0.33303929040155766,0.6664260928402204,-0.6670540411619923,-0.05582100035745104,0.1517493601749373,0.2149978234201474,0.03919600356802527,0.02127489168864187,-0.02643780551748219
427,0,0.0,0.0,0.0,1.0,0.0,0.0,0.0,1.0,0.0,0.0,0.0,1.0,-0.2754488048737065,-0.13144041577399765,0.06023041353577942,-0.10464352939934096,0.1718273133430703,-0.011786703900815463
427,1,-6.731693877475159,-3.382863312512146,0.9957349343228897,0.7191656830075482,0.4536384694331709,0.5263201111819847,-0.5587486617698741,0.8278306188867648,0.049963981065670876,-0.4130383194749145,-0.3300130383543748,0.8488172601693798,0.27544880487370627,0.13144041577399765,-0.06023041353577943,0.0317720869198127,-0.040648604936705565,-0.035202310463153225
428,0,0.0,0.0,0.0,1.0,0.0,0.0,0.0,1.0,0.0,0.0,0.0,1.0,0.009794887686340474,0.02308765687335366,0.027966088103437543,0.004702604463752601,-0.007545589253376091,0.0001832139467479385
428,1,2.7162560579556563,6.3156679218078695,7.138126864823827,0.8510758001707455,-0.3155786495807731,-0.4196189918157912,0.245838430978781,0.9457052291822484,-0.21261487565841247,0.46393259016544264,0.07779290087229489,0.88244819471528,-0.009794887686340455,-0.02308765687335367,-0.027966088103437717,0.007119297296060967,0.0014996839568910377,0.0006675159411689037
429,0,0.0,0.0,0.0,1.0,0.0,0.0,0.0,1.0,0.0,0.0,0.0,1.0,-0.007503054344065563,0.03665113833222321,0.05818164411860772,0.06931041621360967,-0.03709756925199591,0.0012760291929187623
429,1,0.17981164772702246,6.1756964709020155,6.19822133955802,0.6795943337383092,-0.4504204496934882,-0.5790275986934468,0.6215298334840991,0.7728102055180835,0.12831622008275317,0.3896821879942827,-0.4470859030935927,0.8051471838210547,0.007503054344065566,-0.03665113833222325,-0.05818164411860772,0.06282989031107337,-0.019869759591688664,0.05165085861530072
430,0,0.0,0.0,0.0,1.0,0.0,0.0,0.0,1.0,0.0,0.0,0.0,1.0,0.06734240323616364,0.02239318439851786,-0.04535764042025592,-0.03826611800993103,-0.003620870350772922,-0.0024048249397983015
430,1,6.627566733539853,3.298240198741951,-4.768167646585275,0.3781171661416529,-0.5118490009244532,0.7713870681581617,0.6711618313065659,-0.4223457888344546,-0.6092338063921094,0.6376277949291592,0.7480873177019116,0.18383732000694752,-0.06734240323616367,-0.022393184398517913,0.045357640420256126,-0.004559817591209004,-0.016868209242051305,-0.07129427251596616
431,0,0.0,0.0,0.0,1.0,0.0,0.0,0.0,1.0,0.0,0.0,0.0,1.0,-0.07297701961223346,0.2403355539555791,-0.02729973528508991,0.062047548923229015,0.03880522260614501,-0.01748270264265521
431,1,-2.297706712543494,7.446308372601998,-1.3470900481869013,0.2742073607115494,-0.8929999114772793,-0.3568774039263029,0.9104595787231593,0.3605531629152636,-0.2026444477972361,0.30963475070291063,-0.26935585164122694,0.911906654402618,0.07297701961223341,-0.24033555395557918,0.027299735285089884,0.058423836612634755,-0.003225390755376479,0.008671479202176036
432,0,0.0,0.0,0.0,1.0,0.0,0.0,0.0,1.0,0.0,0.0,0.0,1.0,-0.02149778106118663,-0.0016816040992441057,0.04282598059599518,-0.01885853300030442,0.027892149187106807,0.00042608914784796406
432,1,-5.4171440615811735,-1.0988597242290485,7.630230852501308,-0.8753000075701574,0.4043668684252154,0.2652118633614757,-0.248143806215813,-0.8463007782599017,0.4713805725243809,0.41505969231474477,0.3467887374709112,0.8411082114561246,0.021497781061186706,0.0016816040992440901,-0.04282598059599538,-0.0153701847475048,0.04006932496649582,-0.014939643256129287
433,0,0.0,0.0,0.0,1.0,0.0,0.0,0.0,1.0,0.0,0.0,0.0,1.0,-0.05045768676286653,0.01962401678681102,0.02166788961604505,-0.010357805888640114,0.013159519906922898,-0.000535816878698022
433,1,-8.273963969799278,3.0118638885981643,3.1591098987188015,0.6616389675167367,-0.7464930603429172,0.07058319575686806,0.058494472003721654,0.14523230876780102,0.9876669343634926,-0.7475374729124904,-0.6493502039345483,0.13975707224240108,0.0504576867628663,-0.019624016786811027,-0.021667889616044995,0.01362411448149886,0.0067184403587973235,-0.009860906294837398
434,0,0.0,0.0,0.0,1.0,0.0,0.0,0.0,1.0,0.0,0.0,0.0,1.0,0.00632625345055657,0.035148429816357775,-0.005882701319456857,0.009793950411794762,-0.007916773924679656,-0.0013541781984841642
434,1,1.3917190025356214,9.628305414877564,-2.0917863524596854,-0.3549952231186724,0.046975645748204675,0.9336871426069137,-0.509756720796035,-0.8469272428568866,-0.15120294610259857,0.7836622213467975,-0.5296296196526128,0.32460127667714367,-0.006326253450556558,-0.03514842981635798,0.00588270131945692,0.007088610420215266,0.002870670507134132,-0.010640184470682329
435,0,0.0,0.0,0.0,1.0,0.0,0.0,0.0,1.0,0.0,0.0,0.0,1.0,0.039095517978281126,0.0037850895956751326,0.0897922339198127,-0.12080160182665912,0.02491859943979101,-0.00027634323904224267
435,1,1.0810471266610104,-2.2947191124109194,6.95347922108232,-0.3071056396454874,0.703426465441817,-0.6409971402541266,0.9127277218045917,0.40842274309414694,0.010907280726756119,0.26947028026729775,-0.5817061720830241,-0.7674657630234587,-0.0390955179782812,-0.0037850895956750667,-0.08979223391981278,-0.11156589534866831,0.14986163598415117,0.09408143578496776
436,0,0.0,0.0,0.0,1.0,0.0,0.0,0.0,1.0,0.0,0.0,0.0,1.0,-0.0013884287814989035,0.00844664214451634,0.026531096537301138,-0.05125700200524258,-0.013103307647173103,1.5300626010607277e-05
436,1,0.7602567680430389,-2.1159236562487758,8.933692422423224,0.9827828527443401,0.1751193689497336,-0.05891579559289586,-0.13450300014466313,0.896709971452953,0.4216872894087857,0.12667599339962388,-0.40650268598804035,0.9048252643360082,0.0013884287814989067,-0.00844664214451632,-0.02653109653730105,-0.08034047570563899,-0.0194709337432646,0.003468506927805289
437,0,0.0,0.0,0.0,1.0,0.0,0.0,0.0,1.0,0.0,0.0,0.0,1.0,-0.30518026198305664,-0.011153640998053146,0.7320961272891844,0.08932518298853703,0.19607766817812736,-0.0021153420894197555
437,1,-1.8465397159400165,0.49741445078713,5.934263344583102,0.07044242213301632,-0.4321308013488889,0.8990555242528689,-0.20892632779597997,0.8749123352023827,0.43689609206812596,-0.975391026572277,-0.21861238811256967,-0.02865255740764816,0.30518026198305653,0.011153640998053188,-0.7320961272891842,0.34101865302378365,-0.6552531354290925,0.1745120555750363
438,0,0.0,0.0,0.0,1.0,0.0,0.0,0.0,1.0,0.0,0.0,0.0,1.0,0.24685122979446716,0.0020991249459416453,-0.6510662996177906,-0.11401291439988631,0.2604914255815257,0.0009503588363431875
438,1,2.4885500800722222,0.6578511964648468,-5.9068136648788165,-0.801029255058592,-0.5972043163659956,0.04122059017166785,0.20801859157950656,-0.21312442864622816,0.9546236135103181,-0.5613202277644689,0.7732560911030979,0.29494850308893295,-0.24685122979446694,-0.002099124945941583,0.6510662996177904,-0.3018926898666414,-0.09838455087744602,-0.15811795815314708
439,0,0.0,0.0,0.0,1.0,0.0,0.0,0.0,1.0,0.0,0.0,0.0,1.0,-0.16810455837567712,0.47710029150457856,-0.23269593272449754,-0.1389289010250283,-0.07827410669391162,0.0003445322471216372
439,1,-2.4463333801605938,6.1585139768416095,-2.5982318908832736,0.6621251525131123,0.49777427535718033,-0.5601884086645507,-0.7252600504702007,0.6138214676578914,-0.31180292659671116,0.18864819533048705,0.6127348338677556,0.76744242895712,0.16810455837567706,-0.47710029150457867,0.23269593272449746,-0.05451506047608203,-0.05420309638309754,-0.13221662871172887
440,0,0.0,0.0,0.0,1.0,0.0,0.0,0.0,1.0,0.0,0.0,0.0,1.0,-0.008516968150799208,0.08169017032711508,-0.005723712965427261,-0.029109666520376838,-0.017310568262972247,0.005039864633202745
440,1,-0.7630253793653482,8.80947703106726,-0.06966762871746843,0.8925689926192362,-0.39349643604526735,0.2201843505664171,0.3701994638539447,0.9182822559430078,0.14039250472326573,-0.257435332417549,-0.04379786798342003,0.965302437779566,0.008516968150799217,-0.08169017032711501,0.005723712965427272,-0.015622090924760275,0.01353658698107712,0.007658497461327324
441,0,0.0,0.0,0.0,1.0,0.0,0.0,0.0,1.0,0.0,0.0,0.0,1.0,0.1680142446774416,0.025954576555840943,0.01835600654905269,0.013856681566762369,0.06136362626347709,0.0072223493712372175
441,1,8.022444628793348,1.3776845918218592,1.4596377542863124,0.8623572471304436,0.5062714094795934,0.0054072419169912955,-0.4285904494601036,0.7242705188621842,0.5401318747664211,0.26953701963401866,-0.46810412885451924,0.8415630217613903,-0.16801424467744175,-0.0259545765558409,-0.018356006549052617,-0.026452174014171152,0.03661626238007169,-0.030473832186923865
442,0,0.0,0.0,0.0,1.0,0.0,0.0,0.0,1.0,0.0,0.0,0.0,1.0,0.04501605551371277,-0.03943462841942622,-0.0998342617930709,-0.06473998959741786,0.12934367522641926,0.0002841393501875275
442,1,4.262251532857716,-0.48101348036258335,-6.3077878130847225,0.7228811851780683,0.5166539310194432,-0.4588153306916713,-0.022806799260794958,0.6814928262640809,0.7314693278997233,0.6905958601258981,-0.5183013055286969,0.5044215644321912,-0.04501605551371264,0.039434628419426215,0.09983426179307084,-0.13598365323564907,0.012223333770273848,-0.1467111152437151
443,0,0.0,0.0,0.0,1.0,0.0,0.0,0.0,1.0,0.0,0.0,0.0,1.0,-0.13741819495988006,0.03686076155088496,0.056363785127666675,0.02735094940709793,0.04818049424351357,-0.021145128620634862
443,1,-7.490676499743023,2.079291718043458,2.3238158772146615,0.5486649057576365,-0.4744411920973707,0.688383887399458,-0.8000129821708787,-0.5370529082420932,0.2674946767821126,0.24278807538267025,-0.6974809882641501,-0.674221196242037,0.13741819495987986,-0.03686076155088493,-0.05636378512766667,0.00418817926827037,0.054687803182914684,0.030765602997349775
444,0,0.0,0.0,0.0,1.0,0.0,0.0,0.0,1.0,0.0,0.0,0.0,1.0,0.39390100627513835,-0.237910273084746,0.1508935446172405,-0.25712766045602947,-0.3398847771044556,0.03467744742125329
444,1,5.498766754932793,-3.6754440420614825,1.5051103201209115,-0.342582428476256,0.029599785843655524,0.9390213694998216,-0.7267449692858872,0.6250658385005421,-0.28484109106178673,-0.5953814149912354,-0.7800106090417129,-0.19262507745724666,-0.3939010062751382,0.23791027308474588,-0.15089354461724044,0.06060808818969003,0.10302084007992815,0.10487055895934254
445,0,0.0,0.0,0.0,1.0,0.0,0.0,0.0,1.0,0.0,0.0,0.0,1.0,0.19205014741590015,-0.027541826418432676,-0.3789640669526743,-0.26131031015271045,0.2445382830144394,-0.003023485375922813
445,1,3.0489049553965364,1.5761063287672539,-5.572259367701081,0.73339619238018,0.2734475266918781,0.6223796872877109,0.6626039340560534,-0.49217125385737037,-0.5645560055919213,0.15194094765959365,0.8264344541598921,-0.5421439305219105,-0.1920501474159002,0.027541826418432728,0.3789640669526741,-0.48944755441048565,-0.1592660943718311,-0.38364037845479226
446,0,0.0,0.0,0.0,1.0,0.0,0.0,0.0,1.0,0.0,0.0,0.0,1.0,-0.09864488669954276,0.09545067751832581,0.06993784142505774,0.005076444307760053,-0.010776201980614547,-0.006063224826205579
446,1,-5.034582521429419,5.19143644087467,4.09933842190014,0.3877100668651995,0.5005179638347448,-0.7740559875939876,0.29989518538306625,-0.8625461862856374,-0.4075254032672791,-0.8716328251250287,-0.07413396254634719,-0.48452076711090286,0.09864488669954252,-0.09545067751832587,-0.06993784142505768,-0.03328321548487452,-0.04149473816570866,0.037617571651805376
447,0,0.0,0.0,0.0,1.0,0.0,0.0,0.0,1.0,0.0,0.0,0.0,1.0,0.0269545788603353,-0.023242766702409885,-0.021322004256830535,-0.009461895734704982,-0.013884775845698022,7.304853604186761e-05
447,1,5.572043025548241,-5.621050383575151,-5.658820759960778,-0.49776561765116045,0.43981917810802695,-0.7475215585203804,0.847829626689727,0.42840190392334443,-0.312500772514264,0.1827958259685296,-0.7893230639498844,-0.5861354678956476,-0.02695457886033525,0.02324276670240991,0.021322004256830587,-0.0022126947933691007,-0.01983922947518476,0.021930301207344433
448,0,0.0,0.0,0.0,1.0,0.0,0.0,0.0,1.0,0.0,0.0,0.0,1.0,0.024016924444310504,-0.24312483392555015,-0.10371007735702464,0.0941341478466042,7.462183530051927e-05,-0.015552725689401341
448,1,0.6505998571002907,-6.733964381858541,-3.344879982208223,0.5647992155005781,-0.8135702806615154,-0.138221722584675,-0.5383176391238137,-0.49017918570536567,0.6855205943729106,-0.6254725937865665,-0.31277430253390104,-0.7148120522881083,-0.0240169244443105,0.24312483392555034,0.1037100773570246,-0.2089775710598783,-0.012934590134941885,0.019104857249681285
449,0,0.0,0.0,0.0,1.0,0.0,0.0,0.0,1.0,0.0,0.0,0.0,1.0,0.06389513283189327,-0.10821768976639551,-0.06204113791948237,0.06678573524977129,-0.0181919266355269,-0.006305836088547298
449,1,3.0575319395941536,-6.447816387608336,-3.887368025218429,-0.48166736898858065,0.36108860282733957,0.7985058337669289,-0.866856042139624,-0.33009913033665894,-0.37362436531496146,0.1286745812413811,-0.8721522717158864,0.4720098167233113,-0.06389513283189335,0.10821768976639551,0.06204113791948253,-0.08743785642755703,-0.0404992089446756,0.08741087776059416
450,0,0.0,0.0,0.0,1.0,0.0,0.0,0.0,1.0,0.0,0.0,0.0,1.0,0.08286967622814075,-0.07440131995608373,0.02966980749540928,-0.02121577686309574,-0.03432117409352203,0.016947726497071283
450,1,6.07486899298788,-5.514764297955972,1.5462013748730994,-0.6224976453257605,-0.7071085893299116,0.3354014377723298,0.14133989351362075,-0.523089097779053,-0.8404765495159603,0.7697530227712275,-0.47578906952614886,0.42556438438149347,-0.08286967622814048,0.0744013199560837,-0.029669807495409307,-0.02736679503134331,-0.017785812169018943,-0.011919266289533471
451,0,0.0,0.0,0.0,1.0,0.0,0.0,0.0,1.0,0.0,0.0,0.0,1.0,-0.2811472365818509,0.15876904687414534,-0.12454523365747236,-0.10954734900156694,-0.2929368104699234,-0.028006777672188954
451,1,-6.166084885458846,2.991106827055833,-1.7121028631396662,0.33411084537175273,0.6695379409925651,-0.6633919569729565,0.3329717372879245,0.5746101667225204,0.7476315793668555,0.8817594712689136,-0.4706825914250002,-0.030953722829609287,0.2811472365818506,-0.1587690468741454,0.12454523365747247,0.008848190062617091,0.006333316374234191,-0.11003522378933048
452,0,0.0,0.0,0.0,1.0,0.0,0.0,0.0,1.0,0.0,0.0,0.0,1.0,0.03564455844100878,-0.09101538536089457,-0.12222300557706738,0.09323547028709261,0.17827195462388942,0.003667472057337612
452,1,3.3775778042481237,-3.9517159918719553,-5.334091892208298,-0.2335382708396494,0.9716122363428571,0.03780923487798343,0.2604855724204783,0.09997926024834003,-0.9602871518878977,-0.9368068865107697,-0.21441504077145973,-0.2764399531127346,-0.03564455844100882,0.09101538536089465,0.12222300557706761,-0.09572929369330066,0.04441440600017754,-0.17022184588283507
453,0,0.0,0.0,0.0,1.0,0.0,0.0,0.0,1.0,0.0,0.0,0.0,1.0,-0.07704789147816987,0.07991834627731673,0.08520589661809504,-0.00352799935644639,-0.010561336237271544,0.0018318144464586211
453,1,-3.9972407252570648,4.450588967911616,5.757911069909865,0.8358547466625077,-0.0722199000902389,-0.544179316505792,0.215296542066339,-0.8687581705615011,0.44598950666681747,-0.5049695450777523,-0.48994237121685036,-0.7106069458078621,0.07704789147816991,-0.07991834627731659,-0.08520589661809505,-0.07741830787309228,-0.09248509102420426,0.021623812932250085
454,0,0.0,0.0,0.0,1.0,0.0,0.0,0.0,1.0,0.0,0.0,0.0,1.0,0.023820753165510772,-0.05623643848566244,0.01935514924333639,-0.0024325375669857372,-0.017992063210124847,0.006560938301139024
454,1,3.4556763297382833,-8.145906494733232,2.6374306507232337,0.7200394281985764,0.04125183124695064,-0.6927059320218358,-0.6846840905920286,0.20467002185282857,-0.6995126004904624,0.11291996249394487,0.9779613839889261,0.175614958066875,-0.023820753165510827,0.05623643848566244,-0.019355149243336416,-0.0069129918112409774,0.013932516633406285,-0.006854239724454633
455,0,0.0,0.0,0.0,1.0,0.0,0.0,0.0,1.0,0.0,0.0,0.0,1.0,0.11579759104425794,0.020742796662093055,0.6234309136844695,0.6562885352909372,-0.46304447008069793,-0.0035762316722348086
455,1,1.8483720248330442,2.3133019955391627,4.820529009422705,-0.2690449403171147,-0.9166241230659701,0.29566034076842546,0.9493470035865647,-0.3041344567441251,-0.07900948678587337,0.1623424986593815,0.25942715593109617,0.9520202014109425,-0.11579759104425778,-0.02074279666209286,-0.6234309136844696,0.6859041883699752,-0.13108214333966697,-0.22595816170206215
456,0,0.0,0.0,0.0,1.0,0.0,0.0,0.0,1.0,0.0,0.0,0.0,1.0,0.1385051654469674,0.10131934220971933,-0.12908682538945,-0.023663166238069373,0.0028430526203575054,0.0025973123065465634
456,1,4.567745354818616,3.7803019322305933,-5.1980790157847325,-0.5411336366819655,-0.22366263593343194,-0.8106475266961956,-0.4474044669431606,0.8927995321211109,0.05232817982341664,0.7120418739165951,0.3910038628090963,-0.5831915200495532,-0.13850516544696753,-0.10131934220971958,0.12908682538945,0.06234193742627317,-0.13316809966708934,-0.06338770213791187
457,0,0.0,0.0,0.0,1.0,0.0,0.0,0.0,1.0,0.0,0.0,0.0,1.0,-0.13898387518974625,-0.0801357883017277,0.05954391207555551,-0.026529658311102457,0.1319544486746016,0.02388612008647676
457,1,-6.907022113503299,-3.371655190553686,1.8862001354178837,0.8350488279842492,-0.37119972138815605,0.40608400820949253,-0.4055614003570036,0.08344510198504418,0.9102509903840655,-0.37177063550339484,-0.9247960217237426,-0.08086354420467279,0.1389838751897463,0.08013578830172775,-0.059543912075555434,-0.02307974715777853,0.01716526455195462,0.06100783760980294
458,0,0.0,0.0,0.0,1.0,0.0,0.0,0.0,1.0,0.0,0.0,0.0,1.0,0.3568768039329311,0.18052186930910427,0.16029835425211164,0.2600012795363502,-0.28710631772511885,-0.06290181345581897
458,1,5.708461409651736,3.6072514617455864,1.9798350719416677,-0.27839956740626826,0.09569371848417405,0.9556863466172751,0.14152229686430132,0.9882504477142625,-0.05772774101601609,-0.949981642116444,0.1191795487289296,-0.28867129196806784,-0.35687680393293114,-0.18052186930910422,-0.16029835425211175,-0.039168334955642994,0.07860656123512332,-0.1939404346451241
459,0,0.0,0.0,0.0,1.0,0.0,0.0,0.0,1.0,0.0,0.0,0.0,1.0,0.10265243731889814,-0.05976435907276734,-0.5420303558518575,0.05328211052972631,0.11458668489934513,0.00045639362044086126
459,1,1.3258854083452152,-0.6728062993138633,-6.499910311661516,0.8496501371202622,0.4149331592512139,-0.3254613922500279,-0.2961010557086384,-0.13531997448004884,-0.945522431946989,-0.43637003712417,0.8997327257916794,0.007887511630721211,-0.10265243731889817,0.05976435907276733,0.5420303558518577,-0.07706364650018249,-0.06314818104149598,-0.010631878786050644
460,0,0.0,0.0,0.0,1.0,0.0,0.0,0.0,1.0,0.0,0.0,0.0,1.0,-0.12573182384416784,0.012100477433860234,0.05230547260851258,0.05470551415324296,0.08612300183161756,-0.013655882165706673
460,1,-7.663357868851149,1.0768352815284663,2.7529564447990476,0.3470086786152785,0.6095701028647253,-0.7127476879367387,0.33742253934327104,-0.7902261836920201,-0.5115550884808837,-0.8750605732798258,-0.06298307948198625,-0.4798980358265168,0.125731823844168,-0.012100477433860229,-0.052305472608512565,-0.031693223168066796,-0.03142168150133499,0.05631805713240064
461,0,0.0,0.0,0.0,1.0,0.0,0.0,0.0,1.0,0.0,0.0,0.0,1.0,-0.035156951212729014,0.04789529368558801,-0.01254488504811966,0.009753269653074643,-0.012066295336229023,-0.002839096167194726
461,1,-5.621640745810628,7.1493440196428955,-1.97509157914822,0.33652569658571974,0.7024997406113439,0.6270921542951169,-0.5398022946261621,-0.4017466268772345,0.7397385555107254,0.7715983010957361,-0.5874468165151285,0.2440129084954623,0.03515695121272897,-0.04789529368558777,0.012544885048119719,-0.004843377309721304,0.010981656686994417,-0.015061899446671505
462,0,0.0,0.0,0.0,1.0,0.0,0.0,0.0,1.0,0.0,0.0,0.0,1.0,0.06014637292132835,0.014350145960595521,-0.15692115700144676,0.0385906834643524,-0.02586759163912719,8.558829531578327e-05
462,1,1.4233990164505748,-0.3598479335915238,-7.487128541272249,-0.5343997323943286,0.0920734800352822,0.8402019996947538,0.8278335363755343,0.25766685897932384,0.49829652400524194,-0.17061231511484704,0.9618369217585288,-0.21391861506944787,-0.06014637292132829,-0.014350145960595537,0.15692115700144665,0.1253184580124072,-0.20109461317800878,0.041983943359683265
463,0,0.0,0.0,0.0,1.0,0.0,0.0,0.0,1.0,0.0,0.0,0.0,1.0,-0.022396683384123962,-0.03386322235869097,-0.02719482084083541,0.0645470091770739,-0.028048283724923313,-0.0002602163271448049
463,1,-4.6232834930610816,-7.317724392958564,-3.355974055558282,0.6825363016546826,-0.04000529854528956,-0.7297559681234888,-0.6098709588005723,-0.5814092784989122,-0.5385356668662209,-0.40274261077668283,0.8126271143419206,-0.42123100847528394,0.02239668338412406,0.03386322235869089,0.027194820840835493,0.020813098978677606,-0.02251839419759095,-0.0070732630414365935
464,0,0.0,0.0,0.0,1.0,0.0,0.0,0.0,1.0,0.0,0.0,0.0,1.0,0.08832747245604106,-0.12714503311796208,-0.19203717970657563,0.031418357854451906,-0.014962704124518618,-0.0008406689289170849
464,1,1.5727827220212804,-3.0813469160985143,-6.490116469068552,0.6344620019574874,-0.3088742597854349,0.7085581554919094,0.6921011929293116,-0.18115925363794316,-0.698696832372358,0.34417133352143225,0.9336905357040645,0.09883358092640393,-0.08832747245604115,0.12714503311796213,0.19203717970657558,-0.2648712597884911,-0.256260121305435,0.07303674250936136
465,0,0.0,0.0,0.0,1.0,0.0,0.0,0.0,1.0,0.0,0.0,0.0,1.0,0.3346587495855342,0.41373602080912036,0.427527792335887,0.21794987128147436,-0.13715555829853657,0.004258732379875375
465,1,3.0266913054750755,4.092812295816825,4.411618288472548,0.17106827320738383,-0.8246277940838763,-0.5391888788969998,0.727002898575185,0.47500887529586866,-0.49581584671471807,0.6649830308850917,-0.30717351711127977,0.6807657445996849,-0.33465874958553443,-0.4137360208091204,-0.42752779233588706,-0.29340426200710845,0.31954756645545224,-0.12170296064141459
466,0,0.0,0.0,0.0,1.0,0.0,0.0,0.0,1.0,0.0,0.0,0.0,1.0,0.14099983852100806,0.10270097735535759,0.3645189714291179,0.5034253203903489,-0.38904623222334656,-0.015059500465548686
466,1,3.1862916241754977,3.4892785677183102,4.354772844622035,0.8301104298038846,-0.28956303329783134,0.4765185453664621,0.2545899250325992,0.9571357216484915,0.13811292631870847,-0.49608531968070324,0.0066678401135954884,0.8682481762177874,-0.1409998385210079,-0.10270097735535769,-0.36451897142911827,0.32124348684074233,-0.1583952454069428,-0.14969295019553366
467,0,0.0,0.0,0.0,1.0,0.0,0.0,0.0,1.0,0.0,0.0,0.0,1.0,-0.03272754206046484,-0.027047632592181788,-0.19082061556612262,-0.102962648766427,0.06999574859166062,2.0685351846683186e-06
467,1,0.28629870098962473,0.9930316179940872,-7.14591245624104,0.10213086013597295,-0.8449611838811352,0.5249856046998591,0.7250512632562455,0.4245550703266884,0.5422671462576572,-0.6810799902055624,0.32525926580820275,0.656000348283063,0.03272754206046491,0.02704763259218174,0.19082061556612318,-0.2798082705081304,0.2185040962389896,0.02475371343410207
468,0,0.0,0.0,0.0,1.0,0.0,0.0,0.0,1.0,0.0,0.0,0.0,1.0,-0.03250516537636842,0.04107512067182837,-0.03132636054295351,-0.09137066123162632,-0.045783684224442185,-0.00012389043198023086
468,1,-5.133801197815337,6.8155683819413255,-2.732676999252177,0.49624480548408256,0.2022466459181591,0.8442969781095511,0.8582744536574853,-0.2607864031930478,-0.44199028734642803,0.13079011900373083,0.9439739117817227,-0.30299702745489454,0.032505165376368564,-0.04107512067182862,0.031326360542953485,-0.009891253704808034,-0.026213505273276764,0.010793564115489018
469,0,0.0,0.0,0.0,1.0,0.0,0.0,0.0,1.0,0.0,0.0,0.0,1.0,0.026860194091851284,-0.02691224694674604,-0.02683361632641086,0.05544797681547943,0.040619704374915105,0.004406743592583772
469,1,5.929505770407832,-6.288317901833043,-3.500324985568671,0.4076812077180707,-0.5445390127080918,0.7329892881293915,-0.2686797165167785,-0.8387267276226469,-0.47365460654771374,0.8727011188293498,-0.0038392721058406187,-0.4882397128293625,-0.026860194091851416,0.026912246946746033,0.026833616326410886,0.019088722695319922,0.024470969976516623,0.004922372196544309
470,0,0.0,0.0,0.0,1.0,0.0,0.0,0.0,1.0,0.0,0.0,0.0,1.0,-0.43356547169209103,0.09086239900997375,0.5217974971717613,-0.0028036279442661127,0.964328137229532,-0.03823130559140303
470,1,-5.210923589624537,0.3239074587969685,3.2415730228408406,-0.33425364090884724,-0.7223293222573386,0.6054047024482327,-0.9182325741185322,0.10480704026568088,-0.3819220131628998,0.21242279389659133,-0.6835611417554408,-0.6982984477393348,0.43356547169209114,-0.0908623990099737,-0.5217974971717614,-0.12271937216154165,0.3492846131174956,-0.29481062266165214
471,0,0.0,0.0,0.0,1.0,0.0,0.0,0.0,1.0,0.0,0.0,0.0,1.0,0.028785798194480818,0.02252110007648573,-0.008937726752779037,-0.0009988164607525754,-0.016239654957973387,0.004115818972360453
471,1,7.119862933129223,6.042318342471787,-2.9262799742522483,0.7384345037128406,0.043742218132611005,-0.6729049725475433,0.5153455799761426,-0.6801825887952102,0.5213161987689423,-0.4348947193579431,-0.7317364718617525,-0.5248126511640994,-0.028785798194480863,-0.022521100076485903,0.008937726752779073,0.01289727031438619,-0.004360260427853932,-0.017701629757699327
472,0,0.0,0.0,0.0,1.0,0.0,0.0,0.0,1.0,0.0,0.0,0.0,1.0,0.04612310894618002,0.06736234015772416,-0.4002705606286212,0.235162129516842,-0.08667345892058986,7.923986395044075e-05
472,1,-0.28462182041640116,-1.178335002162217,-6.110191083502072,-0.8600161942174354,0.41098375255910924,-0.30243098521181905,-0.2260119216429677,-0.8381909449626848,-0.49634116397677003,-0.45748306740141936,-0.3585084307446546,0.8137450141942459,-0.04612310894618002,-0.06736234015772412,0.40027056062862154,0.648087452602516,-0.3090732857309648,0.03509644193267435
473,0,0.0,0.0,0.0,1.0,0.0,0.0,0.0,1.0,0.0,0.0,0.0,1.0,0.0732939599318049,-0.07715092726674463,-0.010778799953655884,0.03120493318210105,0.033085015122609154,0.018931740431415104
473,1,5.7420347473055084,-6.219504391477963,-0.39535185985082455,0.6386465462893789,-0.7282371259522333,-0.24859862690183793,0.04871745059112986,-0.28415205420268874,0.957540714591444,-0.767956508482446,-0.6236411616284027,-0.14599487183537518,-0.07329395993180482,0.07715092726674468,0.010778799953655896,0.005332097880400992,-0.00016967462933312888,-0.006082939919234145
474,0,0.0,0.0,0.0,1.0,0.0,0.0,0.0,1.0,0.0,0.0,0.0,1.0,-0.01942603114403419,0.03995291956485755,-0.07096180739959423,-0.08150647979969511,-0.021625076542049954,-0.001607281528416861
474,1,-2.3419690440861545,5.671682302196082,-6.052472775319107,-0.6824479116720532,0.7101513022187513,-0.17306061311420734,0.730811658262053,0.667268253667552,-0.14376160056052395,0.013385365244244954,-0.2245845177310029,-0.9743626770319207,0.019426031144034198,-0.03995291956485771,0.0709618073995943,-0.07915238939961518,-0.02698975506843539,0.018217057728184962
475,0,0.0,0.0,0.0,1.0,0.0,0.0,0.0,1.0,0.0,0.0,0.0,1.0,0.020526165909179876,0.49621764534545204,0.13697538480788435,0.3759938118132956,-0.06752397325466833,0.08782376811152157
475,1,0.668889296305698,6.866262944036896,1.445508419420834,-0.6246149003219048,-0.7739966830757106,0.10385259208924516,0.5452625679507481,-0.5274466975828593,-0.6515279834363923,0.5590572048436663,-0.3503271553801304,0.7514824854350586,-0.020526165909179883,-0.49621764534545226,-0.13697538480788446,-0.1527715870737572,0.005573350139468858,0.10315285113271232
476,0,0.0,0.0,0.0,1.0,0.0,0.0,0.0,1.0,0.0,0.0,0.0,1.0,0.3251916579222027,-0.28927623012489734,-0.2810345529847913,0.5103473362315647,0.4912698356072084,0.07715135307829563
476,1,4.3844128348913625,-4.14323371990581,-2.546401923356832,0.23007852079053237,-0.6442392367193175,-0.7293967919741299,0.21225998015388217,-0.6982383225427435,0.6836731278599224,-0.9497418465540594,-0.31212025055098164,-0.02390343280950269,-0.32519165792220284,0.2892762301248972,0.28103455298479124,-0.0825690486177745,-0.0871669976454266,0.001887273268462386
477,0,0.0,0.0,0.0,1.0,0.0,0.0,0.0,1.0,0.0,0.0,0.0,1.0,0.005803388973927132,-0.011356786848267176,0.01765347218249541,-0.05481355179889324,0.0018868348382910056,-0.0006136323847634375
477,1,2.20320461710534,-7.577968253693409,5.761245861358367,-0.13371055258750952,0.749348962856105,0.6485349797761282,-0.3523966159118963,0.5756889714305293,-0.7378338791808783,-0.926249487568326,-0.3271977078766586,0.1870923481590696,-0.005803388973927119,0.011356786848267138,-0.01765347218249547,-0.013534658739607484,-0.00734629555081495,0.019570204573434082
478,0,0.0,0.0,0.0,1.0,0.0,0.0,0.0,1.0,0.0,0.0,0.0,1.0,0.2026462344512262,-0.045243952625085015,0.047096130827286996,-0.01992982988223902,-0.1542032737155167,-0.0029482082172419734
478,1,7.685208287911587,-1.6796111288370978,1.0919176771289842,-0.38400381170105713,0.8037787616869907,0.4544015568415089,0.8317849103233723,0.5147874136096212,-0.20767229412576033,-0.4008427815957258,0.2982174056792202,-0.8662513742514681,-0.20264623445122593,0.04524395262508507,-0.047096130827287024,-0.009770683925923427,0.013532704354000336,-0.004394120873730131
479,0,0.0,0.0,0.0,1.0,0.0,0.0,0.0,1.0,0.0,0.0,0.0,1.0,0.014451606706071811,0.02464330624956033,-0.04004057045941083,0.013282855615102274,0.047792557575685644,0.0006029578531358028
479,1,4.662930668899195,3.6235830065648442,-6.983536710512057,0.040909014704578306,0.9535205537745499,-0.2985381148955292,0.5074303705936372,0.2375620022595486,0.8282986865144953,0.860721134581407,-0.18537218942416855,-0.474126860526785,-0.014451606706071825,-0.024643306249560456,0.04004057045941074,0.013724247557210034,0.0379905204619857,0.06194047416333407
480,0,0.0,0.0,0.0,1.0,0.0,0.0,0.0,1.0,0.0,0.0,0.0,1.0,-0.00202894536947461,-0.06349107850178184,-0.00971673149727183,0.05695132698117323,-0.017235280254786003,0.006962437930233882
480,1,-0.2833383677950407,-9.123572747012204,-0.12068652543014761,-0.5160078313419705,0.7265793772629539,0.45367204733147765,-0.8445413225615124,-0.34304224231485003,-0.41118362622270277,-0.14312886668945574,-0.5953187621130195,0.7906387917351476,0.0020289453694746318,0.06349107850178211,0.009716731497271862,0.024037462037178357,0.014727023778975843,-0.007484210056107374
481,0,0.0,0.0,0.0,1.0,0.0,0.0,0.0,1.0,0.0,0.0,0.0,1.0,-0.2751808461880011,-0.031096155825427185,-0.26845413054128464,0.022953457106635038,-0.1177150399714029,-0.004499404984112516
481,1,-4.992088385576681,-0.6524322575926215,-5.236598007319356,-0.018663512583239283,0.6859690636889729,-0.7273913093787477,-0.8976910507801775,0.3088342770005489,0.3142803950276391,0.44022999744137825,0.6588382449518411,0.6100243571707133,0.27518084618800076,0.031096155825427158,0.26845413054128453,-0.010643390288244695,0.21857976363671008,-0.01980269740837573
482,0,0.0,0.0,0.0,1.0,0.0,0.0,0.0,1.0,0.0,0.0,0.0,1.0,-0.00262207522322358,0.023859573305776698,-0.015204646196340807,0.01844050775215478,0.011593833131118057,-1.4075049740358211e-05
482,1,0.32060219041502475,6.563005487616125,-7.292812843104853,0.23330994297505647,0.910157956780414,0.34231413090650825,0.42135244735645283,0.2226400092553109,-0.8791436409287863,-0.8763724012174867,0.34934784955413306,-0.3315531547070534,0.0026220752232235566,-0.02385957330577662,0.015204646196340817,0.05577471845936732,0.012403113607426158,0.02487220059289869
483,0,0.0,0.0,0.0,1.0,0.0,0.0,0.0,1.0,0.0,0.0,0.0,1.0,-0.004153823418877921,-0.41713305301516507,-0.3653091948861166,0.7691636574525569,0.01157763209242681,-4.4698061364489144e-05
483,1,0.03879143924414245,-5.618105565631374,-2.8220247098626894,-0.5554163598556361,-0.829837321245728,0.053690664667419674,0.4141772989501409,-0.22006930930549062,0.8831911820982873,-0.7210893372107788,0.5127762858884165,0.46592987497197536,0.004153823418877866,0.41713305301516473,0.3653091948861166,0.1060221806041905,0.014315429674803981,-0.03947311188964446
484,0,0.0,0.0,0.0,1.0,0.0,0.0,0.0,1.0,0.0,0.0,0.0,1.0,-0.031194139046991295,-0.01198957700191896,-0.01187820382159644,0.008725865050987592,-0.0021111500805517944,0.0014815707672821065
484,1,-8.884596187323805,-3.297518759429409,-2.991647433346307,0.6489899850846448,-0.2606812067423101,0.7147428262747417,0.618868246394035,0.7273170752896385,-0.2966681068084305,-0.44250886190561706,0.6348662697320588,0.6333488191285244,0.031194139046991268,0.011989577001918938,0.01187820382159642,-0.0054258523856460066,-0.010100028289679819,0.0021777206598890767
485,0,0.0,0.0,0.0,1.0,0.0,0.0,0.0,1.0,0.0,0.0,0.0,1.0,0.0789222403455864,-0.09579156411049455,-0.24320461219453055,0.10463303759515015,0.014844051478849821,-0.003215415118610612
485,1,1.8063601004811638,-3.214800327066638,-6.413669948536564,0.6695474797854121,0.1863450695965393,0.7190143860522293,-0.48875307202980156,-0.6183926776449058,0.6153949388941993,0.5593090441736437,-0.7634566204259574,-0.3229665336119836,-0.07892224034558631,0.09579156411049466,0.2432046121945307,0.06284575317314908,-0.08171014493332338,0.08390059982255321
486,0,0.0,0.0,0.0,1.0,0.0,0.0,0.0,1.0,0.0,0.0,0.0,1.0,0.04149717697876157,0.06937994876546752,0.3504808931790677,0.1445443431409692,0.05097563212085446,3.490125430369306e-05
486,1,0.08100921553976305,2.286809667826917,6.585612438786056,0.08468493249301612,-0.6427706425235594,0.7613634896148513,0.7522363673121159,-0.459848008174355,-0.47189009003278465,0.6534285805669389,0.6126872860505013,0.44457325561750405,-0.04149717697876154,-0.0693799487654676,-0.35048089317906794,0.20002929817733361,0.19391651054687217,-0.08931063153318057
487,0,0.0,0.0,0.0,1.0,0.0,0.0,0.0,1.0,0.0,0.0,0.0,1.0,0.016338655664715446,0.012375899580578942,-0.024483011810971712,-0.031103863935337036,0.04513545568788702,-0.0007964934562886827
487,1,6.56291294838175,4.872910051248549,-5.363222697538035,0.4656423585361431,-0.7805419144974985,0.4170509724835535,-0.8661305432375526,-0.3052216721166805,0.3957999658177347,-0.1816454678981012,-0.5455218149468246,-0.8181753317041542,-0.016338655664715433,-0.012375899580578966,0.0244830118109718,-0.02182494487017156,0.027916570633462673,0.0024016456490614764
488,0,0.0,0.0,0.0,1.0,0.0,0.0,0.0,1.0,0.0,0.0,0.0,1.0,0.05244855417921461,-0.021030781138748168,0.019849917702114823,0.00047281543964683686,0.01784061001396938,0.003976472085403509
488,1,8.039763717623897,-3.1919351742997595,3.5229261186474603,-0.8127996270455062,0.4380045933409534,-0.3840686689732863,0.5599932890179413,0.40581288416080263,-0.7223042428948895,-0.16051256190577134,-0.8021644963854465,-0.575124193726128,-0.05244855417921442,0.021030781138748154,-0.01984991770211481,0.010257422209271781,0.0073431232499990935,-0.0056465983121984625
489,0,0.0,0.0,0.0,1.0,0.0,0.0,0.0,1.0,0.0,0.0,0.0,1.0,-0.018194640377916443,0.02515704030221837,0.014053018699290055,0.03009455292636129,0.013062647857589215,0.000869941760653397
489,1,-5.522560122424617,7.768486140585381,2.7571740548814856,0.05813008322990665,-0.6287699422491393,0.775415535792067,-0.5850962415567673,-0.6508010625978327,-0.4838598609490945,0.8088777914739834,-0.4255659016480835,-0.4057220499487608,0.018194640377916366,-0.0251570403022184,-0.014053018699290033,0.009713789253575897,0.014380202422907594,0.0015436022768642865
490,0,0.0,0.0,0.0,1.0,0.0,0.0,0.0,1.0,0.0,0.0,0.0,1.0,0.08662306136784229,0.3942157787431002,-0.27598574853217844,-0.3560117075872592,0.13667539339718301,0.058862375156083946
490,1,1.6680106211861452,6.126446212685448,-2.5402321654576046,0.9855069914460656,-0.16959941410196988,0.0034653350765865634,-0.14640288600865164,-0.8400430119404458,0.5223925086162339,-0.08568643287745287,-0.5153288045765468,-0.852698105072625,-0.0866230613678423,-0.3942157787431,0.27598574853217817,-0.3334005349687225,0.10362907969349813,0.06800220457833756
491,0,0.0,0.0,0.0,1.0,0.0,0.0,0.0,1.0,0.0,0.0,0.0,1.0,-0.024341338255882077,0.01926348994180834,-0.03806022799363947,-0.01167946582637981,0.0017598152170366184,0.0009789556208988671
491,1,-4.760971202132786,3.9387461911558086,-7.2155440744491,-0.8751794896059912,-0.48285480955776156,-0.030200891707602595,-0.33544409679489545,0.6506096246483917,-0.6813107765479244,0.3486231760776287,-0.5861385068410169,-0.7313709947076994,0.02434133825588207,-0.01926348994180837,0.03806022799363942,0.0007664484847361951,-0.007327465624971236,0.0031824768565674073
492,0,0.0,0.0,0.0,1.0,0.0,0.0,0.0,1.0,0.0,0.0,0.0,1.0,-0.14246293314466185,0.4177130265907479,0.8478562707840387,0.3203593087753881,0.5677103124621977,0.0402205672884699
492,1,-2.3775456527826164,2.380372707624171,4.697681706622855,0.675623880196005,-0.4401200224780246,-0.5914615273395534,-0.7371981122968145,-0.4124957569798955,-0.5351506271131488,-0.008444864410246333,0.7975848646304204,-0.6031476336499766,0.1424629331446621,-0.41771302659074805,-0.8478562707840389,-0.2644282254464764,0.778861163419362,-0.6942374798643326
493,0,0.0,0.0,0.0,1.0,0.0,0.0,0.0,1.0,0.0,0.0,0.0,1.0,-0.24732485117812597,-0.015582908308713788,-0.23101820789500244,0.016712606869694197,-0.06496589297232855,-0.003703365145379056
493,1,-4.7229520848342625,-0.402522418149312,-5.563678189973797,-0.3293045787778679,0.3701957899055989,-0.8686274066204109,-0.8446586444365061,-0.5266707082681699,0.09575875641939197,-0.4220311229928608,0.7652274447433745,0.4861241498186557,0.24732485117812608,0.015582908308713755,0.23101820789500233,-0.010420886284829657,0.34991384669820746,-0.022253102734838326
494,0,0.0,0.0,0.0,1.0,0.0,0.0,0.0,1.0,0.0,0.0,0.0,1.0,-0.04392707959770196,-0.03556100883817714,-0.0056025136498999714,-0.013867015962594716,0.020867609309764314,-0.006396387600136618
494,1,-7.137287062558248,-5.851255102051939,-1.4121611823109934,0.3141805894608297,0.6144150969809343,0.7237296773022057,-0.9423610080253282,0.29425215996203824,0.15928401335715525,-0.11509251826045402,-0.7320585734485897,0.6714491472039286,0.043927079597702,0.035561008838177074,0.0056025136498999905,-0.0035691237442041866,0.0011777591591584933,0.0031769672980817808
495,0,0.0,0.0,0.0,1.0,0.0,0.0,0.0,1.0,0.0,0.0,0.0,1.0,0.0010796904564116744,0.0027633573070392162,0.010232411262299311,0.006679414925827666,-0.030744557605776594,5.023992772249658e-06
495,1,4.618650407502096,2.487348852930251,8.323107990289138,0.2342952078181284,0.7779164492462043,-0.5830538170577716,0.6326074516234366,-0.5773962820442955,-0.5161601937692648,-0.7381826113801117,-0.24791032950161912,-0.6273969244285766,-0.0010796904564116805,-0.0027633573070393255,-0.010232411262299516,-0.004227559792079208,-0.007528992575772773,0.010072390541183526
496,0,0.0,0.0,0.0,1.0,0.0,0.0,0.0,1.0,0.0,0.0,0.0,1.0,-0.006829323314117845,0.002611786280742573,0.03291991209544033,-0.08591554766458642,-0.018172381550103638,2.3300189806532007e-05
496,1,-0.011859768762921878,-2.946830790413278,7.355286185925721,-0.1047399506220732,0.9793525869775006,0.172910535029427,0.913757340261935,0.026145658748390033,0.40541821326384303,0.3925265161248598,0.2004617542303015,-0.8976291100614944,0.006829323314117818,-0.0026117862807426354,-0.032919912095440505,-0.030304298467291775,-0.031668823336300174,-0.02017913559088378
497,0,0.0,0.0,0.0,1.0,0.0,0.0,0.0,1.0,0.0,0.0,0.0,1.0,0.031564876618785834,0.013428506935218949,0.021982531231372077,0.04318394473335101,-0.04622437884994789,-0.0009582801067495005
497,1,7.980582840519422,3.7771672675943675,3.30820246057051,0.14194263526325912,-0.0873343407538989,0.9860147063911386,0.9272157679303856,-0.3370371451040346,-0.1633305927295549,0.3465879513136411,0.9374319579282564,0.03313783727114805,-0.031564876618785716,-0.013428506935218942,-0.0219825312313721,-0.004576466992220828,-0.024786030188450867,-0.011100226642379009
498,0,0.0,0.0,0.0,1.0,0.0,0.0,0.0,1.0,0.0,0.0,0.0,1.0,0.013618815678604686,0.05873153466928593,0.20788020151637732,0.25077984597778247,0.24343966571923664,0.0008756967966147139
498,1,-1.915586065557734,2.9299388521503555,5.641438729080487,-0.9840801589848067,0.11337088563346452,0.13686958384944875,-0.022727672593555168,-0.8440728093807128,0.5357467175472297,0.17626597400212424,0.5241069878897198,0.8332119608204431,-0.013618815678604741,-0.05873153466928586,-0.20788020151637704,0.026966078736253608,0.23160246582435803,-0.15328330339493804
499,0,0.0,0.0,0.0,1.0,0.0,0.0,0.0,1.0,0.0,0.0,0.0,1.0,0.008755441284270266,0.03892030438510395,-0.05006012115734137,-0.05371128948610508,-0.04845171259488072,-0.002477439470559683
499,1,-0.3777114823051855,6.435608103478244,-6.019956074406903,0.6553694214779091,-0.1025842300400393,0.748309693334787,-0.5360974130776495,-0.7610807289051471,0.3651789804748649,0.5320624823112063,-0.6404940279474134,-0.5537841773475791,-0.008755441284270226,-0.03892030438510396,0.05006012115734135,-0.03415750909431191,-0.023163941915191624,-0.06856979526908452
500,0,0.0,0.0,0.0,1.0,0.0,0.0,0.0,1.0,0.0,0.0,0.0,1.0,-0.05014603848268412,-0.03544247081929623,0.03469104974926711,0.00861075872965706,-0.012710550551414752,-0.0017678825843697428
500,1,-6.16922193582554,-4.557605307094661,5.005266964641447,0.6303495437185389,0.7277168173233813,-0.270347344204744,0.7461445022612049,-0.6640664774395413,-0.04779220947412022,-0.2143078031225386,-0.17159238714397482,-0.9615759035016547,0.05014603848268415,0.035442470819296246,-0.034691049749267164,0.010680157161489956,-0.02426697418360844,-0.0081255000958254
501,0,0.0,0.0,0.0,1.0,0.0,0.0,0.0,1.0,0.0,0.0,0.0,1.0,-0.02461579323228502,0.031213107732735963,-0.003985328693889803,-0.02759071134575552,-0.021613167109099114,0.003664490206998376
501,1,-5.900300492234473,7.7988223323851225,0.18148721853983613,0.9153333679937665,-0.24157555001527528,-0.32218950801043345,0.3990448149296616,0.43661425646368524,0.8063071540860934,-0.05411156174922341,-0.866607895583395,0.49604706853037595,0.02461579323228502,-0.03121310773273609,0.003985328693889824,-0.009154939178446127,-0.006368921591054475,0.004142992862690658
502,0,0.0,0.0,0.0,1.0,0.0,0.0,0.0,1.0,0.0,0.0,0.0,1.0,0.020934401355027145,-0.0716444440793266,0.06719662380323853,-0.14846311504184306,-0.0530637135325171,-0.002845577203689131
502,1,1.985278359318505,-6.35954682658057,4.40311842425715,0.7561612641689014,-0.5986160658377007,0.2643462658928294,0.07779553524265698,-0.31886257690300135,-0.9446028328070406,0.6497445630913716,0.7348370314374275,-0.1945418720004295,-0.020934401355027124,0.07164444407932666,-0.06719662380323867,0.03658201109837332,0.011836358783794713,-0.0062552814886758035
503,0,0.0,0.0,0.0,1.0,0.0,0.0,0.0,1.0,0.0,0.0,0.0,1.0,0.2565074166604091,-0.2347709314362481,-0.3343889912695838,0.12458844197016707,0.17986248256344867,0.011049309777487318
503,1,4.073867281223425,-3.6502329415045542,-4.467138606798826,-0.674809916613367,-0.26480564198906287,-0.688846534731083,-0.012150444921440323,0.9372670740651359,-0.34840034236721135,0.7378915524170688,-0.2267342141013113,-0.6356946224622235,-0.2565074166604092,0.23477093143624794,0.33438899126958377,0.047254977665563566,0.03653970427706876,-0.03116310390390667
504,0,0.0,0.0,0.0,1.0,0.0,0.0,0.0,1.0,0.0,0.0,0.0,1.0,-0.022359598148743054,-0.05582287227198169,-0.05608185894630574,-0.00929452753093723,0.03041900272459433,-0.0004998249579529941
504,1,-0.9462393279717322,-5.161986699435057,-6.873367022484567,0.5937086292236513,-0.27463508519187524,0.7563634269099904,-0.7883209223384608,-0.009941539392351872,0.6151839474481987,-0.16143167901255012,-0.9614971324846274,-0.22240296138996696,0.022359598148743103,0.055822872271981454,0.05608185894630588,-0.08490275188324578,0.07019986130622576,-0.062098326146479976
505,0,0.0,0.0,0.0,1.0,0.0,0.0,0.0,1.0,0.0,0.0,0.0,1.0,-0.035911853300606,0.009363373278063084,0.006521973864522725,-0.008062242218042606,-0.02948053488398899,-0.002782432678330387
505,1,-9.210734941046615,1.9557853547980801,3.15121462363106,0.47512568058802873,-0.8634000289554183,-0.16969377609548744,0.7886109173955617,0.5033755663326733,-0.353137169077104,0.3903183426516019,0.033962173355709446,0.9200533474590826,0.03591185330060614,-0.009363373278063053,-0.006521973864522775,-0.008688175613696437,-0.023613249840021867,-0.013225239991004733
506,0,0.0,0.0,0.0,1.0,0.0,0.0,0.0,1.0,0.0,0.0,0.0,1.0,-0.045194448856110625,0.0015980526247051183,-0.002095535735177168,0.01400472376535939,0.02008345554749339,-0.00442121634949524
506,1,-9.455061388956485,-0.16324192056370163,-1.2461190172364707,-0.9770756617590999,-0.21284132959078772,-0.004660430885964031,0.14759281885272757,-0.6929955238236705,0.7056724195995354,-0.15342591378617598,0.6888075002338334,0.7085229118387735,0.04519444885611065,-0.0015980526247051149,0.0020955357351771604,-0.0116712807211495,0.016420787626775124,-0.018066097949964083
507,0,0.0,0.0,0.0,1.0,0.0,0.0,0.0,1.0,0.0,0.0,0.0,1.0,-0.19200134680419184,0.001922210284698453,0.022196692883485716,0.019424547397286607,0.009927238740526506,0.026281715953024073
507,1,-8.137795992637603,0.3386399404318233,0.8073228070311299,0.7602234019001651,0.6471739810320793,-0.05679980174639526,-0.17977141677534916,0.2935758174690163,0.9388799055832341,0.6242936944371005,-0.7035474949656836,0.3395265901421973,0.19200134680419143,-0.001922210284698394,-0.02219669288348574,-0.013459704844186293,0.01569785340079402,0.023095053539751234
508,0,0.0,0.0,0.0,1.0,0.0,0.0,0.0,1.0,0.0,0.0,0.0,1.0,-0.2789157416610222,-0.0778192199114617,-0.7327586857302999,0.1378792758223725,0.015252255028435472,0.0024646680106640284
508,1,-0.40095678386996075,-0.6974998578758241,-5.606313999882461,-0.4701332069485218,-0.3277034063002042,-0.8195030477207157,-0.430795404138655,0.8955980239518062,-0.11099323973392607,0.7703181728982584,0.3008565388899885,-0.562223492491932,0.2789157416610221,0.07781921991146173,0.7327586857302995,-0.06305917871777217,1.2546324062501515,-0.16580621403958787
509,0,0.0,0.0,0.0,1.0,0.0,0.0,0.0,1.0,0.0,0.0,0.0,1.0,0.031148932657197665,-0.017980442301668738,-0.0077357314064543815,-0.010633516994728715,0.01407691541113816,-0.00022599197979025765
509,1,8.318131289176192,-4.404482148579214,-2.1162580006204568,-0.8836887160402576,0.4573945359905252,0.09942078046934391,-0.41706055730464947,-0.6729842149144676,-0.6108622905505733,-0.2124964580501438,-0.5812765993242545,0.7854697768814365,-0.031148932657197363,0.0179804423016688,0.007735731406454338,0.006654153005059757,-0.015649263901029095,-0.012142769887024365
510,0,0.0,0.0,0.0,1.0,0.0,0.0,0.0,1.0,0.0,0.0,0.0,1.0,0.008527234141105358,0.005254992436566772,0.033071469400009545,0.06402528305859981,0.02575065770166037,3.863797399801701e-05
510,1,0.3517640921802154,4.9009705052790515,7.681082244482416,-0.8315494669701227,0.18170625410959823,-0.5248888655698113,0.2868707913864485,0.949685361788554,-0.1257094374096716,0.47563708121951354,-0.2551088999270733,-0.8418365733008877,-0.008527234141105396,-0.0052549924365667446,-0.03307146940000972,0.057692983937684225,0.028114373643568356,-0.03998184334730108
511,0,0.0,0.0,0.0,1.0,0.0,0.0,0.0,1.0,0.0,0.0,0.0,1.0,-0.011387229304643599,-0.0002886291375565047,-0.045128780534278636,-0.051224254927321924,0.016863791003315483,-3.874365275569058e-05
511,1,-1.0077701132867165,2.9695219424580883,-8.472722623193905,0.09798326215916986,-0.8606276489043155,0.49971925145833385,0.8038819011124448,0.3644547255876862,0.47004961659450994,-0.586662739059239,0.3556582670742161,0.7275534534735415,0.011387229304643547,0.0002886291375564995,0.04512878053427852,-0.08523212372908254,0.03413760807011337,0.03414424275534987
512,0,0.0,0.0,0.0,1.0,0.0,0.0,0.0,1.0,0.0,0.0,0.0,1.0,-0.06147804118197243,0.019820861195134445,-0.018356114246478844,-0.016678772277435482,-0.014232484251476094,-0.0007240874918421902
512,1,-8.032714457009064,2.7864195118584916,-2.707527825024679,-0.38919791226427103,0.7264565698062043,0.566379587621708,0.8884420122586073,0.4584369133777447,0.02250305105008507,-0.243301820673437,0.5119535610170999,-0.8238372262886045,0.0614780411819726,-0.0198208611951344,0.018356114246478886,0.019196470580921592,0.03323656709747927,0.012812382719603815
513,0,0.0,0.0,0.0,1.0,0.0,0.0,0.0,1.0,0.0,0.0,0.0,1.0,0.1968449720130671,-0.010059808391108122,0.20432039157569834,0.022522234095260833,-0.09068425941227913,-0.012230031403092895
513,1,5.322180992073986,0.23366264939964546,5.328398763762488,-0.5644013989666177,-0.6688639220197751,0.4838099985168237,-0.6332355701885716,-0.02519446165969219,-0.7735489330027111,0.5295883056606133,-0.7429578002295975,-0.4093286376318155,-0.1968449720130671,0.01005980839110806,-0.20432039157569848,0.07882248052155745,0.052122660602270915,-0.08730540728154129
514,0,0.0,0.0,0.0,1.0,0.0,0.0,0.0,1.0,0.0,0.0,0.0,1.0,-0.030931905842347708,0.09394850148986764,-0.14179837258447395,-0.2384930240199568,0.08791849792160791,0.0063049711430313155
514,1,0.1928145492044493,4.869490273519734,-5.281277675175906,-0.37072101308575967,0.7981095697459135,0.4749600458319216,-0.5597305790808382,0.21609288021018236,-0.8000034662201767,-0.7411259065088047,-0.562427756963026,0.3666161601717003,0.030931905842347788,-0.09394850148986754,0.14179837258447409,0.04417535145360047,0.10278227514202601,0.1624322814609117
515,0,0.0,0.0,0.0,1.0,0.0,0.0,0.0,1.0,0.0,0.0,0.0,1.0,0.003183609471632786,-0.01657408159521017,0.011651797886118349,-0.012457397786678055,-0.0003371547056986845,0.00025911446440342106
515,1,1.230554114182061,-7.275605802168106,6.234930268782075,0.23788320053568435,-0.9520775213457137,-0.19224977568543944,0.2916070584344689,-0.11879510073200761,0.9491327870815911,-0.9264863228208476,-0.2818441366966407,0.24937316663111475,-0.0031836094716327884,0.016574081595210056,-0.011651797886118264,0.031021752495985135,0.005848569937982357,0.002508268783470295
516,0,0.0,0.0,0.0,1.0,0.0,0.0,0.0,1.0,0.0,0.0,0.0,1.0,-0.2680354108566184,0.5778769138091513,-0.8648769691893666,-0.9257497495213373,-0.5866138881481857,-0.0013855175089106941
516,1,-2.521303807186006,4.213681460999408,-3.41096474703043,0.7700632133333893,-0.6066649160609708,0.1973837052327016,-0.6377544176024946,-0.7400319988595667,0.21359293877002794,0.01649091565552864,-0.2903623947494737,-0.9567746492336597,0.26803541085661853,-0.5778769138091515,0.8648769691893669,-0.7474485204714962,-0.6797443696287159,-0.32620190374511
517,0,0.0,0.0,0.0,1.0,0.0,0.0,0.0,1.0,0.0,0.0,0.0,1.0,-0.06411331351132636,0.0156099762171277,0.024217370246123256,-0.006102711238704241,-0.004103376169703231,-0.0010952310438119839
517,1,-8.306988822166586,2.175250993179532,3.2031520779639178,-0.15744508435048865,-0.9862592838204205,0.05003669145635681,0.5669444536287072,-0.04878731678113524,0.8223100292596119,-0.8085697446191726,0.15783669661814487,0.5668355540076483,0.06411331351132635,-0.015609976217127694,-0.024217370246123276,0.008780442161920447,-8.789329243838809e-05,0.010885881985389426
518,0,0.0,0.0,0.0,1.0,0.0,0.0,0.0,1.0,0.0,0.0,0.0,1.0,0.01678674011949601,-0.1642768656217012,-0.04508680996617463,0.11249594605391304,0.02981766067697813,-0.025193059122345353
518,1,1.1133752481262675,-7.621141476945786,-1.2675433322013026,0.9567138666188557,0.24018287274401548,0.16434952102038658,-0.18459359473271,0.06421452461307664,0.9807148921130813,0.2249972937678461,-0.968601405361952,0.10577114600871507,-0.01678674011949602,0.16427686562170116,0.04508680996617462,0.02288896578875589,-0.0008970429515299284,-0.02977461551322022
519,0,0.0,0.0,0.0,1.0,0.0,0.0,0.0,1.0,0.0,0.0,0.0,1.0,0.3074149163126864,-0.26957450575517267,-0.9271550364207852,0.08473187156631821,0.38614097011959886,0.009393145343279334
519,1,2.328672816386924,-0.8726265213603375,-5.4441959807308455,-0.4886074973900252,-0.8695332743470859,-0.07193468077006698,0.0228682797401214,-0.09518073155501439,0.9951973021076672,-0.8722039642629376,0.48461584078926623,0.06639074920596055,-0.3074149163126865,0.2695745057551726,0.9271550364207853,-0.7432882381125471,0.09927270796347526,-0.3688855598500712
520,0,0.0,0.0,0.0,1.0,0.0,0.0,0.0,1.0,0.0,0.0,0.0,1.0,-0.027296256809747104,-0.031211886293483263,-0.058262938326583164,0.049974071675368395,-0.04196152774547747,-0.0017558266006947373
520,1,-4.303094973596242,-4.9087940944983535,-6.007871368728447,-0.8777625030594489,0.4779295449962997,0.03341164830475566,0.4790087207839757,0.8767970557894538,0.04216121881355674,-0.009145142738629854,0.053012007871569795,-0.9985519983384514,0.02729625680974708,0.031211886293483367,0.05826293832658325,0.04850969788365919,-0.04475702955385133,0.002071833397042439
521,0,0.0,0.0,0.0,1.0,0.0,0.0,0.0,1.0,0.0,0.0,0.0,1.0,0.04515796009122494,-0.12503635609951225,-0.055648836510277064,0.12494025447034739,-0.003524990563219332,0.0012883835497209655
521,1,2.1910174578936834,-7.46968775213025,-2.4891935668093677,0.6410026209482189,-0.2160275241934347,-0.7365105218042501,0.2241960918208946,-0.8650277631900449,0.4488463894504045,-0.7340652234983965,-0.4528344926143349,-0.5060525367478821,-0.045157960091225025,0.12503635609951202,0.055648836510277154,-0.020500515189422135,0.013045659119396468,0.0620706387694462
522,0,0.0,0.0,0.0,1.0,0.0,0.0,0.0,1.0,0.0,0.0,0.0,1.0,0.06550190723990901,-0.295686117093777,0.35386939712101223,-0.3393766053335547,-0.28511653268741094,0.018874744760348408
522,1,2.328075102412278,-4.6425584044910435,4.43267140368341,0.8235931565153962,-0.012152513264645753,-0.5670508169135804,-0.5093211129562499,0.42407495778080706,-0.7488340497601681,0.24957226696492768,0.9055455519213594,0.34307570149666333,-0.06550190723990895,0.29568611709377696,-0.3538693971210124,0.007196657344990295,-0.2483695691465932,-0.40315780212850016
523,0,0.0,0.0,0.0,1.0,0.0,0.0,0.0,1.0,0.0,0.0,0.0,1.0,-0.042084547567374835,0.051054978935780405,0.146960800035596,0.26131351167405126,0.04924921077304681,-0.0038982111111027368
523,1,-1.8495111111411262,4.811677035302198,5.330253052230901,0.2054253603608014,0.8240877133538481,-0.5279013752774853,-0.9244876472786915,0.3403933618878021,0.17162444234965274,0.3211277181274521,0.45278228750906907,0.8317843403000025,0.04208454756737483,-0.05105497893578046,-0.14696080003559592,0.17367843764283725,-0.0017648663277791705,0.1119687113613218
524,0,0.0,0.0,0.0,1.0,0.0,0.0,0.0,1.0,0.0,0.0,0.0,1.0,-0.019064962802058816,-0.0026469581196851,-0.2275596858765804,0.2937535829573413,-0.04641852383073045,0.0002747994503533146
524,1,-0.7457373688009923,-3.0283549924699242,-6.089918135814809,0.6575008130169505,-0.741846404931985,0.13174442064671496,0.7495602166257863,0.6262729626840146,-0.21434005193358324,0.07649942832435644,0.23967913488761677,0.9678335341191533,0.01906496280205894,0.0026469581196851694,0.22755968587658038,0.37925816959407616,-0.007177174833158267,-0.05603633914972099
525,0,0.0,0.0,0.0,1.0,0.0,0.0,0.0,1.0,0.0,0.0,0.0,1.0,-0.05792489463740836,-0.1535497268582191,0.11023567216122361,-0.0419188654494221,0.052089964120173485,-0.01237725101769619
525,1,-2.7516180365648792,-6.2401545948333785,4.2395397939534485,-0.5776806666599161,-0.03682268462120947,0.815431871626711,-0.6739959322458331,-0.5420034898290598,-0.5019578670856645,0.4604503563723501,-0.8395691197932463,0.28828659768738674,0.05792489463740847,0.15354972685821908,-0.11023567216122358,0.005011406664119054,0.005661603795648357,0.07342715152351872
526,0,0.0,0.0,0.0,1.0,0.0,0.0,0.0,1.0,0.0,0.0,0.0,1.0,-0.15679845786280255,0.06138198769435809,0.14829289358109465,0.015043944245339863,0.014175419056890834,-0.0012267630155587891
526,1,-4.813388362473161,2.0806065986931475,5.7323895694376965,0.5451510712264831,-0.1912951074493321,-0.8162208594532282,-0.21060966759843658,-0.973644204768924,0.08752445620491185,-0.811451709872309,0.1241899528377315,-0.5710717802163472,0.1567984578628025,-0.06138198769435811,-0.14829289358109465,-0.058370237331704544,-0.1992139752128239,0.03200732387632116
527,0,0.0,0.0,0.0,1.0,0.0,0.0,0.0,1.0,0.0,0.0,0.0,1.0,0.07070423638569312,-0.10267299663215292,0.1838847465138464,-0.355706077402049,-0.2451734006350386,0.006837870668939983
527,1,2.973796365935783,-4.295805015803462,4.513891820621468,-0.2420880152429543,0.8211881806583297,0.5167623871982073,-0.49912955954681193,0.35132132708879593,-0.7921130019884619,-0.8320234826387612,-0.4496924472121251,0.32482861212959246,-0.07070423638569309,0.10267299663215279,-0.1838847465138463,0.029227860694690605,0.017488884005806594,-0.00843484162915912
528,0,0.0,0.0,0.0,1.0,0.0,0.0,0.0,1.0,0.0,0.0,0.0,1.0,-0.007823405694124515,0.055413371612406434,-0.0023073838787263067,-0.0362269900613213,-0.005579663266901534,-0.006007744919945296
528,1,-1.3887781440657903,9.173242403321273,0.39582663347315616,-0.7290763006277483,-0.6832331955709896,-0.04049874483006666,0.322055052943038,-0.3946722032696701,0.8605314606916595,-0.6039273886294725,0.6143502685244943,0.50778485289251,0.007823405694124505,-0.05541337161240653,0.0023073838787263136,-0.006873289910486632,-0.0007214933720433624,0.0008168623873676725
529,0,0.0,0.0,0.0,1.0,0.0,0.0,0.0,1.0,0.0,0.0,0.0,1.0,-0.0072036151832079315,0.1459346048698481,-0.007266609431168011,-0.07290703859569145,-0.00276027907291837,-0.000969792427450128
529,1,-0.3093997737576762,8.109202543624603,0.018659209390620452,0.9190482578805088,0.08940366450952893,-0.38387144261988193,0.29444333175825155,0.49171393872882974,0.8194635604118592,0.26201798424898604,-0.8661549441249228,0.42558452591471163,0.007203615183207942,-0.14593460486984822,0.007266609431168008,0.01125760656333339,0.0003775779948565804,0.014233233264266313
530,0,0.0,0.0,0.0,1.0,0.0,0.0,0.0,1.0,0.0,0.0,0.0,1.0,0.08996313379784665,-0.02646537296432818,-0.06873457196115523,-0.0020600330393568,-0.0010887005963184128,-0.0044997529010578855
530,1,6.497865329354277,-1.5964260942734427,-5.325485012544328,-0.34261937768245465,-0.8814201716259179,0.32513142433087727,0.7656456783041509,-0.46252294674022076,-0.4470561698857535,0.5444250704464888,0.09576536320445062,0.8333248693514765,-0.0899631337978466,0.026465372964328257,0.06873457196115537,-0.029151249776065445,-0.03138062805123644,-0.023849182194785143
531,0,0.0,0.0,0.0,1.0,0.0,0.0,0.0,1.0,0.0,0.0,0.0,1.0,0.021931356042616448,0.010152193610260096,0.048805579396702416,0.053757374843448086,-0.010185686705145289,-0.00047629279612149134
531,1,3.812872599063655,3.7993426535890884,7.316507372341714,-0.7299604442790761,-0.5623150742313092,0.3885350783135695,0.3272284307197142,-0.7865939163584912,-0.523633044102953,0.6000660829580419,-0.25509168555648587,0.7581879239630129,-0.0219313560426165,-0.01015219361026011,-0.04880557939670241,0.05739314529666396,-0.015442841486713134,-0.044139422830690125
532,0,0.0,0.0,0.0,1.0,0.0,0.0,0.0,1.0,0.0,0.0,0.0,1.0,0.8292408342877444,-0.1210135532471576,-0.12417268055003823,0.030337789565152748,0.16080524900665458,-0.15557287422607344
532,1,6.173559699933804,-1.0704258127368989,-0.5074272283797586,0.3204547767689112,-0.1667491470255673,0.9324716928744985,-0.8667529484114904,-0.44875413324416824,0.21762135537732502,0.3821623509269007,-0.877960391966814,-0.28833572042239775,-0.8292408342877443,0.12101355324715761,0.12417268055003824,0.04117428101174975,0.1850028292678665,0.29612927275070994
533,0,0.0,0.0,0.0,1.0,0.0,0.0,0.0,1.0,0.0,0.0,0.0,1.0,0.07545913058283502,0.03308052466340072,0.038020931894232474,-0.0061627379281922745,0.026807561397738707,0.004586633623975354
533,1,6.451586664561394,3.021562246239406,4.941446143654477,0.3769714832524692,-0.6367717413609855,0.6726174620232006,-0.8956837022012185,-0.43556351677027916,0.08963887811561339,0.23588812268860065,-0.6362437993904577,-0.7345410957268781,-0.07545913058283489,-0.03308052466340081,-0.0380209318942326,-0.04242028072138423,0.1007743312413045,-0.01916922195202763
534,0,0.0,0.0,0.0,1.0,0.0,0.0,0.0,1.0,0.0,0.0,0.0,1.0,-0.10983949617427852,-0.05510201003536988,0.07853804569074874,0.00884286266766415,0.10215788221526982,0.01637680631146239
534,1,-6.898001507140312,-2.6318941608999564,3.503745640052355,-0.5007890456877897,-0.854872447728353,-0.13565924160943676,0.5169138748852397,-0.16966169291709887,-0.8390559909252964,0.69426967215214,-0.49031419321842873,0.5268601467736211,0.10983949617427827,0.05510201003536991,-0.07853804569074874,-0.022483259110091088,0.05474801950119505,0.0746310133417039
535,0,0.0,0.0,0.0,1.0,0.0,0.0,0.0,1.0,0.0,0.0,0.0,1.0,0.06264153452943322,0.40495679165206844,-0.31291251802881437,-0.6068583189534391,0.07687295059274005,0.05440731391849196
535,1,0.7244375731729149,5.910134953316351,-2.575677048882351,0.868262654826334,0.3858736092571585,0.31180365602856563,-0.0015129686724285052,-0.626441114033518,0.779467280630971,0.4961024825171938,-0.67725407959443,-0.5433316100807857,-0.06264153452943322,-0.4049567916520681,0.31291251802881453,-0.19945897713162608,-0.011531728210752115,-0.1312613212859539
536,0,0.0,0.0,0.0,1.0,0.0,0.0,0.0,1.0,0.0,0.0,0.0,1.0,0.29808342561575374,0.08503569125142262,-0.4155841084122501,0.027108926709083665,0.3982574369177543,0.003266024571010613
536,1,5.026732245102246,0.5058418786009187,-4.6838437002889135,-0.027261734662645365,-0.9891735195863667,0.14419620651148762,0.6905472337402778,-0.1229342416500454,-0.712763418115421,0.722773350225943,0.08014312434044685,0.6864224383163171,-0.2980834256157535,-0.0850356912514225,0.41558410841224996,0.16096511394266447,0.29459642615928366,0.2734025466338046
537,0,0.0,0.0,0.0,1.0,0.0,0.0,0.0,1.0,0.0,0.0,0.0,1.0,0.04020993017287236,-0.005494708977922243,-0.006664119097198376,-0.006019382133052521,-0.03350555015977001,-0.0020217149787384522
537,1,8.893161417034884,-0.9871042906402794,-3.5909636475621713,0.0454306033082289,-0.9505630598179022,-0.3071903800457913,-0.9788828972314685,-0.103712780433598,0.17615882800035562,-0.19930964299495618,0.29270040738673336,-0.9352016561816301,-0.04020993017287232,0.005494708977922224,0.00666411909719832,-0.007133737506417354,-0.05162176052829763,-0.007152224301566701
538,0,0.0,0.0,0.0,1.0,0.0,0.0,0.0,1.0,0.0,0.0,0.0,1.0,-0.04307844731671699,0.21572278791451566,0.18447938185490348,0.40737174923372466,0.022723734272140056,-0.02581513679175984
538,1,-0.7926058341033728,6.248056835852761,3.160288430582863,0.3800681118641691,0.7804705285518867,-0.4964010318340848,-0.16215214630479535,0.5845834520519892,0.7949646967228972,0.9106343458231485,-0.22164823854233145,0.3487365001807641,0.04307844731671713,-0.2157227879145158,-0.1844793818549033,0.0635196827793724,-0.012644618604653993,0.12398858377680803
539,0,0.0,0.0,0.0,1.0,0.0,0.0,0.0,1.0,0.0,0.0,0.0,1.0,0.11915193239150704,-0.054361511902172345,-0.0048836616499698966,-0.03345271001985648,0.00035251316693178853,0.006844626105376776
539,1,7.750426136341087,-3.568915972522192,-0.5197894635556825,-0.3505001727636856,-0.8695616541039249,-0.3478680189449336,0.6588113016580156,0.035081809868527936,-0.7514898105922793,0.6656705624408351,-0.4925766908090502,0.560580864792322,-0.11915193239150718,0.05436151190217229,0.00488366164996986,0.022625546977122088,-0.02443597329336307,-0.0029262740940564583
540,0,0.0,0.0,0.0,1.0,0.0,0.0,0.0,1.0,0.0,0.0,0.0,1.0,0.010328003022499276,-0.05889867450841492,0.006986376261126712,0.03436603547526277,0.0017118015304951897,0.00224456161884501
540,1,1.5951990052145082,-8.70120903569521,2.5214095866162465,-0.9467961698124374,-0.3047905337106652,0.10334284391705986,0.3216947318730966,-0.9057090320178514,0.27605008387316754,0.009461094735515568,0.29460801055241903,0.9555713514985427,-0.010328003022499326,0.05889867450841525,-0.006986376261126714,0.053351726819162656,0.013184663839232658,-0.006333555383063017
541,0,0.0,0.0,0.0,1.0,0.0,0.0,0.0,1.0,0.0,0.0,0.0,1.0,0.05055089120678007,0.0524010651535569,-0.2787172165440442,-0.1815038232351977,0.466255064987725,0.0015617236821398595
541,1,3.1009022403936872,1.4555152806907674,-5.166848046353294,0.6645991475833914,-0.6244198367833405,0.41037524348198207,-0.7468729573038733,-0.5388987178679545,0.38957535539153615,-0.02210788727120508,-0.5654096208163967,-0.8245139186264006,-0.050550891206779906,-0.05240106515355698,0.2787172165440443,0.046574996679230984,0.13683100275682575,0.08735126204753542
542,0,0.0,0.0,0.0,1.0,0.0,0.0,0.0,1.0,0.0,0.0,0.0,1.0,-0.008313802951114137,-0.0035290920489257725,0.02259147770084452,-0.0058615023813932375,0.06948674546490324,0.0006921332749643128
542,1,-6.947453327248673,-1.5752251827400052,6.488515213261598,0.2447233043699596,-0.7229698151138612,-0.6460844764676502,0.747958301341051,0.5647825718197484,-0.34868184068528746,0.6169836981260183,-0.3979136753152625,0.6789667320597101,0.008313802951114353,0.003529092048925757,-0.022591477700844576,-0.006826594759831044,0.033522254526929404,0.010729957249578655
543,0,0.0,0.0,0.0,1.0,0.0,0.0,0.0,1.0,0.0,0.0,0.0,1.0,0.2015474085471314,0.06786670715314912,-0.07598315393339601,-0.012443485628566776,0.011324400182166718,-0.022693045173940316
543,1,7.0460532930122834,2.612227356432663,-2.7625540441463112,0.8284065429903987,0.43403984742608326,0.3540508584610959,0.45728902984382047,-0.15904945576082707,-0.874980007661136,-0.3234645926762217,0.8867427369133207,-0.33023927055436464,-0.20154740854713105,-0.06786670715314906,0.075983153933396,0.0014436586045408657,-0.03272865676538875,-0.025602173628639875
544,0,0.0,0.0,0.0,1.0,0.0,0.0,0.0,1.0,0.0,0.0,0.0,1.0,-0.002216549110531669,0.3542319917436559,0.18313015596109972,0.06322617461022931,0.023321658864718542,-0.002851737063774
544,1,-0.3188369451092696,6.612975071847513,3.3483195276132625,-0.6340307490952779,-0.6392010830840078,0.4352321042684146,-0.5751633458709873,0.7660010713074537,0.28710535404677545,-0.5169063114029193,-0.06829593062594973,-0.8533132666798071,0.002216549110531591,-0.3542319917436561,-0.1831301559610997,-0.03827291359655319,0.02764528594859563,-0.0954325250302735
545,0,0.0,0.0,0.0,1.0,0.0,0.0,0.0,1.0,0.0,0.0,0.0,1.0,-0.0660855257863416,-0.02279125088470544,-0.09280482320113179,0.02403793633014591,0.025138454751743727,0.0002809775067573808
545,1,-3.1451150347797596,-2.2148066822685513,-7.226614171597335,-0.017587398916055763,-0.09817034057785101,-0.9950142047379003,0.5518952121580237,-0.830781046166122,0.07221168969200176,-0.8337279881330706,-0.5478735598310551,0.06879101861166026,0.06608552578634153,0.02279125088470555,0.09280482320113176,0.016803229610629626,0.160554297683336,-0.0749665358006527
546,0,0.0,0.0,0.0,1.0,0.0,0.0,0.0,1.0,0.0,0.0,0.0,1.0,-0.05330596729786919,0.09102348963384341,-0.04076660746781338,-0.011386203119941471,0.016408310440001697,-0.005048019802406795
546,1,-3.8287987076369783,7.039807409430808,-3.238017962921413,0.16602305066295275,0.2453891611741101,-0.9551023537960908,-0.7117892283392624,-0.6405038438981654,-0.2882896466609087,-0.6824898834918829,0.7276942940067216,0.06832695954961787,0.05330596729786928,-0.09102348963384319,0.040766607467813354,0.019132832292846697,0.00011023521389194688,0.031801143878155504
547,0,0.0,0.0,0.0,1.0,0.0,0.0,0.0,1.0,0.0,0.0,0.0,1.0,-0.059660353553759364,-0.026342245452147528,-0.05064519683150348,0.051384034671511446,-0.07956574092446045,0.0028371763443562764
547,1,-6.994810241336017,-3.326855995946651,-3.6838362987526794,-0.3782525525896452,-0.6052913414494745,-0.700390889736377,-0.8271887254486403,0.5606517093249022,-0.037795149446977094,0.41555242623533306,0.5650593356430467,-0.7127581134245806,0.059660353553759427,0.0263422454521475,0.0506451968315036,0.020064722086000603,-0.054908824529261505,-0.017059573016509344
548,0,0.0,0.0,0.0,1.0,0.0,0.0,0.0,1.0,0.0,0.0,0.0,1.0,-0.14319606328237172,-0.024801042091483094,-0.3626388093737427,0.20131801816104766,-0.07767387858787461,-0.00022351501658569167
548,1,-2.0774853208072686,-2.02892711317633,-6.16483089757224,0.21599671888877203,-0.6712026357023012,0.709106789740141,0.7315565069724751,-0.36974263662055984,-0.5728136344144644,0.6466610352692636,0.6424775517410398,0.4111594593017698,0.1431960632823716,0.024801042091483046,0.3626388093737427,0.38155546388975736,0.20707659069277323,-0.23878705939135259
549,0,0.0,0.0,0.0,1.0,0.0,0.0,0.0,1.0,0.0,0.0,0.0,1.0,-0.003575624607656921,-0.017167383620419894,0.03197049072107465,-0.006907911396010061,0.0030995490124177813,0.0001698252000603207
549,1,-0.9927669968874582,-4.9733218424140615,8.532583464419002,-0.8719908025562426,0.409304186198124,-0.26851838562379804,0.47810542792435856,0.5943174739604633,-0.6466853484767687,-0.10510585162865685,-0.6922837736838452,-0.7139299241854686,0.0035756246076569637,0.017167383620419877,-0.03197049072107472,-0.005609494812874818,-0.001869616352501377,-0.000909345280334429
550,0,0.0,0.0,0.0,1.0,0.0,0.0,0.0,1.0,0.0,0.0,0.0,1.0,1.0540845623798178,0.6096652715917933,-0.37960377448342164,-0.28675089956516014,0.35142957836593847,-0.09976942610800904
550,1,4.732458923141325,2.865182205161975,-0.8727232559067586,0.4763825825774729,-0.4597886912903022,-0.7494357840258019,0.34657139328131914,0.8815547602436116,-0.32054558810077816,0.8080519193565858,-0.10703066875143638,0.579306940723791,-1.0540845623798176,-0.6096652715917932,0.3796037744834214,-0.2688140192601904,0.5251055801650909,-0.03515905008463071
551,0,0.0,0.0,0.0,1.0,0.0,0.0,0.0,1.0,0.0,0.0,0.0,1.0,-0.12152472816348577,-0.002238478980085886,-0.037431107325851386,0.007498496669770525,-0.05970238934832811,0.004482496626064564
551,1,-8.06229453292751,-0.2154190095147406,-1.6491955606608937,-0.5166515281110267,0.042947735552558,-0.8551179395331666,-0.2743600440916224,0.9377715846397899,0.21286385613396241,0.811047325811869,0.34458663214507435,-0.47271797960341133,0.12152472816348601,0.002238478980085874,0.037431107325851413,-0.003126814201185882,-0.0416601804085632,-0.012613956355371263
552,0,0.0,0.0,0.0,1.0,0.0,0.0,0.0,1.0,0.0,0.0,0.0,1.0,0.0033245477596484533,-0.019962605950040256,-0.01786011534591062,-0.003692113458108862,-0.017497560596482668,-0.00026460327911867823
552,1,-0.507451238248361,-4.969309512038395,-7.708749417844537,-0.8395446349141622,0.49968025269800487,-0.21327083966286645,-0.2620737095578545,-0.028611263151532285,0.9646236397577344,0.4759014359564714,0.8657372815609432,0.15497348989435833,-0.0033245477596484455,0.019962605950040284,0.01786011534591076,-0.06144217246338718,-0.01719368265784451,0.026915359192377784
553,0,0.0,0.0,0.0,1.0,0.0,0.0,0.0,1.0,0.0,0.0,0.0,1.0,-0.3665220248039993,0.08008013892714505,0.46335972641118706,0.20469434494078692,0.7958130696336243,-0.04584277821205379
553,1,-5.139006423082885,1.3833222909411782,3.3054594055811735,0.6703802996582728,0.4262501192416287,0.6073722826048136,0.5207154835740248,-0.8533881066396405,0.024168670056069208,0.5286261807708297,0.3000659515714951,-0.7940496116182787,0.3665220248039994,-0.08008013892714518,-0.46335972641118683,0.17157984491123424,0.37387186635035713,0.14132851693635318
554,0,0.0,0.0,0.0,1.0,0.0,0.0,0.0,1.0,0.0,0.0,0.0,1.0,0.0586612781897155,0.02030404471426144,0.037281796984728735,-0.00890850473638363,0.025911124082772866,0.000687032672612338
554,1,6.621068939324226,2.3008343501629747,5.781711371508041,0.6749070361808895,-0.4949257400529792,0.5473107018381226,-0.6765611159318963,-0.7111228462926094,0.1912311530313116,0.294559924162325,-0.49935238991488623,-0.8147893235455266,-0.05866127818971535,-0.020304044714261418,-0.03728179698472858,-0.02270438233740311,0.06640610707612332,-0.0012224367557292937
555,0,0.0,0.0,0.0,1.0,0.0,0.0,0.0,1.0,0.0,0.0,0.0,1.0,-0.0014246331006552912,-0.3555119108810195,-0.40679574378051103,0.2030409156675755,0.03558861434138848,-0.015722006468524747
555,1,0.19675680109017715,-3.318322088920176,-5.461901815062113,-0.9890569588105378,-0.14736083207463263,0.007149643258395344,-0.005328584221637053,-0.01274889236552812,-0.9999045314096968,0.14743791377608173,-0.9890006324132075,0.011824156106571615,0.001424633100655312,0.35551191088101947,0.40679574378051075,-0.7949327647192337,0.05223242102023068,-0.058954771352392465
556,0,0.0,0.0,0.0,1.0,0.0,0.0,0.0,1.0,0.0,0.0,0.0,1.0,-0.13178509047122763,0.04782839274524482,-0.06454070452480597,-0.08251535516711805,-0.06823064997067292,0.006912424513963504
556,1,-6.9461285079303,3.2098214848912345,-2.706173954023084,0.3476459269147,-0.367648834645173,0.8625408070831578,-0.4044893196810168,0.7711113577162186,0.4917068885678114,-0.8458904774044967,-0.5198284413006816,0.11936369570056304,0.1317850904712275,-0.047828392745244856,0.06454070452480595,0.004783165843347165,-0.023443998289176593,0.08387202793268546
557,0,0.0,0.0,0.0,1.0,0.0,0.0,0.0,1.0,0.0,0.0,0.0,1.0,0.023326340987230118,-0.016329604022747683,0.024264482306550574,-0.014328816766442647,0.012696913691108348,-0.0006439759018271292
557,1,5.497448551344579,-5.088495996772918,6.297950438894645,-0.5342349782907676,0.16666352169763832,0.8287437833890545,0.6737714515567318,-0.5081141030894649,0.5365184892515106,0.5105144650622524,0.845010845360537,0.1591592038974584,-0.023326340987230184,0.016329604022747746,-0.024264482306550622,-0.0062978674921678,0.0008184826619506633,0.02956881065582247
558,0,0.0,0.0,0.0,1.0,0.0,0.0,0.0,1.0,0.0,0.0,0.0,1.0,0.07329714193400295,-0.17443247926979147,0.09171184257416594,-0.09515939967142154,0.005294923297547558,-0.02098996810377029
558,1,2.4847448755918045,-6.940641467832375,2.937467188025385,-0.0772545639860327,-0.2814656688165308,-0.9564563814523855,-0.9955289057858608,0.07407284343565279,0.058612384443598675,0.0543500698080045,0.9567080490635691,-0.28592967451603357,-0.07329714193400302,0.1744324792697916,-0.0917118425741659,-0.028989933609218588,-0.017867504757615466,0.09629894188211799
559,0,0.0,0.0,0.0,1.0,0.0,0.0,0.0,1.0,0.0,0.0,0.0,1.0,0.04353989206026154,-0.08963481462871972,-0.0684945051537962,0.15029305770889395,0.024274416140997134,-0.009829492524955817
559,1,2.6705656936891367,-6.591256069001299,-3.7750381513676006,0.3843182119695391,0.6121430904389065,0.6910718839429377,-0.02661101826921136,0.7555951609586746,-0.6544981332612877,-0.9228170813629384,0.23314542578343542,0.3066787321955151,-0.043539892060261355,0.08963481462871954,0.06849450515379601,-0.03720307983487368,-0.005720094104969715,0.05743640940317226
560,0,0.0,0.0,0.0,1.0,0.0,0.0,0.0,1.0,0.0,0.0,0.0,1.0,-0.19096638823500695,-0.047909844747283714,-0.07627461337356078,0.08658553927831418,-0.05802692966786227,0.0054438561781148115
560,1,-6.928023624757175,-2.314004968102914,-2.912796149680524,0.5122294115494397,0.45039533012353145,-0.731276333916687,-0.21068312264394445,0.8913401824270322,0.40140416169235416,0.8326065407962584,-0.05154343599198727,0.5514613517096447,0.19096638823500706,0.0479098447472837,0.07627461337356076,-0.049637316303445214,0.08584076661593804,-0.11542049102696106
561,0,0.0,0.0,0.0,1.0,0.0,0.0,0.0,1.0,0.0,0.0,0.0,1.0,-0.012676820658405773,-0.012357067159974805,-0.1094797664790754,0.03727186523765935,-0.21157848372020843,0.001002852332766646
561,1,-4.232724557851065,-1.1919813719586276,-6.144677187207113,0.5198067208842193,0.8444985741105353,0.1289307226725578,-0.8459848680727362,0.48787502389489645,0.21514544859584947,0.11878794516090595,-0.22090749055843925,0.9680337311786313,0.012676820658405918,0.012357067159974828,0.10947976647907537,0.017295788333095866,-0.1739242417375525,0.036190675217793844
562,0,0.0,0.0,0.0,1.0,0.0,0.0,0.0,1.0,0.0,0.0,0.0,1.0,0.05432147375149013,-0.04221891497069575,-0.007694772723850307,0.03251234034953194,0.049055984320383605,0.0009795835424623819
562,1,7.061693219719515,-5.6100835167961565,0.3701380112890893,-0.9602858551289557,0.2674297436321463,-0.07957643281835888,0.23784200389668625,0.9336919991798889,0.2676759829530305,0.14588439814338933,0.2381188419430662,-0.9602172459865703,-0.05432147375149002,0.04221891497069563,0.007694772723850336,0.026282802500069907,0.025388582315581925,0.005631395366371273
563,0,0.0,0.0,0.0,1.0,0.0,0.0,0.0,1.0,0.0,0.0,0.0,1.0,-0.014784458113501063,0.039443180794027415,0.031969930164039824,-0.012739118076587088,-0.023648244199704356,-0.0005041926157393472
563,1,-0.9789836213470405,5.58809812026135,6.936311313568444,-0.47186768011255786,0.690843768297335,-0.5477917307425615,-0.06518742402818467,0.5922743106076735,0.8030951006840814,0.8792562153398533,0.4146637539006071,-0.23444077927548035,0.014784458113501063,-0.03944318079402727,-0.031969930164039935,-0.08219995645359308,-0.0476033218717483,0.04450696723769438
564,0,0.0,0.0,0.0,1.0,0.0,0.0,0.0,1.0,0.0,0.0,0.0,1.0,-0.06441352823223467,0.05420339781372549,0.16229843270973868,0.26563935108932646,0.11357349747951022,0.003083102367776605
564,1,-2.9922487849650987,4.434036037019242,5.063171831902249,0.14933831431657063,-0.8054604682071574,0.5735255025128279,-0.9742273941451988,-0.21902718832549106,-0.05392657296069653,0.16905340095407914,-0.5506909522860679,-0.8174108041224577,0.06441352823223445,-0.054203397813725525,-0.16229843270973865,0.17955663129355037,0.04592702885905543,0.12033875183640813
565,0,0.0,0.0,0.0,1.0,0.0,0.0,0.0,1.0,0.0,0.0,0.0,1.0,0.2326830199465636,-0.04187882529809196,-0.5288060374581866,0.06414262275344025,0.589780776750558,-0.0070100218181815
565,1,4.401146105511637,-0.6585157363841783,-4.72089194892241,-0.7948853164243606,-0.5771879167661759,-0.18711344813258637,-0.5797777333695532,0.813458615566238,-0.04629104286924903,0.1789276770703944,0.07168814058253574,-0.9812470111434792,-0.23268301994656354,0.04187882529809197,0.5288060374581868,0.08637906522764638,0.639100460062897,-0.0240793768217126
566,0,0.0,0.0,0.0,1.0,0.0,0.0,0.0,1.0,0.0,0.0,0.0,1.0,0.01154532621062421,-0.030861144766421905,0.025824415751856778,-0.010072927526056088,-0.023103176529036262,0.0002630023477857247
566,1,3.2107859771743774,-7.437263557355227,5.276885744708702,-0.47866758744460736,0.6976596156410844,-0.5330557207586215,-0.5367921129223545,-0.71298154790628,-0.4511225330766786,-0.6947888659400878,0.07020237210165511,0.7157793366093963,-0.01154532621062425,0.030861144766421943,-0.025824415751856757,-0.019139323751895226,0.0011098718631077573,-0.013485899319308246
567,0,0.0,0.0,0.0,1.0,0.0,0.0,0.0,1.0,0.0,0.0,0.0,1.0,-0.02465984029553994,-0.02689404055529551,-0.012957196940721269,0.012797006453194726,-0.037365905453320136,-0.0009297710970698069
567,1,-6.426906262213411,-6.728127760764691,-2.197796616692205,0.96035032980063,-0.2786398072580501,0.009332837886618303,0.17642158820418796,0.5814465168032737,-0.7942262721119544,0.21587650929949076,0.7643819764414497,0.6075504315068255,0.02465984029553992,0.026894040555295564,0.012957196940721272,0.01527303864375577,0.008288528863973936,0.007860692689674414
568,0,0.0,0.0,0.0,1.0,0.0,0.0,0.0,1.0,0.0,0.0,0.0,1.0,0.07727328027330763,-0.5996017414995225,-0.3521702486934242,0.45144753835529333,0.24356012405138278,-0.11068701954568008
568,1,1.7193082160574118,-5.9372399507983555,-2.3760406415898347,-0.7975291092576142,0.3372225155048389,-0.5002282428285568,0.6032492145879376,0.4373410469960536,-0.6669506681242865,-0.0061404385668676065,-0.8336748668689637,-0.5522214332722177,-0.07727328027330782,0.5996017414995228,0.3521702486934243,0.2147936250989897,0.178324623539862,-0.4614231742088605
569,0,0.0,0.0,0.0,1.0,0.0,0.0,0.0,1.0,0.0,0.0,0.0,1.0,-0.2831013892019476,0.08293345191135255,-0.10040481805400335,-0.036585837988217004,-0.12830088203231146,-0.05327326762250256
569,1,-6.82644808274215,1.9932628032865174,-1.5093292705718555,-0.5578087244270584,0.1434393687709951,0.81748062633902,-0.27627324405286896,-0.9608727606759748,-0.01991563233829978,0.7826381804982183,-0.23695713805983748,0.5756116687046305,0.28310138920194766,-0.08293345191135254,0.10040481805400334,-0.03837346463021049,-0.1298141824084595,0.051427832482043453
570,0,0.0,0.0,0.0,1.0,0.0,0.0,0.0,1.0,0.0,0.0,0.0,1.0,0.03317602280886502,-0.01881886147813312,0.01453182557074854,-0.027805537220890027,-0.022571146700718473,0.0031238579296281703
570,1,8.072256589999323,-4.689493402246618,2.3041474351238063,0.10789032178786095,-0.18820776885927257,0.9761851843812867,0.3412193485902818,0.9292796547340346,0.14145203938090523,-0.9337714038307962,0.3178319666717117,0.16448041326995866,-0.03317602280886514,0.018818861478133202,-0.014531825570748537,0.003020068491056859,-0.018291030164822232,0.0005442035621824361
571,0,0.0,0.0,0.0,1.0,0.0,0.0,0.0,1.0,0.0,0.0,0.0,1.0,0.12169329419376879,0.0017253859472891025,-0.021836129153410953,0.002828426011538359,-0.036159243043197266,-0.008271790395843703
571,1,8.34746780557433,0.19632810896370945,-1.8723698218512623,-0.5770811997208576,-0.7365608521689916,0.3527823691467933,-0.5085926009916614,0.6620992686410488,0.5504163194178794,-0.6389920618797015,0.13821240724724063,-0.7566944398749409,-0.12169329419376894,-0.0017253859472890656,0.021836129153410933,-0.0038849113765644858,-0.009419223420422479,-0.0012174202795971292
572,0,0.0,0.0,0.0,1.0,0.0,0.0,0.0,1.0,0.0,0.0,0.0,1.0,-0.1705062722835773,0.10869578647800514,0.21715956845005802,0.2019095609319606,0.3519655085296698,0.00419702466865679
572,1,-5.190747245610319,3.1276076626584275,3.4465414864138606,0.16459594434544123,-0.8482569048318142,-0.5033571282004288,0.9061061933469742,-0.07159654395862991,0.41694783998893153,-0.3897175149814133,-0.5247229347935255,0.7568263342527013,0.17050627228357723,-0.10869578647800517,-0.21715956845005782,0.10265583187721038,0.18759798214126722,-0.035132655213368745
573,0,0.0,0.0,0.0,1.0,0.0,0.0,0.0,1.0,0.0,0.0,0.0,1.0,0.017573400538767756,0.12657251011796294,-0.17704962235455304,-0.27069257620916415,-0.1571281605811279,-0.0072632347957427845
573,1,-1.0572158307773654,4.81959061037832,-5.039559228976096,-0.7728209134911088,-0.49955747659142696,0.39139514975581124,0.07469227147024743,0.5408499042345118,0.8377961838491115,-0.6302133767648723,0.6767006048993345,-0.3806670343955356,-0.01757340053876774,-0.1265725101179631,0.17704962235455318,0.05525554023778259,-0.11861369587490003,-0.21124782287125782
574,0,0.0,0.0,0.0,1.0,0.0,0.0,0.0,1.0,0.0,0.0,0.0,1.0,-0.06661243530563078,0.04561846373205843,-0.5574718427010769,-0.24076605537263626,-0.012247114057299745,-0.0006877414370224377
574,1,-0.4355410158792423,1.8728668222223424,-6.247525159981339,-0.7865326050416654,0.42862341447872376,0.44457668603624695,0.045015726806091894,-0.678196521322761,0.733500554059658,0.6159058739340703,0.5969350442270132,0.514128882117318,0.06661243530563082,-0.045618463732058454,0.557471842701077,-0.5183019632196322,0.1856081269027576,0.10557524943165951
575,0,0.0,0.0,0.0,1.0,0.0,0.0,0.0,1.0,0.0,0.0,0.0,1.0,-0.006950594797025693,-0.1411422401142766,0.10765394239373402,-0.2713371362546284,-0.04740447405847391,-0.0075938480183612815
575,1,0.2068850282036717,-6.849367234985253,3.2247905546495725,0.8818649440755415,-0.30809533518902127,-0.356919437472109,-0.3173004248652715,0.1721426364545381,-0.9325702939161205,0.3487616102597307,0.9356517392434247,0.05404777571551278,0.006950594797025704,0.14114224011427673,-0.1076539423937341,-0.010870086711402178,0.0027182726994650283,-0.06921354457481653
576,0,0.0,0.0,0.0,1.0,0.0,0.0,0.0,1.0,0.0,0.0,0.0,1.0,-0.17403414394624087,-0.030351450060759358,-0.1953034309919037,0.00716710694991457,-0.4727263053065357,0.009500573119345032
576,1,-5.745835416191302,-0.5154903000682352,-3.914511006431274,0.2845658425616968,0.19077845733872803,-0.9394816983116843,-0.37418860360516193,-0.8801572642338731,-0.2920720444485624,-0.88261269545547,0.43465707222107763,-0.17907556893398446,0.17403414394624062,0.030351450060759455,0.1953034309919038,-0.025301168027534307,0.03180350658198533,0.07518095048756168
577,0,0.0,0.0,0.0,1.0,0.0,0.0,0.0,1.0,0.0,0.0,0.0,1.0,-0.008210072838630369,0.019920379974757402,-0.023231850532637606,0.007639094771035667,-0.038266234940062566,-0.00012446980018315096
577,1,-4.617838347366665,4.9575718699254345,-6.730617698455863,-0.0671036386625321,-0.9830192937167036,-0.17079276875489074,0.2420747611351045,0.15002346748479412,-0.9585889469554826,0.9679343529907545,-0.10566942502234122,0.22789704016467027,0.00821007283863032,-0.019920379974757436,0.02323185053263771,0.011263798560115779,-0.01375583377654542,-0.05116259858653414
578,0,0.0,0.0,0.0,1.0,0.0,0.0,0.0,1.0,0.0,0.0,0.0,1.0,0.13002772560275175,0.16847222598460077,-0.07387808666568599,-0.01606927082231558,0.01358880020222648,-0.021085210591661498
578,1,4.561508995804387,6.016557279193864,-2.194387643854812,0.4426403182149097,0.8950282013784396,0.05471807222370706,0.7866408414640285,-0.41687925171400275,0.4554205485385333,0.43042506343307757,-0.15854402614935872,-0.8885933021022512,-0.13002772560275172,-0.16847222598460068,0.07387808666568595,-0.05872909824570943,0.03807552229489384,0.007253525991348878
579,0,0.0,0.0,0.0,1.0,0.0,0.0,0.0,1.0,0.0,0.0,0.0,1.0,-0.006285061707357369,0.02288009956974718,-0.06309889722698628,-0.061430411870138035,0.11909226375541716,-0.0007368353814397738
579,1,2.6447072527235096,3.149531323174444,-6.685575000204574,-0.9546322645356486,-0.29187280801562365,0.05905508825337695,0.17687597103697195,-0.7152995280775745,-0.6760632189386784,0.23956654686593348,-0.6349463355852005,0.7344732946470269,0.006285061707357448,-0.02288009956974714,0.0630988972269862,0.015665080281672933,0.08980509880510046,0.08104299937199241
580,0,0.0,0.0,0.0,1.0,0.0,0.0,0.0,1.0,0.0,0.0,0.0,1.0,-0.0397826794445422,0.002945565047018663,0.0081401671059591,-0.003301256095199087,-0.03373183892526081,-0.0006820037204929817
580,1,-8.859994726811165,0.5679824987078906,3.9509281196411776,0.8882570518333919,-0.3327714631018216,0.3166426427588741,0.3670558211143651,0.9286458725209722,-0.0537295787794912,-0.2761692127198653,0.16395120248060194,0.9470219475549944,0.039782679444542085,-0.0029455650470186947,-0.008140167105959068,-0.0037129872245570093,-0.051324830332692695,-0.0028198213873659034
581,0,0.0,0.0,0.0,1.0,0.0,0.0,0.0,1.0,0.0,0.0,0.0,1.0,-0.04843259904929223,0.7888595152919347,-0.6485944889843058,-1.3200119558476884,-0.04253196490723948,-0.024070332814609574
581,1,-0.15884257307896574,5.111527934170722,-2.4744326174750784,-0.4377029240075794,-0.8843089070739052,-0.1625235588613856,-0.4340684748555894,0.04953053781709571,0.8995172510630864,-0.7874012379033688,0.46426768430863713,-0.405530279824994,0.04843259904929218,-0.7888595152919344,0.6485944889843055,-0.04331717730083219,0.0593507502287972,0.14633044057276084
582,0,0.0,0.0,0.0,1.0,0.0,0.0,0.0,1.0,0.0,0.0,0.0,1.0,-0.00034128736362296075,-0.009860317774045814,-0.020430633738389173,-0.058610177126323874,0.024957294289051028,-4.160031282080673e-06
582,1,1.5477281865727297,1.9012837526143938,-8.172365465033435,0.6216797020488523,0.7504828957561622,-0.22425380986260984,-0.7598229713342157,0.6473530852659575,0.06002528824994967,0.19021934784162642,0.13307669282820128,0.9726804169574994,0.000341287363622933,0.00986031777404582,0.02043063373838936,-0.06081637530695881,0.009452898481522774,-0.014608047596743555
583,0,0.0,0.0,0.0,1.0,0.0,0.0,0.0,1.0,0.0,0.0,0.0,1.0,0.029864022278479355,0.06990942872880676,0.3735083561709185,-0.07170419683124005,0.09938216071485662,-5.751119648320785e-05
583,1,-0.6072345796175757,-0.12961902873830217,6.697195606203503,-0.22016250597085385,-0.8082938524030918,-0.5460673210621583,-0.45184178142574977,0.5806294336323994,-0.6772801970807385,0.864504179008198,0.0976243256933832,-0.4930537653342415,-0.02986402227847936,-0.06990942872880682,-0.3735083561709185,-0.44490671243603624,0.32743022771523844,-0.038522965807003186
584,0,0.0,0.0,0.0,1.0,0.0,0.0,0.0,1.0,0.0,0.0,0.0,1.0,-0.06106516315739002,0.04829939096678319,0.3202035209015604,0.30789337399048533,-0.12005068245451134,0.0005077259236466181
584,1,0.386423513734499,2.9298395149054532,5.921830184175325,0.6042636952926002,-0.5805860238553456,-0.5456970363261759,0.6650585637895373,0.7446980277968551,-0.055874449667734,0.4388194312943874,-0.3291575858146283,0.8361176893351534,0.06106516315739008,-0.04829939096678301,-0.3202035209015607,0.34423076305438005,-0.3653010135894516,0.19706742244764416
585,0,0.0,0.0,0.0,1.0,0.0,0.0,0.0,1.0,0.0,0.0,0.0,1.0,0.04640754755900271,0.04715476537468531,0.02534477887476598,0.0426401365642236,0.002326688793094894,0.006396524039588141
585,1,5.642026522592524,6.3608447415056135,2.8494346330058793,-0.1047771775133155,-0.4850518284548729,0.8681857328849211,-0.9869675768285733,-0.05649530488365251,-0.15067608574434532,0.12213412856968897,-0.8726585840056164,-0.4728110091779114,-0.046407547559002574,-0.047154765374685305,-0.025344778874765928,-0.015790354703940978,-0.013087330166277661,-0.03553929198583938
586,0,0.0,0.0,0.0,1.0,0.0,0.0,0.0,1.0,0.0,0.0,0.0,1.0,-0.11006989623869226,0.09131109954689917,-0.14159224804277296,-0.022744176963156885,-0.034454018565171066,0.0026363963068491356
586,1,-4.4562077376995655,3.4311421581338055,-5.6257456169725994,0.43832566316882304,0.882911566510435,-0.16833828658300365,0.3461285514188768,-0.3386543021411561,-0.8749333057633346,-0.8294972205500641,0.3252390341938935,-0.45404177311822536,0.11006989623869237,-0.09131109954689914,0.14159224804277298,0.050614063495576046,0.022714783564141992,-0.03187216331960554
587,0,0.0,0.0,0.0,1.0,0.0,0.0,0.0,1.0,0.0,0.0,0.0,1.0,0.004685920249354079,0.05865056848443636,-0.15447218251943357,-0.24662500424063866,-0.07528698191381139,-0.0027569061931185385
587,1,-0.8199057549100738,4.9656643637015145,-5.464199966472067,0.21100281243208885,-0.9497119014759473,-0.23135495961982142,0.9377344141991971,0.26348061455811345,-0.22634516601546278,0.27592024494813217,-0.16919004092150147,0.9461726842816502,-0.004685920249354103,-0.05865056848443627,0.1544721825194336,-0.19995357333308383,-0.07697045477680303,-0.06859973962938336
588,0,0.0,0.0,0.0,1.0,0.0,0.0,0.0,1.0,0.0,0.0,0.0,1.0,-0.02336719786182726,0.029049543474616944,0.02057990289669444,0.05708915837542748,0.01664466410426154,-0.001126446647727715
588,1,-5.39534833351756,7.171389726093592,3.0120001975034896,-0.23794855634805034,-0.07321108507940927,0.9685146470515427,-0.6539775105387058,-0.7251745305221453,-0.21548855188056584,0.7181183051847904,-0.6846619876285538,0.12467582947404998,0.023367197861827376,-0.029049543474616947,-0.02057990289669441,0.0030001151389983747,0.02400907611844498,0.011969323346412397
589,0,0.0,0.0,0.0,1.0,0.0,0.0,0.0,1.0,0.0,0.0,0.0,1.0,-0.11652516848445318,0.22831679665202553,-0.1836764069406399,-0.2172159518549543,-0.16283273019446787,0.0018684594752892136
589,1,-3.379071634222265,5.73190211762775,-2.9651885984732766,-0.9531679512739812,0.2952512766891653,0.06555562735249104,0.2726247215219024,0.74492542358248,0.6089021879707509,0.13094509490342077,0.598258135685492,-0.7905318369343848,0.1165251684844532,-0.22831679665202542,0.18367640694063994,-0.15859687177382795,-0.1123039053492354,-0.10545641066567447
590,0,0.0,0.0,0.0,1.0,0.0,0.0,0.0,1.0,0.0,0.0,0.0,1.0,0.03434763593751697,0.08562111750666529,-0.1669412118717353,0.044129790999576354,0.09986773556677342,0.0012202394444875003
590,1,2.3461052707228998,1.4131790247578406,-6.740417042416969,0.9092116708248534,-0.4161788696233257,-0.011370405222738689,0.1565152968385059,0.3669859428838498,-0.9169647101067774,0.3857941154183573,0.8319353738149994,0.398806261615668,-0.03434763593751684,-0.08562111750666532,0.16694121187173527,0.2970744296483461,0.06027653086639975,0.15111655696616727
591,0,0.0,0.0,0.0,1.0,0.0,0.0,0.0,1.0,0.0,0.0,0.0,1.0,0.03290695264614904,-0.03869308589893586,0.049952334341966616,-0.02800951336330134,-0.10578688888328405,-0.0006606938639712526
591,1,5.481288254085724,-4.39820688234051,4.750776756517651,-0.9735671162175097,0.07918687808934086,-0.21423470437439807,-0.19984110079735465,0.15883890275326074,0.9668680041268517,0.11059206414577588,0.9841237936919339,-0.1388155396105657,-0.032906952646149165,0.03869308589893577,-0.049952334341966505,-0.007868974201904945,-0.011682668850347213,-0.0666956777830487
592,0,0.0,0.0,0.0,1.0,0.0,0.0,0.0,1.0,0.0,0.0,0.0,1.0,0.08847420281841527,-0.13488808938408664,0.05031084822692952,-0.09366495794095603,-0.019710255595132193,-0.02552188915125367
592,1,4.2910787524251255,-6.71048643586281,1.8674484516850802,0.1544188360371217,-0.13507325284058125,0.9787287874809881,-0.8565945195471607,-0.5119434006399999,0.0644963845724858,0.4923420073066177,-0.8483331721135379,-0.19475671216436474,-0.08847420281841531,0.13488808938408672,-0.05031084822692948,0.007951247008464182,-0.030956543180609333,0.04041141277672914
593,0,0.0,0.0,0.0,1.0,0.0,0.0,0.0,1.0,0.0,0.0,0.0,1.0,0.012881045006554608,-0.049614824478387734,0.02241015643863852,0.005565932737477667,0.027527021484012502,0.0019017680900072697
593,1,1.0604876909778305,-8.006382849391793,4.4791048165832885,-0.6086470195415934,0.18294395433901972,-0.772062377773932,-0.6902449460520304,-0.6019560329050393,0.4015107083240208,-0.39129364938977085,0.7772904502308193,0.4926548852160154,-0.012881045006554615,0.049614824478387484,-0.022410156438638543,0.037239774395101455,0.006402834191408694,0.04861289908335922
594,0,0.0,0.0,0.0,1.0,0.0,0.0,0.0,1.0,0.0,0.0,0.0,1.0,-0.03231321768111594,-0.01742135514475843,0.0033190734750126252,0.008103884646831027,-0.012965502061818068,0.005009687232510735
594,1,-8.585363302053189,-4.742272552223701,1.4873694948541154,0.7164977987170961,0.6961575927589218,0.04467113696402858,-0.2761138053009716,0.3418226149156667,-0.8982864055825588,-0.6406185065667186,0.6312859146031371,0.4371338731646267,0.03231321768111611,0.01742135514475855,-0.003319073475012596,0.002068156515136475,-0.006600740588463154,-0.008679109383851785
595,0,0.0,0.0,0.0,1.0,0.0,0.0,0.0,1.0,0.0,0.0,0.0,1.0,0.04895821757097503,0.07160223036063869,-0.03790028291665237,0.012426623343731766,-0.006695997893041716,-0.009046969374474856
595,1,4.198450088165598,6.708027487239829,-3.866914538331394,0.46829792007793714,0.5470712539416258,0.6938372295873254,-0.4254899889175936,0.8278459377675202,-0.3655535154429799,-0.7743741520618983,-0.12403284416859937,0.6204518725782556,-0.04895821757097519,-0.07160223036063842,0.037900282916652324,0.010216942635705363,-0.0234987992500336,-0.018747709447417812
596,0,0.0,0.0,0.0,1.0,0.0,0.0,0.0,1.0,0.0,0.0,0.0,1.0,-0.0839185006008881,0.003912310591130451,0.0347506493826375,0.02122711592582975,-0.010882039832347081,0.00836454295107951
596,1,-7.851894384019827,1.1163015213148246,3.789806998871486,0.0924965108111726,-0.9000567989504786,-0.42584287495598205,-0.6238819431753913,0.2809289953988945,-0.729280618502827,0.7760255900854408,0.33313159292865857,-0.5355442328373612,0.08391850060088815,-0.003912310591130424,-0.034750649382637305,0.0027381847866614403,-0.03429445235112692,0.05459475737711272
597,0,0.0,0.0,0.0,1.0,0.0,0.0,0.0,1.0,0.0,0.0,0.0,1.0,-0.0003400976294159117,0.013055498434250698,-0.012339965675089014,0.014718155748394537,-0.008837881177530897,5.407836512042602e-06
597,1,-1.2886893787819864,3.850095874138447,-8.856598805937907,0.7314449602767137,0.6815814123320239,0.02085781506487483,-0.200723578390187,0.24443927346636174,-0.9486619454080973,-0.6516888177374499,0.6897073436978334,0.315603334718193,0.0003400976294158954,-0.013055498434250766,0.012339965675089,0.05339910516264414,-0.004052393263903378,-0.015520481523617399
598,0,0.0,0.0,0.0,1.0,0.0,0.0,0.0,1.0,0.0,0.0,0.0,1.0,-0.016470583725738158,-0.007198659575776978,0.02155653830223475,-0.04363674545791709,0.03505953448718301,-0.0008786282147208351
598,1,-6.964228759722424,-4.276515006553383,5.412780436974633,-0.46338419757559723,-0.23289445613345375,0.85500599865704,-0.5401243614582322,0.8391361668841069,-0.06415736579992479,-0.7025245615610578,-0.491539078537354,-0.5146344087544983,0.016470583725738196,0.007198659575776905,-0.021556538302234803,-0.009585350356727512,0.025913476141070507,-0.019424958206015627
599,0,0.0,0.0,0.0,1.0,0.0,0.0,0.0,1.0,0.0,0.0,0.0,1.0,0.44570086890189675,0.0122109444816983,0.048923900923584646,0.017420509776475912,0.025218025862414596,-0.03808816230134343
599,1,7.304347673682486,0.06289459041116494,0.6585571140385362,-0.7982658471640256,-0.40543821523543533,-0.4454115971527964,0.06536927622738728,0.676823726188478,-0.7332370021990514,0.5987474383886813,-0.6144342904615993,-0.5137820624816938,-0.4457008689018965,-0.01221094448169833,-0.04892390092358466,-0.02238506542412265,-0.08905572981257087,0.09924897262421752
600,0,0.0,0.0,0.0,1.0,0.0,0.0,0.0,1.0,0.0,0.0,0.0,1.0,-0.03138802134521742,0.04104996926432382,-0.02049429256156873,0.019761905781930628,0.011905880871116645,0.0029589937158789256
600,1,-4.943627842307063,6.849413861541103,-4.26308063912805,0.133273468280938,-0.8912545406349064,-0.43347840367200746,0.9393131564501116,0.2530968449663866,-0.2315875238172147,0.3161154484869379,-0.3763074950963945,0.8708982101039013,0.03138802134521748,-0.0410499692643239,0.02049429256156862,0.014863531871923005,0.02058762991045991,0.009094783791440094
601,0,0.0,0.0,0.0,1.0,0.0,0.0,0.0,1.0,0.0,0.0,0.0,1.0,-0.05399618520744546,0.29905033601947834,-0.260712444167569,-0.19266230341669713,-0.032318250582192266,-0.017086679547807543
601,1,-1.0247923022506629,6.018122522297796,-3.9722254967164057,-0.8971055080233574,-0.4199144947079748,0.13738094703524428,0.4387639832137141,-0.883231033595453,0.16549655080497502,0.051844715339077196,0.20874567882486653,0.9765947814028886,0.05399618520744553,-0.29905033601947845,0.26071244416756906,-0.18844175913327665,-0.020372831695251437,0.03557785552466271
602,0,0.0,0.0,0.0,1.0,0.0,0.0,0.0,1.0,0.0,0.0,0.0,1.0,0.2653631314042497,-0.10766670682012183,-0.2741160783575009,-0.02785216602096137,0.3261735166656178,-0.020201131494945172
602,1,5.680205028234477,-1.2076044857195238,-4.126379329759366,-0.3314542501522395,-0.9409588104991683,-0.06880840791652698,0.46759211723073346,-0.2271780270245889,0.8542527471076082,-0.8194484071372016,0.2509714345920781,0.5152840450267187,-0.2653631314042496,0.10766670682012189,0.27411607835750085,-0.0853977016724887,0.1358730696338602,-0.2709141301298064
603,0,0.0,0.0,0.0,1.0,0.0,0.0,0.0,1.0,0.0,0.0,0.0,1.0,0.09852479923503485,0.11674239772393172,-0.0033139198054040614,-0.030657427588632588,0.043680794162770556,-0.02625744302999932
603,1,5.205140760554752,6.471221764753298,0.13099367562978656,-0.365147583989645,0.877668179004533,-0.31042842890011313,-0.5418279213748746,0.07079824696672188,0.8375023055759441,0.7570269120216984,0.47401073383342957,0.4496933162562966,-0.09852479923503485,-0.11674239772393163,0.003313919805404082,-0.006080198162437524,-0.01352524951396826,-0.0036577692699757205
604,0,0.0,0.0,0.0,1.0,0.0,0.0,0.0,1.0,0.0,0.0,0.0,1.0,-0.05760548764208941,0.027125023765262116,-0.016980807065268576,0.002090586386634858,-0.02968926688378093,-0.010206624719266616
604,1,-8.150045889678848,3.598002320897027,-1.7432426123303375,-0.7031200863414446,-0.6158544115985688,0.3554511047918973,-0.09635448574395122,-0.4127516786518828,-0.9057327778363063,0.7045125671414374,-0.6710882173638827,0.23087366080856397,0.05760548764208933,-0.02712502376526221,0.016980807065268576,-0.01590207233009756,-0.00828474918018191,-0.0035988854936070884
605,0,0.0,0.0,0.0,1.0,0.0,0.0,0.0,1.0,0.0,0.0,0.0,1.0,-4.5420621343994494e-05,0.14523033225865845,-0.007389159301374765,-0.0494882735828457,0.00015992461940000924,0.00048407464096278385
605,1,0.014092185162416605,8.000294433632417,-0.14061258126535034,0.8078059444064994,-0.5883640698172291,0.03573901970718174,-0.09752370363955068,-0.1932005308462572,-0.9763005080963286,0.5813249378875369,0.7851759524010088,-0.21344798045711322,4.542062134401531e-05,-0.14523033225865864,0.007389159301374779,0.010794035451748243,-4.940850752046741e-05,0.0019259164365356925
606,0,0.0,0.0,0.0,1.0,0.0,0.0,0.0,1.0,0.0,0.0,0.0,1.0,0.12631711907866577,0.01820927200512186,0.07261491999635708,-0.008869127568645694,-0.02209241590889878,-0.006783702218169631
606,1,7.2138534893056505,1.0583591561782943,4.048346664291744,0.10775003133930283,0.9837687028999472,0.14348891922700824,0.6040683270872828,0.049847784957907426,-0.7953720227319804,-0.7896147079154181,0.17237847176879673,-0.5888924142101879,-0.12631711907866552,-0.018209272005121888,-0.07261491999635702,0.012004347440827947,0.009634509582587256,0.004453843051063656
607,0,0.0,0.0,0.0,1.0,0.0,0.0,0.0,1.0,0.0,0.0,0.0,1.0,-0.2034235539013473,0.8489597706208509,-0.5384878020901074,-0.6588989077282081,-0.37345508607543787,-0.11064067269567235
607,1,-2.0525640481988017,5.389981760039011,-2.117965860758428,-0.10457497810669802,-0.9416137361297019,-0.32004319378147683,0.7669049384872899,0.12853506116784919,-0.6287571497600513,0.6331831403928803,-0.3111949710108465,0.7086866731777652,0.20342355390134736,-0.8489597706208514,0.5384878020901074,-0.44547271220869766,-0.3009814744511024,-0.5354543857572134
608,0,0.0,0.0,0.0,1.0,0.0,0.0,0.0,1.0,0.0,0.0,0.0,1.0,-0.1435104120510667,-0.1256481338543976,-0.18675173340378481,0.055102836642451775,-0.05928877484321265,0.0006356039423092812
608,1,-4.180431088944703,-3.8868731146076065,-5.154554791424045,0.6019815947129049,0.0729149942055452,0.7951739201249707,0.5869595566635208,-0.7155664139944755,-0.3787389417586341,0.5413840027820095,0.6947288037666873,-0.47355596369239916,0.14351041205106674,0.12564813385439771,0.18675173340378526,0.023117264638412058,0.018318304664781807,-0.033179001177050145
609,0,0.0,0.0,0.0,1.0,0.0,0.0,0.0,1.0,0.0,0.0,0.0,1.0,0.14352681199902628,-0.1428178647934137,0.15898233466988437,-0.013722928556753108,-0.12004472131432047,-0.01101432182036165
609,1,4.989837334876984,-3.811528088674454,4.434564475832996,-0.8195906797951105,-0.3858646148399282,0.4235323088117632,0.2198688876975546,0.4707997718610303,0.8544034451231116,-0.5290829706346907,0.7933826780501548,-0.30102348140026436,-0.1435268119990264,0.1428178647934137,-0.15898233466988446,0.04109232408663821,-0.03677236598693265,-0.15456711660104058
610,0,0.0,0.0,0.0,1.0,0.0,0.0,0.0,1.0,0.0,0.0,0.0,1.0,0.00152020396343951,0.04064094645476758,0.3132331839148481,-0.11470832089451105,0.16008574000531287,5.844426327969443e-05
610,1,-1.5045943557647512,-0.6779471130004125,6.601450456086096,0.6566819624658498,-0.6151846066752702,-0.43625302277668343,-0.73138558688734,-0.37837760274401844,-0.5673671765577836,0.18396718040308557,0.6916489640355744,-0.6984109013203157,-0.0015202039634394926,-0.040640946454767554,-0.3132331839148478,-0.3659364063460837,0.3212386916989816,-0.06017596502387489
611,0,0.0,0.0,0.0,1.0,0.0,0.0,0.0,1.0,0.0,0.0,0.0,1.0,-0.3629051042616183,-0.16191582290522916,-0.14038478704616655,0.10943340134176327,-0.06198432957467012,-0.07891309530799871
611,1,-6.070558148938878,-3.479303127269999,-2.2215407918815484,0.582599140735131,-0.41854833360890387,0.6967033325942231,0.7560751001562304,-0.035419696053332395,-0.6535257363373195,0.29820912819434814,0.9075035744087727,0.2958184887678046,0.36290510426161815,0.161915822905229,0.14038478704616641,0.019305221814061392,0.015978809283726705,-0.20082435067221263
612,0,0.0,0.0,0.0,1.0,0.0,0.0,0.0,1.0,0.0,0.0,0.0,1.0,0.020080458912127282,-0.05062824805965964,-0.013557676615501122,0.006345345564025786,0.005507260496157757,-0.0044649777421374975
612,1,3.433675491080922,-8.443068570529988,-1.9174544350562905,0.9411869654444366,-0.28913219430947434,0.17484184365100192,-0.04963394826266766,-0.6301513267587424,-0.7748843633498201,0.33422083606105685,0.7206329714896382,-0.6074409873762745,-0.020080458912127307,0.05062824805965947,0.013557676615501082,0.011045688976596506,0.002542036415465393,0.00016469474612031522
613,0,0.0,0.0,0.0,1.0,0.0,0.0,0.0,1.0,0.0,0.0,0.0,1.0,0.005175737134767265,-0.03876273419759234,0.008582015587941005,0.007278017345285756,-0.006047954659309629,0.0023217551298468156
613,1,1.2905119274495263,-9.427736706171572,2.3786055427569868,0.25594907622493346,0.12729188585493698,-0.9582728453708249,-0.5841754049799645,-0.7694488530730392,-0.25823934386742653,-0.7702137148844452,0.6258955490336053,-0.12257893417640764,-0.005175737134767284,0.03876273419759231,-0.008582015587941017,0.004014253698154918,0.007283798218124568,-0.003550038985454364
614,0,0.0,0.0,0.0,1.0,0.0,0.0,0.0,1.0,0.0,0.0,0.0,1.0,-0.15846559894714443,0.13806361344028273,0.4450899586102037,-0.11934787057789278,0.17270018442834095,-0.002116219745716366
614,1,-1.6043746896355222,-0.09747308932621052,5.85737977536621,0.7766610347820576,0.3427691447261808,-0.5284949862344448,0.0799793764094571,0.7785401070928831,0.6224777915692707,0.6248207234082572,-0.5257229451635954,0.5772473027464897,0.15846559894714451,-0.13806361344028256,-0.4450899586102037,-0.7327274397950092,-0.38680231458750536,-0.23483567869880215
615,0,0.0,0.0,0.0,1.0,0.0,0.0,0.0,1.0,0.0,0.0,0.0,1.0,0.14803719522104095,0.2913391508894447,-0.290365271620047,-0.11291057752720346,0.08987345906042099,0.006544077730918096
615,1,2.6973059098830916,4.677367566382039,-4.817100638549622,-0.9537076187888138,0.08615511674021264,-0.28813030684683544,-0.28373178335534316,-0.5753643881259385,0.7671063133558877,-0.09968978372013765,0.8133468612688839,0.5731743454533594,-0.14803719522104097,-0.29133915088944473,0.2903652716200469,0.15817548343193205,-0.019779563523230292,0.08686236019843965
616,0,0.0,0.0,0.0,1.0,0.0,0.0,0.0,1.0,0.0,0.0,0.0,1.0,0.044752947913548696,-0.010829435353921732,-0.0793456181917998,-0.0009445691368188481,-0.015360337223984378,-8.973356774189326e-05
616,1,3.032247850254974,-0.9841913385774085,-7.951664346971272,-0.18074143549263,-0.23658475951599595,0.954651865897104,0.3041974184760334,-0.9364916802584835,-0.17449144219462326,0.9353055458450895,0.25886479940579193,0.24123132371236233,-0.04475294791354863,0.010829435353921722,0.07934561819179989,-0.007076195686351032,-0.09990450293280595,0.011297665208658068
617,0,0.0,0.0,0.0,1.0,0.0,0.0,0.0,1.0,0.0,0.0,0.0,1.0,-0.030965057324917555,0.008301053140048226,-0.5328932757869,0.19849465684199566,-0.6142282904975044,0.0006362983525641797
617,1,-2.077612934729864,-0.6437038251185458,-4.9944206602042245,-0.1876612538053073,-0.9627164201296323,-0.19483415571455978,-0.9815960730328581,0.19095965690520467,0.0018864890983966848,0.0353893094972455,0.19160246305157946,-0.9808343860845601,0.030965057324917764,-0.008301053140048135,0.5328932757868999,0.18598973446609354,-0.33826515005995117,-0.037814999573272556
618,0,0.0,0.0,0.0,1.0,0.0,0.0,0.0,1.0,0.0,0.0,0.0,1.0,-0.02318226058250152,-0.010363277066802056,-0.027150588445339807,-0.023029724602852485,-0.00898084514321603,-0.00031124766698253925
618,1,-3.871795574495344,-0.3289528166526209,-7.5633767534875975,0.19422093264005857,-0.4772641666893354,-0.8570280885238013,-0.8850005577685165,0.2916130140594161,-0.3629543535771378,0.4231456511342649,0.8289636694243707,-0.3657417021623899,0.023182260582501512,0.010363277066802123,0.027150588445340164,-0.04642038171127882,0.07919548773858776,0.032809868036507185
619,0,0.0,0.0,0.0,1.0,0.0,0.0,0.0,1.0,0.0,0.0,0.0,1.0,0.36008059252939956,-0.3083292559797065,-0.12960092265513545,0.20857450656431448,0.2083644283917266,0.0939172579432591
619,1,4.888916724465382,-4.408854708498683,-1.1062646623966572,0.3996035419795382,0.560647468039553,-0.7252526634340931,0.2166554948256969,0.7109892363132873,0.6689952932633241,0.8907173546076442,-0.4244628634256323,0.1626464625292331,-0.3600805925293996,0.30832925597970656,0.12960092265513548,0.02172337123615048,0.026899254752984967,-0.013770298332175489
620,0,0.0,0.0,0.0,1.0,0.0,0.0,0.0,1.0,0.0,0.0,0.0,1.0,0.0029199939271312148,0.018688047037877856,0.01986229815872732,0.06004683913605226,0.0024711903342729304,0.0005652192294699071
620,1,0.9762103717959507,8.672719771123157,4.635871689557173,0.8791189038708682,0.2744308286702914,0.38966353836639667,-0.46402440978148357,0.30625097005913937,0.8311989475840196,0.108771779353971,-0.9115361011025143,0.3965736204073562,-0.0029199939271311926,-0.018688047037878068,-0.019862298158727337,0.025577918609073692,-0.008324254624059745,-0.007646042945873432
621,0,0.0,0.0,0.0,1.0,0.0,0.0,0.0,1.0,0.0,0.0,0.0,1.0,0.0335183055212934,-0.3275552482719095,-0.7814855689994465,0.051743651988954587,0.26289810744522085,-0.0028586000709920206
621,1,0.9012208164174934,-0.6225119858643358,-5.263417230199504,-0.26675489234669003,-0.9637077996715042,0.010445298531590208,0.6373244920331427,-0.16826111617455153,0.7520011227640493,-0.7229518097797409,0.20725702312829414,0.6590790598252954,-0.03351830552129345,0.32755524827190957,0.7814855689994467,-1.2893194561034336,0.2649721282590821,-0.2714754612655855
622,0,0.0,0.0,0.0,1.0,0.0,0.0,0.0,1.0,0.0,0.0,0.0,1.0,0.040734579458176295,0.21400620471690088,0.6277634813241285,-0.0015410964451947895,-0.11617584146963597,0.0008884516216187376
622,1,0.7593185327212395,0.6473921975629792,6.050929221615806,0.6680326065550231,-0.7388899570890444,0.08817067478618917,-0.21337771109483944,-0.30371920993659707,-0.9285604955647297,0.712883152408043,0.6014950314245657,-0.36055698326940155,-0.040734579458176365,-0.21400620471690088,-0.6277634813241286,-0.8869861215591804,-0.11401454689166834,0.13523917682502687
623,0,0.0,0.0,0.0,1.0,0.0,0.0,0.0,1.0,0.0,0.0,0.0,1.0,0.02041041013358289,0.02486652798552471,-0.002846817610653864,-0.008076448217032907,0.018135291929772368,-0.0020187544686698887
623,1,6.0269969866151625,7.9149569281893575,-0.0692687443047609,0.7057915282118816,-0.5239686891697777,0.4767757664500594,-0.007782828283726395,-0.6787076873805065,-0.7343672805037755,0.7083768391811259,0.5145995412554403,-0.48310409421929723,-0.020410410133582826,-0.02486652798552451,0.002846817610653858,-0.01273351738492706,-0.0023913342496169453,-0.009658273388979519
624,0,0.0,0.0,0.0,1.0,0.0,0.0,0.0,1.0,0.0,0.0,0.0,1.0,-0.05711241908975662,0.2262607990550601,0.02479884168585772,0.047460799645447985,-0.028552053358518546,0.030031664944403326
624,1,-1.5866947606874071,7.810427998801245,0.689156617154681,0.46238584199221433,0.069443511441161,0.8839552770609337,-0.19674041097367828,0.9801130730698315,0.025914758102658073,-0.8645765112556892,-0.18589234173664193,0.46685275351936006,0.0571124190897566,-0.2262607990550597,-0.024798841685857706,-0.009700359075885456,0.028540843995168333,0.05703394778389325
625,0,0.0,0.0,0.0,1.0,0.0,0.0,0.0,1.0,0.0,0.0,0.0,1.0,-0.042137297398428156,-0.2537680535559633,0.24935207589726024,-0.14684877978354807,0.004720910681138815,0.0056446654657223375
625,1,-0.9385274602227175,-5.567771918464066,4.706672507344234,-0.36329653078589086,-0.7153073452887762,0.5969514490265184,-0.9022844867967728,0.11046706309285814,-0.41674900462691344,0.23216015076843183,-0.6900234994169127,-0.6855430217335869,0.0421372973984282,0.2537680535559632,-0.2493520758972603,-0.04708358529382646,0.03097640061300947,-0.0020872398511195545
626,0,0.0,0.0,0.0,1.0,0.0,0.0,0.0,1.0,0.0,0.0,0.0,1.0,-0.03824185868775455,0.010495613900806219,-0.035043237657460605,-0.019170092237258476,-0.05440100100672253,-0.0005443611694136881
626,1,-6.092415684631145,1.793403201834476,-5.610580694333659,0.22263249856954914,-0.15947159889264684,-0.9617710640933749,0.9597032391575172,-0.13767280435619655,0.24498141090962333,-0.1714772968391124,-0.9775556291522867,0.1223949695920048,0.03824185868775464,-0.010495613900806288,0.03504323765746046,0.015209926346765695,0.05546206433110546,0.0051837902350297844
627,0,0.0,0.0,0.0,1.0,0.0,0.0,0.0,1.0,0.0,0.0,0.0,1.0,0.020637597204770392,-0.15189045097607845,-0.03945204864467948,0.1595842474154412,0.0422879043594723,-0.014468226455427231
627,1,1.1888352493076302,-7.983805716491919,-0.9298773514957674,0.06338862083616736,0.9922457191311664,0.10691265413580864,0.7089768539211121,-0.12016843875754546,0.6949182447818566,0.7023771802618668,0.0317486880429495,-0.7110965598671819,-0.020637597204770385,0.15189045097607856,0.03945204864467942,0.014153753810134097,-0.014576352503286375,-0.0013379291600637382
628,0,0.0,0.0,0.0,1.0,0.0,0.0,0.0,1.0,0.0,0.0,0.0,1.0,-0.011243530963153142,0.008604686944471113,-0.0464409104931792,-0.006538152513488323,-0.002981203910861931,1.2275570426954763e-05
628,1,-2.2156560943531645,1.9562976923638364,-9.013331856673947,0.802088350705731,-0.3247180172367259,0.5012110203736643,0.21277786307318022,-0.6288003565495071,-0.7478874865841943,0.5580142100772804,0.7065184504916074,-0.43526063509897894,0.011243530963153114,-0.0086046869444711,0.046440910493179124,-0.006757194562285826,0.0014257933610277006,0.0029183910382923786
629,0,0.0,0.0,0.0,1.0,0.0,0.0,0.0,1.0,0.0,0.0,0.0,1.0,-0.0035184089463654363,-0.03500034542731186,-0.021704871141641584,0.03293436046228288,0.022678627752249138,-0.0029896255257258197
629,1,-0.24781118114384448,-8.675643432394834,-3.979395918833868,-0.6286140985162771,0.15068789473947225,-0.7629793401695446,0.7556821103611335,0.35022329752014714,-0.5534330943793099,0.1838174725827541,-0.9244656836535904,-0.3340274487526258,0.0035184089463654016,0.03500034542731176,0.021704871141641588,0.01608913055745563,-0.01405619530447905,-0.018861359001503597
630,0,0.0,0.0,0.0,1.0,0.0,0.0,0.0,1.0,0.0,0.0,0.0,1.0,-0.5798300040501764,0.3626582050867271,-0.1542747741947833,-0.1590539249091315,-0.16206902026043743,0.08375964247495482
630,1,-5.136347372928737,3.8165560984822187,-0.8306405772053933,-0.34392416519113844,0.17896182461750124,-0.9217856767856365,-0.01078947611845002,0.9808520971475237,0.19445500951735353,0.9389354375049801,0.07682336136149856,-0.33540783435461474,0.5798300040501767,-0.3626582050867275,0.15427477419478342,-0.12850578458442538,-0.14870948163886757,0.2664555765974527
631,0,0.0,0.0,0.0,1.0,0.0,0.0,0.0,1.0,0.0,0.0,0.0,1.0,-0.09277384597853647,-0.008085321081251894,-0.31846397912121194,-0.05979292694149378,-0.26172523363210753,-0.0002949248567870183
631,1,-3.6030804586723355,0.45172542432743806,-6.01220865008071,0.8809832615801172,-0.1539893538723643,-0.4473877196678854,0.3173856005452557,0.8935965829898646,0.31741381103437427,0.3509057898955018,-0.4216306745990024,0.836117635775615,0.0927738459785364,0.008085321081251755,0.31846397912121177,-0.13267598650342133,-0.3279503870371529,0.07133529218787948
632,0,0.0,0.0,0.0,1.0,0.0,0.0,0.0,1.0,0.0,0.0,0.0,1.0,0.008133868818968241,-0.02242405379509283,0.021020819963467375,-0.03792638992335273,-0.03966633059056547,0.000744743477706783
632,1,3.616377942981343,-7.821640668691877,4.5250904937516525,-0.21083486098943816,0.9478748237812082,0.23891835390632404,0.332316561997358,-0.1603540146934015,0.9294365457598299,0.9193010192607318,0.275354150891995,-0.2811862862458412,-0.008133868818968243,0.02242405379509292,-0.021020819963467403,-0.02502003773260296,0.00045359340143608096,-0.01821839786626147
633,0,0.0,0.0,0.0,1.0,0.0,0.0,0.0,1.0,0.0,0.0,0.0,1.0,0.10877740645202999,0.03304426202563603,0.027307951363408915,0.021356658039746047,-0.1090064740665385,0.006909628270126004
633,1,8.073096928114985,2.3995538580320583,0.8158828518428212,-0.7319003521555705,0.5236609891536054,-0.43600578316487987,-0.4789706315516273,-0.8504761415643964,-0.21743382151995702,-0.48467412621841893,0.04969407478165641,0.8732820222047442,-0.10877740645202949,-0.03304426202563601,-0.02730795136340892,0.017209995270756423,-0.022703643606363993,-0.0011573433378273476
634,0,0.0,0.0,0.0,1.0,0.0,0.0,0.0,1.0,0.0,0.0,0.0,1.0,-0.020719373756286907,0.04532640909674808,0.04757010792016644,0.000979674330654286,0.0008179696403353698,-0.00023044196368495612
634,1,-1.6866856338700122,3.6818534800483653,6.995117714805212,-0.8701890323382564,-0.284177468025291,-0.4025098938721173,-0.31861970213545676,-0.29858071883470383,0.8996282786525021,-0.3758357798418362,0.9110942437568608,0.16927712658180571,0.020719373756286893,-0.045326409096747976,-0.04757010792016644,-0.14289707415968364,-0.06551661041201744,6.473727429279902e-05
635,0,0.0,0.0,0.0,1.0,0.0,0.0,0.0,1.0,0.0,0.0,0.0,1.0,0.0018050248966246171,-0.0009544241018254497,0.03782880601764268,-0.013342294680242185,-0.08335506267925478,-0.000178460576714742
635,1,4.708440701604175,-0.8805037402640093,7.5789832817952965,-0.5952992975670088,0.8032250990968963,-0.02117041560781313,0.802483242015257,0.5956642911708581,0.03470876702796909,0.040489413442392035,0.00367320087939867,-0.9991732157110653,-0.0018050248966246657,0.0009544241018254341,-0.03782880601764278,-0.012732546196536484,-0.08107937375256032,-0.0027260575381646834
636,0,0.0,0.0,0.0,1.0,0.0,0.0,0.0,1.0,0.0,0.0,0.0,1.0,-0.042540924901435136,-0.0613207157574398,0.4200586391681378,0.16575618799537756,0.1640149813676617,0.0006757442461064536
636,1,-0.7267741865915163,0.49010859395097944,5.411580337700288,0.9775912714133651,-0.003308993190332756,-0.21048600100830114,-0.03395064264470522,0.9843090659018332,-0.1731560471005041,0.2077562512186137,0.17642197523984024,0.9621396087533562,0.04254092490143503,0.06132071575743991,-0.4200586391681379,0.3719601407109504,-0.08894083830968887,0.06474024195853295
637,0,0.0,0.0,0.0,1.0,0.0,0.0,0.0,1.0,0.0,0.0,0.0,1.0,-0.03508127473011415,-0.18393816373547772,-0.1355702764601059,0.12779090559614042,-0.03452872661088797,0.01895991868563822
637,1,-1.3766621418790483,-6.695648155621713,-3.511722969964656,-0.343288178475488,-0.9372032874302073,0.061670289029596925,0.9199035459584767,-0.3222472674520567,0.22345953717105918,-0.1895539307215831,0.1334417350370388,0.9727603048533087,0.035081274730114145,0.18393816373547792,0.13557027646010578,0.1340000912980952,-0.02891002227043344,-0.000631084667803615
638,0,0.0,0.0,0.0,1.0,0.0,0.0,0.0,1.0,0.0,0.0,0.0,1.0,-0.03841781127501042,-0.056477168530969464,0.03329287482880661,0.013390711430342983,0.030771018221440183,0.004137261001632496
638,1,-4.933251401287805,-5.618085375531401,4.472940096784204,-0.47899237788107274,0.8766951223092554,0.0444068063588825,-0.41049989683891197,-0.2684228321385618,0.871457984002646,0.7759227646016568,0.3991927425516066,0.48845574791074853,0.03841781127501043,0.05647716853096928,-0.03329287482880661,0.05218606705955271,-0.03836946530201255,0.05864426611047824
639,0,0.0,0.0,0.0,1.0,0.0,0.0,0.0,1.0,0.0,0.0,0.0,1.0,0.12019100038940153,0.05089205747945559,-1.103380760886499,-0.45414209663746063,0.15987006952386887,-0.0011715400237488072
639,1,0.6651253980042159,1.6914778249283777,-5.49908585127354,-0.8302464299422836,-0.556539378089115,0.03089961495349791,-0.35108333547911813,0.4790800196435322,-0.8045016011961753,0.4329334326625172,-0.6787829221588696,-0.5931461771507223,-0.12019100038940175,-0.050892057479455646,1.103380760886499,-1.1323421996271792,-0.0869241314808128,-0.16827927190460595
640,0,0.0,0.0,0.0,1.0,0.0,0.0,0.0,1.0,0.0,0.0,0.0,1.0,-0.2738418677040353,0.011924303399070843,-0.293931396115521,0.008895294822941865,-0.13908936681995904,0.0025722568147658574
640,1,-4.875775018383023,-0.08379963788668938,-5.336240409032972,-0.3616504516834935,-0.5869138024466699,0.7243901844273686,-0.9314502433028394,0.26089007219238236,-0.25364702734811423,-0.0401172662105333,-0.766464975539682,-0.6410320165348597,0.27384186770403557,-0.011924303399070878,0.2939313961155209,0.07936699938275908,0.16723204864879215,-0.08366032679138871
641,0,0.0,0.0,0.0,1.0,0.0,0.0,0.0,1.0,0.0,0.0,0.0,1.0,-0.005199262634751751,0.000666164861110187,0.0346879044253779,0.036946794745549925,0.0521315549469449,-4.404576171769536e-06
641,1,-4.36098596751167,2.39204735781904,7.889049533960218,0.28991059737878044,-0.9567460713824583,0.024265210110578583,0.9435385423600795,0.2814788248798784,-0.17465591952538845,0.16027122202221722,0.07352976294314194,0.9843304878713401,0.005199262634751799,-0.0006661648611101766,-0.0346879044253778,0.040772907796372916,0.058124669028888624,0.00953615141288637
642,0,0.0,0.0,0.0,1.0,0.0,0.0,0.0,1.0,0.0,0.0,0.0,1.0,-0.0044812586323934,0.005978102500690977,-0.012282109360662798,-0.025758498205069508,0.012158346594559482,-3.0085761924435878e-05
642,1,-0.4623837311525368,4.646746432144792,-7.9804666858986755,-0.6695870978906457,0.6719389560957436,-0.31646667694932007,0.1926236352319301,0.5686067775863022,0.799738999694874,0.7173208859976261,0.47453595413191185,-0.5101630864220743,0.004481258632393398,-0.0059781025006910475,0.012282109360662888,0.01639469820585006,0.017925141079545046,0.018089180984034788
643,0,0.0,0.0,0.0,1.0,0.0,0.0,0.0,1.0,0.0,0.0,0.0,1.0,-0.1504591507534684,0.11112587475679025,-0.3298718128992361,-0.35193212685267705,-0.10100485554571559,-0.0007700515072507075
643,1,-2.3356365239944163,3.7576008013436213,-5.232496005025462,-0.359447576739796,-0.6112852200978787,-0.7050729176941745,-0.6393863406019968,0.7116721321579276,-0.29104618836428076,0.6796929799751322,0.34619814557515627,-0.6466562432798799,0.15045915075346847,-0.11112587475679014,0.3298718128992361,-0.3061287659183017,0.11782110633905478,0.3065858251051765
644,0,0.0,0.0,0.0,1.0,0.0,0.0,0.0,1.0,0.0,0.0,0.0,1.0,0.21487981842613865,0.4150839278692392,0.12591208585057073,0.12465755697862108,-0.03314395431689431,0.07787967055613126
644,1,2.9822359275114425,6.321337707116556,1.436343837177504,-0.17134124472091883,0.4406255258765639,-0.8811874510020485,0.9835206193019845,0.0241160504161001,-0.17918037705108464,-0.05770068687049518,-0.8973670163641683,-0.43749636418642757,-0.2148798184261387,-0.415083927869239,-0.12591208585057076,0.07507201738387573,-0.033714288884377434,-0.19832936664742673
645,0,0.0,0.0,0.0,1.0,0.0,0.0,0.0,1.0,0.0,0.0,0.0,1.0,0.08442737357314922,0.028133416599623692,-0.02129767619343819,0.011639972596461783,-0.04056000176212607,0.004916797687827821
645,1,7.929208151720703,2.7528948098769455,-2.958058975552838,0.985663965674904,0.0817805787475788,-0.14757534926176777,0.13632189999217942,-0.9013922209453715,0.4109846756287783,-0.09941270719854636,-0.4252105372152494,-0.8996183150028543,-0.08442737357314926,-0.02813341659962365,0.021297676193438073,0.012950070633666629,-0.04030744073256218,-0.014260759971401363
646,0,0.0,0.0,0.0,1.0,0.0,0.0,0.0,1.0,0.0,0.0,0.0,1.0,-0.0399220592281552,-0.158836571443063,-0.13247501480473026,0.26982903935601793,-0.01710493703313586,0.022731311553073324
646,1,-1.1887722901349338,-6.601043734554166,-3.2458414134936646,0.8049164179391071,-0.0678369071320192,-0.5894978491587892,-0.5248432662140412,-0.5448983174706679,-0.6539307069769797,-0.27685574951922876,0.8357535388189494,-0.4742013457485639,0.03992205922815513,0.1588365714430634,0.13247501480473034,0.08908600553847662,-0.010797016547249745,-0.09743805570003669
647,0,0.0,0.0,0.0,1.0,0.0,0.0,0.0,1.0,0.0,0.0,0.0,1.0,0.14220205163070737,0.0583377262937307,-0.10756257239226955,-0.158700798989168,0.2064625945268907,-0.0009550982980202419
647,1,6.125617081013995,3.1595191572121046,-3.1924801448128877,-0.03528039645861414,0.018933489549514626,0.9991980867671844,-0.9520389246698682,-0.30470762889327885,-0.027841458433015553,0.30393614385124446,-0.9522577297495225,0.02877562498228703,-0.14220205163070718,-0.058337726293730824,0.10756257239226948,0.00509682380304316,-0.0015526901856907707,-0.09098043537166761
648,0,0.0,0.0,0.0,1.0,0.0,0.0,0.0,1.0,0.0,0.0,0.0,1.0,0.07813915177799091,-0.041317874161866004,0.08655222338630959,0.017122223124196843,-0.15678351851325423,-0.00952523615094538
648,1,6.443103960328085,-1.942833351885351,4.447041138733999,-0.7828876267665548,-0.5239324609406787,-0.33553202563760687,-0.5138546156384597,0.24045773977916562,0.8234886212737526,-0.3507711473922598,0.8171137324466767,-0.4574765025705454,-0.07813915177799088,0.04131787416186612,-0.08655222338630976,-0.0015364832360973864,-0.05339343225977264,-0.10487877233139874
649,0,0.0,0.0,0.0,1.0,0.0,0.0,0.0,1.0,0.0,0.0,0.0,1.0,0.014384958910962314,-0.013021716508948893,-0.0160901462593278,0.011957280305364273,-0.021087344032149794,-0.000538421806445373
649,1,3.43142432691766,-5.889963551216174,-7.115622565234358,-0.16235159208066174,0.18957920651110455,-0.9683499806410357,-0.5376890126712959,0.8058705877979248,0.24791756971782855,0.8273647842405679,0.5609209571596049,-0.02889971656800827,-0.014384958910962376,0.013021716508948886,0.01609014625932763,-0.00984452513334845,-0.02605847489674265,0.04058227067072327
650,0,0.0,0.0,0.0,1.0,0.0,0.0,0.0,1.0,0.0,0.0,0.0,1.0,0.3012812795165089,-1.155997621618285,-0.15535098335455583,0.3833179055503132,0.13688494272962934,-0.2411941928134809
650,1,1.6101201115333588,-5.481067703394514,-0.48392154914820856,-0.8340478888693266,-0.429864358127677,-0.3458045006706826,-0.32033516330100564,-0.132980337828144,0.937924097624126,-0.44916533951935544,0.893046954735636,-0.026788699331418142,-0.30128127951650924,1.1559976216182852,0.15535098335455594,-0.0912408078602443,-0.03254770359695856,0.0312422641564632
651,0,0.0,0.0,0.0,1.0,0.0,0.0,0.0,1.0,0.0,0.0,0.0,1.0,-0.40058460515362315,0.8005231438585269,-0.4966670987193926,-0.6522778437689843,-0.265904190350194,-0.11781478633670889
651,1,-2.3741202499188128,5.250935230686819,-1.7798524494425125,0.4676310131630319,-0.6621326959671905,0.5855779439659048,0.8784146092088294,0.2742627637078541,-0.3913664660798485,0.09853430801815008,0.6973953178610751,0.7098808074380054,0.40058460515362304,-0.8005231438585271,0.49666709871939296,-0.5308758443876631,-0.20026173549630455,0.32072039604543695
652,0,0.0,0.0,0.0,1.0,0.0,0.0,0.0,1.0,0.0,0.0,0.0,1.0,0.03847610135531866,0.06651230938346375,-0.03321104544348187,-0.024413710952915155,0.012438956016047244,0.00038363027516960524
652,1,4.1664839268762375,7.239014983313762,-2.8734798334538105,0.8417744264644218,0.43718455625516517,0.31667882581958,0.2713967590249535,-0.8498310971828333,0.45180848315605204,0.46664720522172304,-0.2943752198011843,-0.8340165560861241,-0.03847610135531859,-0.06651230938346372,0.03321104544348191,-0.024879764934140812,0.015374029704543376,-0.0017902365001989766
653,0,0.0,0.0,0.0,1.0,0.0,0.0,0.0,1.0,0.0,0.0,0.0,1.0,-0.02222649753376603,0.26181150939332987,-0.29566772631555605,-0.25504210372137925,0.10076095089202983,0.018562493493988308
653,1,0.3852173543809967,5.438905239080651,-4.582886089089978,-0.6292850589975318,0.31634846505982217,-0.709876019581425,0.43299972053937397,0.9012187569298991,0.01777622486783051,0.645377065393013,-0.29618980538165407,-0.7041022955882767,0.022226497533766012,-0.26181150939332976,0.2956677263155559,-0.15321431760102072,0.1149968947717824,0.20317965738381905
654,0,0.0,0.0,0.0,1.0,0.0,0.0,0.0,1.0,0.0,0.0,0.0,1.0,-0.004676331068853377,-0.0018370222423292927,-0.03392852947115453,0.02900377245127799,-0.07844580952637989,0.00033413631490811224
654,1,-5.183541784089596,-1.947701515858323,-7.238513974027606,0.9786937740620196,0.038094253806226164,-0.2017605621502557,0.02306733196242935,-0.9968169740982606,-0.07631394594517174,-0.20402547588077194,0.07003390590659878,-0.9764572992277185,0.004676331068853488,0.0018370222423292164,0.03392852947115458,0.02378156465883332,-0.06357445287099021,8.004812504652098e-05
655,0,0.0,0.0,0.0,1.0,0.0,0.0,0.0,1.0,0.0,0.0,0.0,1.0,0.027143446632729006,0.014764123752228431,0.01126279783407685,0.02000102604900162,-0.00021975059772832203,0.00042515116888217075
655,1,7.615624371146622,4.834879044920109,3.4678535833832727,-0.1722421820857829,-0.6443394261913106,0.7450901519720823,-0.9826443145145248,0.16527220700910705,-0.08423329948790148,-0.06886785797894185,-0.7466671289442114,-0.6616233193378245,-0.02714344663272889,-0.014764123752228431,-0.01126279783407689,-0.01674658027353135,0.008576011595916618,-0.019222411834274793
656,0,0.0,0.0,0.0,1.0,0.0,0.0,0.0,1.0,0.0,0.0,0.0,1.0,-0.0011404409017580497,-0.11300410578470353,0.2299447978986152,-0.2751911221090543,-0.11818898914256692,-0.006112887875754092
656,1,1.131649573554191,-4.856884328716297,5.208134276245198,-0.623320350992673,-0.6833407706096065,-0.3801540888390393,0.7660032509505682,-0.6313137237190818,-0.12116931037646313,-0.15719656348512162,-0.36672656498625233,0.9169519436490945,0.001140440901758008,0.11300410578470366,-0.22994479789861488,-0.25308360658081275,-0.1479675126908833,-0.12730714978895433
657,0,0.0,0.0,0.0,1.0,0.0,0.0,0.0,1.0,0.0,0.0,0.0,1.0,0.0035176682063557253,-0.026429361117677665,0.03012593575469807,-0.06801909499311196,-0.041191735773254155,-0.002535508819638703
657,1,1.9959943468444843,-7.658191761258811,4.872029159274797,0.40880091804126417,0.8715926306505548,0.2705699458629226,0.34261475423528015,-0.4213604737132386,0.8396847511849037,0.8458705217637733,-0.25056264164436076,-0.470873043423895,-0.0035176682063556924,0.026429361117677602,-0.030125935754697977,-0.03392647997740045,-0.0018012796125045265,-0.023278368885202162
658,0,0.0,0.0,0.0,1.0,0.0,0.0,0.0,1.0,0.0,0.0,0.0,1.0,0.029898746093879987,0.1279371427194381,-0.09475001270251238,-0.02801874798879296,0.011670161039459035,0.004608587669875423
658,1,1.3952650661292132,6.5720404315863945,-4.69927743070339,-0.017981877815682612,0.565601470330807,-0.8244826431343786,0.9978500537395028,-0.04182633937430036,-0.05045619472985746,-0.06302318876646357,-0.8236173468876036,-0.5636333414406316,-0.029898746093879925,-0.12793714271943812,0.0947500127025122,0.0065299609446919475,-0.01997128102564577,-0.022598129955771123
659,0,0.0,0.0,0.0,1.0,0.0,0.0,0.0,1.0,0.0,0.0,0.0,1.0,-0.15969605035683826,0.10609221130332536,0.03121167110844831,0.0059338716219787604,0.006381154527972105,-0.030865385236795162
659,1,-6.86556100051273,4.148205710665717,1.120583473333922,-0.7177358305675865,0.6759611369077492,-0.167128151159045,0.3467809845230443,0.1388651952413219,-0.927609511768728,-0.6038196968406094,-0.7237354481721707,-0.3340789947996461,0.15969605035683807,-0.10609221130332547,-0.031211671108448233,0.0046533820735499346,0.028951722608445637,-0.035065095084475084
660,0,0.0,0.0,0.0,1.0,0.0,0.0,0.0,1.0,0.0,0.0,0.0,1.0,0.05520889606270777,0.013235723119030892,0.07274938191475513,0.057611339172137684,-0.03163940063188326,-0.0011710239824935277
660,1,5.586274783662127,2.459160894509329,6.003684121651986,-0.04030910062253579,-0.9268469314742781,0.3732692620933538,0.6398121545406587,-0.3108830159451852,-0.702845756406671,0.7674735065844569,0.21049113048663168,0.6055393469275283,-0.0552088960627078,-0.013235723119030896,-0.07274938191475504,0.04182799520404449,-0.04330186441990528,-0.06065814794057106
661,0,0.0,0.0,0.0,1.0,0.0,0.0,0.0,1.0,0.0,0.0,0.0,1.0,-0.0365836597350603,-0.6180498596670831,0.17362481405014188,-0.4979429426880713,0.03816906746068334,0.050686136057175285
661,1,-0.38578499913559516,-6.331416987505165,1.2643321115714048,-0.5538982614365824,0.8212837565105859,-0.1367103041814765,0.2263164256246903,-0.009498045637865715,-0.9740075269840193,-0.8012350413393035,-0.5704408632110093,-0.18060905323123522,0.03658365973506024,0.6180498596670829,-0.17362481405014188,0.18007212968787173,-0.017441114484270118,-0.04387817619142399
662,0,0.0,0.0,0.0,1.0,0.0,0.0,0.0,1.0,0.0,0.0,0.0,1.0,0.30827368344022726,-0.2985347694760218,-0.40631535732432306,0.3185183190154727,0.6443636601348907,0.0027834282252820614
662,1,4.518051212476677,-2.949119322891988,-3.437033966249919,-0.9333531928135521,0.24129302297358768,-0.26576210137831235,-0.32569779217674866,-0.25801500308697656,0.909587382472525,0.1509064797679018,0.9355244172368221,0.31940773177517867,-0.3082736834402275,0.2985347694760217,0.4063153573243232,-0.14631999033822427,0.13184281178712529,-0.4424429288502042
663,0,0.0,0.0,0.0,1.0,0.0,0.0,0.0,1.0,0.0,0.0,0.0,1.0,-0.035473356819190935,-0.058940844430811726,-0.045526902300024735,0.020243316622639024,0.011185368963724199,0.004030352842005803
663,1,-3.589637777431129,-6.698810779324051,-4.584501119252217,-0.29235885714641907,-0.1321053950548311,-0.9471401497378551,-0.9560218150996337,0.016117393725462392,0.29285238375860995,-0.02342194914266188,0.9911046333343949,-0.13100770237452886,0.035473356819191004,0.05894084443081178,0.04552690230002461,0.014518419991272423,-0.011982813308094713,-0.03008337607867731
664,0,0.0,0.0,0.0,1.0,0.0,0.0,0.0,1.0,0.0,0.0,0.0,1.0,0.036651184623688354,-0.01892264420391267,-0.02692839764405737,-0.0067296104047841225,-0.0018030969911002502,0.0009875525467730089
664,1,7.184305601160729,-3.485529876677356,-5.176165865053987,-0.47665619340949195,0.8016673206668115,-0.36073311500230815,0.17017402810390364,-0.31844189982747784,-0.9325425226729117,-0.8624614040310816,-0.5058895763001666,0.015364346636717374,-0.036651184623688285,0.018922644203912646,0.026928397644057335,0.002642599919339502,0.005552324252657398,-0.009184812268230886
665,0,0.0,0.0,0.0,1.0,0.0,0.0,0.0,1.0,0.0,0.0,0.0,1.0,0.003786365174691636,0.0017667424989749082,0.014449358338826948,0.04562810257816139,-0.013032539655606482,-7.117227770644594e-05
665,1,3.261768837802368,5.470748915214397,7.636842716516332,0.744183263354746,-0.28988489808750545,0.6017956600071799,-0.045731301121502255,0.8767004264066471,0.4788580274320747,-0.666408222218495,-0.38387902807941937,0.6391689707427803,-0.0037863651746916117,-0.0017667424989748735,-0.01444935833882701,0.01992837429426398,-0.0051820517938042125,-0.014880375266766091
666,0,0.0,0.0,0.0,1.0,0.0,0.0,0.0,1.0,0.0,0.0,0.0,1.0,-0.5405967848412152,0.09846186879905859,-0.44095982295466823,0.08808374470749966,-0.5107997998260474,0.056335027235581946
666,1,-5.59275527831076,0.16447641841448593,-3.595036055139277,-0.8200262758588774,-0.44351165467525777,-0.3617379148889922,-0.4006737859294063,-0.006449773605160303,0.9161980777590829,-0.408677653132658,0.8962453975266246,-0.1724145099529788,0.5405967848412149,-0.09846186879905872,0.4409598229546682,0.19336273133723997,-0.011915644730112807,-0.5180927406967896
667,0,0.0,0.0,0.0,1.0,0.0,0.0,0.0,1.0,0.0,0.0,0.0,1.0,-0.001417986349075754,0.0035352439483550234,-0.021555389622573168,0.05148077259382262,-0.04485651993379516,-0.000121472489396382
667,1,-3.9048283980646765,-2.881477849186884,-7.858395801887477,-0.6979806804191175,-0.5766240780339612,0.42465002342299496,0.6395377664761609,-0.7687245714093855,0.007347010421937056,0.3222024441439719,0.27670779884734154,0.9053277743694323,0.0014179863490758546,-0.0035352439483550303,0.021555389622573154,0.03841195133661567,-0.028170479623065965,-0.017768944729537793
668,0,0.0,0.0,0.0,1.0,0.0,0.0,0.0,1.0,0.0,0.0,0.0,1.0,0.02165012346783779,-0.018985083630269746,0.023382564554386982,-0.007514938965827043,0.02430616909495026,-4.539276554294154e-05
668,1,3.7727481745219063,-5.524526775170692,6.8616362264794795,0.03909131965764501,-0.17238362346540925,0.9842539078349446,-0.7634460557210409,-0.6406598523107483,-0.0818845140496986,0.6446875124674039,-0.7482237900508817,-0.15664983648406672,-0.021650123467837748,0.018985083630269815,-0.02338256455438695,0.008606072613159994,0.036032574661514695,0.04802613994011847
669,0,0.0,0.0,0.0,1.0,0.0,0.0,0.0,1.0,0.0,0.0,0.0,1.0,-0.004066212107291639,-0.05463107618288164,-0.055371559542045735,-0.007741645533218471,0.033167531018868525,0.0017360601487755797
669,1,1.0038784592357737,-5.315946633619825,-6.737913616736254,-0.7230487876027469,-0.30283107765251,0.6208814614352864,0.5100745866466994,0.3720790414012105,0.775487654967605,-0.46585874125468174,0.8774112635234265,-0.114564863020159,0.0040662121072916665,0.05463107618288149,0.05537155954204564,-0.06600557103055729,0.04981657078594089,-0.07819478729698029
670,0,0.0,0.0,0.0,1.0,0.0,0.0,0.0,1.0,0.0,0.0,0.0,1.0,-0.014838835880473087,-0.0532848964225528,-0.09223858388253171,0.2204285719083374,0.011305763072757768,0.0025396200411581804
670,1,-0.5715052790761606,-6.040287290244853,-4.868548879938585,-0.47584822078716793,0.7776683329308554,0.41085330074155507,-0.40997964119936725,-0.6093976447159002,0.678639229942354,0.7781292724064071,0.15448778130084456,0.6088089690970542,0.0148388358804731,0.05328489642255248,0.09223858388253181,0.07729885119184016,0.0082229971093359,-0.06171785221149405
671,0,0.0,0.0,0.0,1.0,0.0,0.0,0.0,1.0,0.0,0.0,0.0,1.0,0.04719441776482754,-0.04423445757829926,0.04737537348899226,0.013212583208544256,-0.04953758697022127,-0.005861322455154576
671,1,6.002919132830434,-4.326908868056335,4.714957071890862,0.7230813266671076,-0.6463371289750305,-0.24372466172640497,0.012748018997111754,0.36526015989592975,-0.9308181904133852,0.6906452657022888,0.6699502453922341,0.2723523189949011,-0.04719441776482773,0.0442344575782993,-0.04737537348899212,-0.009637938305486978,-0.012333295177791845,-0.05546860452260678
672,0,0.0,0.0,0.0,1.0,0.0,0.0,0.0,1.0,0.0,0.0,0.0,1.0,0.041159720105834255,-0.07537204419256288,-0.006253805583655743,-0.03780608339604541,-0.021667704221425978,-0.0029517653938645303
672,1,4.2538138535754175,-7.692626884027138,-1.2173411923157673,0.7785344699949355,0.44838299578622115,-0.43913183455481636,-0.21543366200349962,0.8481126137998661,0.4840385641550897,0.5894679094789359,-0.2822369277811333,0.7568816950430235,-0.04115972010583442,0.07537204419256285,0.0062538055836557326,-0.005839217788296533,-0.0018351936982714716,-0.0010405109395850137
673,0,0.0,0.0,0.0,1.0,0.0,0.0,0.0,1.0,0.0,0.0,0.0,1.0,-0.10307567814290808,-0.00557185474188799,-0.049579287405876984,0.022204315593588035,-0.13016609790683925,0.009520254099478487
673,1,-7.931894008048538,-0.552455687044133,-2.2216968942251487,-0.32114320072468905,-0.1661213350965653,-0.9323469025282575,-0.9464304938385784,0.09134051499660933,0.30971960004594223,0.03371001276721819,0.9818658830746124,-0.18655568255441857,0.10307567814290822,0.005571854741887996,0.049579287405876936,-0.007192928681742037,-0.034088640790902236,-0.022269637444560637
674,0,0.0,0.0,0.0,1.0,0.0,0.0,0.0,1.0,0.0,0.0,0.0,1.0,-0.1999532895310461,0.11354161303092059,-0.21864875593377073,-0.2190864390878527,-0.4340274700600289,-0.005214337522782511
674,1,-4.971532177345259,2.6711530729997195,-3.852061563082372,-0.030310618313853066,0.52155216334284,0.8526808355591413,-0.05296431011290917,0.8510362692354265,-0.5224289906773073,-0.998136287423564,-0.06099679793440013,0.0018282149913084744,0.19995328953104613,-0.11354161303092061,0.21864875593377073,0.07241142613457677,0.11724052541320114,-0.025155601340866987
675,0,0.0,0.0,0.0,1.0,0.0,0.0,0.0,1.0,0.0,0.0,0.0,1.0,0.10501421071103201,-0.1110240283830806,-0.34680629253170003,-0.07850541814048327,0.036193507985954734,-0.0006001501349957201
675,1,1.0887715803484006,-0.17264039696535693,-6.4559386006532185,-0.14573423141873465,-0.8499788139416606,-0.5062583822941783,0.45231552705140915,-0.5123522007192503,0.7300040317740355,-0.8798705574009148,-0.12260195050841843,0.4591258693980712,-0.10501421071103204,0.11102402838308052,0.34680629253169976,-0.5783861162851087,-0.3365659693379285,-0.10214996168014065
676,0,0.0,0.0,0.0,1.0,0.0,0.0,0.0,1.0,0.0,0.0,0.0,1.0,-0.40624994427152616,-0.10103042102855979,1.0558796960225656,-0.08775807935031368,0.5774189549835083,0.003860758266118147
676,1,-2.7592484222232447,-0.5439835022746993,5.227052269592407,0.5615149055756804,0.09218872534709767,0.8223151766416646,-0.32602953233017556,0.9380332637318852,0.1174663363737645,-0.7605299171399517,-0.33405813124572314,0.5567759065222861,0.4062499442715264,0.10103042102855976,-1.0558796960225656,0.04146823586242343,0.2125257370980456,0.053914004069759325
677,0,0.0,0.0,0.0,1.0,0.0,0.0,0.0,1.0,0.0,0.0,0.0,1.0,-0.1342055237250553,-0.1134455717805719,0.9022427780657897,0.15132594649254305,-0.11750148671760995,-0.00020191005677633322
677,1,0.25594154402763203,0.5173900118749121,5.725026193547421,-0.7531469295770554,0.21710475661872608,-0.6209953519328284,0.21626503374672912,-0.8097961957073145,-0.545398530064472,-0.6212882886769875,-0.5450648090562117,0.5629433508634201,0.13420552372505526,0.11344557178057178,-0.9022427780657893,0.964964325150707,-0.8817500616330207,0.040603072765944284
678,0,0.0,0.0,0.0,1.0,0.0,0.0,0.0,1.0,0.0,0.0,0.0,1.0,0.017203164037358998,-0.24577145000405737,-0.01864630823868215,0.06619843134669318,0.025416195380577287,-0.051255328057905725
678,1,1.1002876359244749,-7.730074105716417,-0.3292998769680622,-0.5815166937463583,-0.3735475575653715,0.7227036440556039,0.40197519186459274,0.6403978696956638,0.6544513072908322,-0.7072865614584568,0.6710832964142386,-0.2222452007447433,-0.017203164037358974,0.2457714500040573,0.01864630823868215,-0.002993595112247893,-0.01056489277088236,-0.08618222678320828
679,0,0.0,0.0,0.0,1.0,0.0,0.0,0.0,1.0,0.0,0.0,0.0,1.0,-1.0111400053784083,-0.3195620009333995,-0.35225554444194007,0.025263727486882156,-0.4318092273598195,0.18381205465408368
679,1,-5.755667981458288,-1.2603546164953168,-1.066073588269803,0.7091438058629521,-0.40235748837907725,-0.5789848997612015,-0.7046193403112495,-0.4335862370768355,-0.5617068276929612,-0.025032935615849128,0.8062948756893046,-0.5909838623614201,1.0111400053784088,0.3195620009333995,0.3522555444419404,0.07802656512684102,-0.5177070772989044,0.38108574850725063
680,0,0.0,0.0,0.0,1.0,0.0,0.0,0.0,1.0,0.0,0.0,0.0,1.0,0.002166499603984533,-0.1562999135498931,-0.3118348484318284,0.6035738978282509,0.14294452871911917,-0.01208153173239503
680,1,0.7923354538894141,-4.665454306158411,-4.338617689681445,-0.7605325986147311,-0.6439209460458459,-0.08340252806567941,-0.4445720889475442,0.6100370621987595,-0.655904292159095,0.47322914552375217,-0.4617581596326472,-0.7502223522659994,-0.0021664996039845045,0.15629991354989323,0.3118348484318285,0.173151768775031,0.09473366394511444,-0.1016527263063359
681,0,0.0,0.0,0.0,1.0,0.0,0.0,0.0,1.0,0.0,0.0,0.0,1.0,0.04868464065465285,-0.03996617646766761,0.003406097985627214,-0.007230138434672743,-0.004019448939513228,0.007843156449188001
681,1,7.082744479566784,-5.945087808288231,0.30967064926194215,0.22398541439730812,0.15486769031778158,-0.9622091937998211,-0.8193281611567016,-0.5047171408315894,-0.27195950449720135,-0.5277612134979645,0.849280051718172,0.013838181988065523,-0.048684640654652854,0.039966176467667716,-0.003406097985627198,-0.0006430613582547352,-0.005028868484440712,-0.0014789085880830034
682,0,0.0,0.0,0.0,1.0,0.0,0.0,0.0,1.0,0.0,0.0,0.0,1.0,0.04487864192324394,0.08112447204849652,0.12145004365170034,0.0023969106954789335,0.0012551193583711547,-7.158401845764814e-05
682,1,1.9409223548528327,3.6425349096087065,6.946120651180637,0.6081382904327158,0.6032014596404569,-0.5160579606954979,-0.6652900895478138,0.03261787405358696,-0.7458720875871989,-0.43307841837135647,0.79692162310973,0.4211401312640696,-0.04487864192324387,-0.08112447204849642,-0.12145004365170076,-0.12351125753284553,0.0747522373801755,-0.005944134558226663
683,0,0.0,0.0,0.0,1.0,0.0,0.0,0.0,1.0,0.0,0.0,0.0,1.0,0.04398637719564214,0.045599909635295206,-0.002578873860723708,-0.008321136887203333,-0.01225913358764414,-0.0005304448008610005
683,1,6.249961903440962,6.607670318495237,-0.5445848191455106,0.4012791183459432,0.8724865350593941,-0.2788230896456662,0.9154222926033307,-0.37162424281999185,0.1545879955020112,0.031258524987025596,-0.31727380649609344,-0.947818672704392,-0.04398637719564214,-0.04559990963529525,0.002578873860723702,0.016113807164344938,0.004422683700992101,-0.00511933619197316
684,0,0.0,0.0,0.0,1.0,0.0,0.0,0.0,1.0,0.0,0.0,0.0,1.0,-0.010755392238165531,0.042965309013353874,-0.10241754426632238,-0.01828458978613268,-0.12515616232965085,0.0006941102705778357
684,1,-3.314447559390987,2.7325065413158023,-6.657063178751387,0.9225468617273274,0.09022772716008327,-0.37518827962582346,-0.3231800780331639,0.7119428121153322,-0.6234517378593076,0.21085996556847297,0.6964168216871547,0.6859604109506787,0.01075539223816562,-0.04296530901335384,0.10241754426632221,0.024450756729378874,-0.14270209166095976,-0.11371119422316363
685,0,0.0,0.0,0.0,1.0,0.0,0.0,0.0,1.0,0.0,0.0,0.0,1.0,0.07185150180714589,0.13737329237173596,0.05989484227963614,0.14694882701096862,-0.05824212234597834,0.012898217174195536
685,1,3.42145237653789,6.879411295375709,1.769208682533119,0.4198561267195131,-0.5083770393815146,0.7518468053305634,-0.33124843941847515,0.6854190431314215,0.64844059611936,-0.8449824283610357,-0.5212998380418818,0.11937828369764214,-0.07185150180714583,-0.1373732923717362,-0.05989484227963617,0.022050405890070658,-0.019564927263798274,-0.03717807263787275
686,0,0.0,0.0,0.0,1.0,0.0,0.0,0.0,1.0,0.0,0.0,0.0,1.0,-0.1272039982915132,-0.20206159569786342,1.071737070923459,0.29429503804723145,0.25470238050762534,0.00020726345408981356
686,1,-0.9472709527473829,0.7546900481316823,5.375313250389514,-0.8765596474594215,-0.4803545948400583,-0.03004409529106139,0.32684899470239265,-0.5482942211742219,-0.769768264927172,0.35328871919132976,-0.6845676812726387,0.6376160056406621,0.12720399829151302,0.20206159569786342,-1.071737070923459,1.6006786363420764,0.07676167824183339,0.2871994084094462
687,0,0.0,0.0,0.0,1.0,0.0,0.0,0.0,1.0,0.0,0.0,0.0,1.0,0.07001648840941745,-0.06911295569397695,0.015415024880899594,-0.031127123038824173,-0.036456432228689016,0.017164969660202586
687,1,5.963756976346245,-6.05501420777021,0.7334882663032749,-0.8061858180649777,-0.5134237117853332,0.29404169589953305,-0.26547149348010657,-0.13024882790675552,-0.9552801311543949,0.5287620569786982,-0.8481929821717976,-0.03129460167774001,-0.07001648840941761,0.06911295569397694,-0.015415024880899625,-0.011517529577084101,-0.004118757249259811,-0.005387009238865085
688,0,0.0,0.0,0.0,1.0,0.0,0.0,0.0,1.0,0.0,0.0,0.0,1.0,0.022263672673290477,0.0511532664276612,0.09026997051551114,0.07856700283402494,0.05893117886757502,-0.0015831575937452318
688,1,0.08713714906896787,5.126197078548137,6.419348930990995,0.4772107289951282,-0.35510735464403603,0.8038461835510903,0.45381251003716333,0.8828960285070113,0.12061844212356594,-0.75254509889156,0.30723503954507103,0.5824796173344016,-0.022263672673290484,-0.051153266427661236,-0.09026997051551117,0.055803990144110444,0.07612123663038442,-0.10808746641975685
689,0,0.0,0.0,0.0,1.0,0.0,0.0,0.0,1.0,0.0,0.0,0.0,1.0,-0.027485277529094004,-0.015037717264902353,-0.009178084893181922,-0.006837376803877074,0.01338911933324763,0.00046963176687293134
689,1,-7.505298153693033,-4.107663874399933,-4.539146279259923,-0.7150508843529959,0.38848522015691805,-0.5811896992425355,-0.26799702900984596,-0.9201887508502287,-0.2853598697269663,-0.645662315167839,-0.048289714518997606,0.762094664883425,0.02748527752909396,0.01503771726490229,0.009178084893181957,-0.023720533815767667,0.042486312294129545,-0.0005073617269596218
690,0,0.0,0.0,0.0,1.0,0.0,0.0,0.0,1.0,0.0,0.0,0.0,1.0,-0.3640433587350542,0.009345142907887672,0.7489278939924111,0.42280495946053887,0.2483626341066043,-0.009356004013998942
690,1,-1.342500589336305,1.2814453491802063,5.045396153633896,0.11037748930605806,0.6223340009059253,-0.7749304492474886,-0.9937818399655716,0.05761795010650306,-0.09527762791005823,-0.01464460341334095,0.7806283130542653,0.6248239531651438,0.36404335873505406,-0.009345142907887613,-0.7489278939924113,0.4897552590847464,-1.0796694569692014,0.4633118131037039
691,0,0.0,0.0,0.0,1.0,0.0,0.0,0.0,1.0,0.0,0.0,0.0,1.0,0.14000067103718417,0.031035446896861482,-0.03805308303890048,-0.044955307459391414,0.018750136774992397,-0.008786913010603402
691,1,7.812115992752099,2.228680023560153,-2.0354316221960063,-0.763283087577453,0.43000122121796225,0.4821803376012872,-0.617625617440694,-0.26666258925467434,-0.739884896570402,-0.18957195177354624,-0.8625485570349382,0.4691188142227024,-0.14000067103718417,-0.031035446896861472,0.03805308303890052,0.02331769147857477,-0.006436831151018988,-0.06077727476980539
692,0,0.0,0.0,0.0,1.0,0.0,0.0,0.0,1.0,0.0,0.0,0.0,1.0,0.04137866600267108,0.034038800980378134,-0.07005368492146463,-0.06251103479911342,0.14913006911920298,-0.0001543500871332877
692,1,4.924841046962447,3.0387037400756824,-5.249708006347165,-0.7036867934303768,0.01806510364113545,0.7102806127032533,0.6982507557099598,0.20248641104368026,0.6866186244875098,-0.13141833548688725,0.9791184327613717,-0.1551009855699541,-0.04137866600267122,-0.03403880098037826,0.07005368492146455,0.02833240645532432,-0.02135272033318805,0.04205252720302586
693,0,0.0,0.0,0.0,1.0,0.0,0.0,0.0,1.0,0.0,0.0,0.0,1.0,0.06134110085962554,0.0025461495072817177,-0.11902157708159944,0.06590627052423982,-0.04582684599482409,-0.00026969823458602993
693,1,1.2508909771009658,-1.3321394188977462,-7.296758450323192,0.521340995477859,-0.13008852457622364,0.8433744970105133,-0.49564194444307585,-0.8506786155390287,0.17517121902095684,0.6946528840671735,-0.5093357132954477,-0.5079709655275342,-0.06134110085962559,-0.0025461495072817263,0.11902157708159941,0.11122570193858003,-0.2528813332030762,0.08516955213328453
694,0,0.0,0.0,0.0,1.0,0.0,0.0,0.0,1.0,0.0,0.0,0.0,1.0,-0.1282413223587116,0.009881127625906505,-0.26227463237885174,-0.06793630826693632,-0.26434984118099175,-0.0037042433271885777
694,1,-4.702150443278177,0.8346112395807659,-5.41491503545646,0.9632148636035126,0.18160353660325368,0.19808402769142497,0.23148875371790867,-0.9350919993245075,-0.2683578016406916,0.1364920636352016,0.304340448005989,-0.9427336889451432,0.1282413223587115,-0.009881127625906448,0.2622746323788516,-0.097455581224581,-0.27448907311284015,0.06427334370022517
695,0,0.0,0.0,0.0,1.0,0.0,0.0,0.0,1.0,0.0,0.0,0.0,1.0,-0.10509548883430675,-0.03366937226994023,0.06145161965867389,-0.08989352888616663,0.1048125585605538,-0.0032603769645879153
695,1,-7.038114653847916,-2.8946996032937564,2.9659876285422344,-0.04572435579848544,-0.3608872457106864,0.9314878846072923,0.2517970312980994,-0.9065189487676082,-0.3388534352116482,0.9666993008771019,0.2190520289991063,0.13232033205481752,0.10509548883430689,0.033669372269940274,-0.06145161965867379,0.011872491451870325,0.015979066563694917,-0.0639905905131158
696,0,0.0,0.0,0.0,1.0,0.0,0.0,0.0,1.0,0.0,0.0,0.0,1.0,-0.03316963685489519,0.0727880436341761,0.03675757602977883,-0.01483446153964442,-0.0021427262835623795,-0.006401910843322103
696,1,-3.7176891051210186,7.007797305928205,4.041052287688986,-0.7822020893760375,0.24147972928212802,-0.5743234556603024,0.06362196139606528,-0.8860521218831083,-0.45919917610396344,-0.6197678092672115,-0.39572613971314985,0.6777084070187192,0.0331696368548952,-0.07278804363417649,-0.036757576029778916,-0.021716186430714275,0.004755729325841851,-0.03175531416817748
697,0,0.0,0.0,0.0,1.0,0.0,0.0,0.0,1.0,0.0,0.0,0.0,1.0,0.38723782253937794,-0.6275356935045525,0.26193024144732774,-0.4047405111880937,-0.2688385499713965,0.03438013785732724
697,1,3.4137749574589846,-5.158111938251237,1.214524047121402,-0.34420852552858916,0.8830156179460209,0.31906724905079376,-0.5036415202901658,0.11315094247128787,-0.8564707136018543,-0.7923797763656293,-0.45550003587405574,0.4057758091920821,-0.3872378225393778,0.6275356935045527,-0.26193024144732785,-0.18416780402211214,-0.15502270145367245,-0.1792297378720477
698,0,0.0,0.0,0.0,1.0,0.0,0.0,0.0,1.0,0.0,0.0,0.0,1.0,-0.04556410331688587,-0.0351397360724985,-0.092290883947841,-0.055405301046654906,-0.1394227909748046,-0.0012726391361523835
698,1,-4.80957756526275,-0.6336545736769603,-6.062966654871377,-0.8447619210395478,-0.22379584910123682,-0.48609949052290624,0.2587199703140772,0.6243479012361388,-0.7370574436112233,0.46844559312929357,-0.7484017077392896,-0.46952487700936474,0.045564103316885755,0.03513973607249853,0.09229088394784078,-0.09916520629964563,-0.02820373486960467,0.14140802293746113
699,0,0.0,0.0,0.0,1.0,0.0,0.0,0.0,1.0,0.0,0.0,0.0,1.0,0.14673217753822407,0.40833785410490364,0.4942079053999213,0.30253513926939113,-0.11320070255761336,0.008608904885302096
699,1,1.5957852834325068,4.568828832721513,4.7770099382286535,0.5545861353151714,0.6146129615127575,-0.5609680258773222,-0.8313752188509277,0.38061395396277975,-0.4049052525337145,-0.03534775801595469,0.6909297544536179,0.7220572071615301,-0.14673217753822426,-0.4083378541049038,-0.4942079053999212,0.0047822010665870655,0.025492070522442796,-0.027383570060937314
700,0,0.0,0.0,0.0,1.0,0.0,0.0,0.0,1.0,0.0,0.0,0.0,1.0,-0.1995369566594502,0.051006649452119336,0.12130881419062803,-0.028196533023131798,0.06216110689093991,0.014599174747198726
700,1,-6.502241719255154,1.1835493457806812,4.082397976951499,-0.32747861121160016,-0.9066840881598905,-0.26586034581447004,-0.4485498170157673,-0.09846632100017372,0.888317198574818,-0.831601359338742,0.4101564919714897,-0.3744473677829745,0.19953695665945004,-0.051006649452119385,-0.12130881419062797,-0.03645794183852714,-0.08797114254086547,-0.11009490426083192
701,0,0.0,0.0,0.0,1.0,0.0,0.0,0.0,1.0,0.0,0.0,0.0,1.0,0.010719858118239858,-0.010511668553697328,0.025394464133982823,-0.022401401799616402,-0.07118962420271482,-9.718399032250351e-05
701,1,6.245748921960879,-3.979929629481081,5.813045118045017,-0.8368108585208036,0.334961746662071,-0.43306837258655817,-0.13039976240174947,0.646301008587864,0.7518583033151107,0.5317362965110081,0.6856352051721122,-0.49715276968086264,-0.010719858118240014,0.010511668553697392,-0.025394464133982837,-0.017561974863438704,-0.0251028038855131,-0.022891777598326123
702,0,0.0,0.0,0.0,1.0,0.0,0.0,0.0,1.0,0.0,0.0,0.0,1.0,-0.125117648589919,0.4645356615738477,0.44603582737041747,0.9645682213190772,0.260183179320185,-0.07539375285969252
702,1,-1.2920182108693372,5.097698868951387,3.1452763041516723,-0.8735771053690577,0.27771015366807217,-0.39967500738058875,-0.4314245673030369,-0.061802911734089916,0.900029578863148,0.2252462734484308,0.9586748513708097,0.1738005916179537,0.12511764858991903,-0.4645356615738479,-0.44603582737041747,-0.15190489740274993,-0.07742634299848192,0.11301731421073313
703,0,0.0,0.0,0.0,1.0,0.0,0.0,0.0,1.0,0.0,0.0,0.0,1.0,-0.0032158815916687846,-0.20595524509604574,0.10482728108853294,-0.008211732798909473,-0.0047332264392458,-0.0028233611125635825
703,1,-0.13122241363053,-6.972959328698913,3.654445607518562,0.4578615710540669,-0.8602958425127308,-0.22417369405711313,0.8875456019952818,0.42779627833142075,0.17103551860540106,-0.05124047356079585,-0.2772749674981426,0.959423267524907,0.0032158815916687785,0.20595524509604593,-0.1048272810885329,0.029907606017134984,0.006736650921035238,0.007425093929316305
704,0,0.0,0.0,0.0,1.0,0.0,0.0,0.0,1.0,0.0,0.0,0.0,1.0,-0.019295916351486718,-0.04689743571105149,0.019638713961471575,0.027355394536342434,-0.011533563295616705,-0.00019108377273235368
704,1,-2.9232371749701755,-7.681686195310525,4.683097711756897,-0.5539513799052518,-0.7246111140136263,-0.4099714650423836,-0.7395065393593029,0.6544599629546743,-0.1575189992800683,0.3824499273707538,0.21591871233706822,-0.8983936568769879,0.019295916351486704,0.04689743571105154,-0.019638713961471654,0.04141144139786117,-0.02142247969550365,-0.01094176300902978
705,0,0.0,0.0,0.0,1.0,0.0,0.0,0.0,1.0,0.0,0.0,0.0,1.0,-0.033827554004839756,-0.055789030276154956,0.11757482586417539,-0.016371919228669568,0.011669973022590726,-0.0002396172314906072
705,1,-2.2668189211753815,-3.172717638903226,7.243770485011706,0.475152957428304,-0.8772620199385152,0.06812499849931952,0.3722432629984821,0.2705639129856492,0.8878232493813939,-0.7972857832668152,-0.39649277088402257,0.45511412023505793,0.03382755400483976,0.05578903027615489,-0.11757482586417539,0.04746312622026097,0.00981182961982538,0.019377969383398252
706,0,0.0,0.0,0.0,1.0,0.0,0.0,0.0,1.0,0.0,0.0,0.0,1.0,-0.6073888735469288,0.2012067636334785,0.05657523630429505,-0.0006053522652996121,0.22785447373872553,-0.12852163043801126
706,1,-6.680979030218698,1.5213759668306512,0.4916821827914838,-0.8752954017630685,-0.09042795952418264,-0.47505867404850305,-0.4735635584703856,0.35927062252265773,0.804153079880347,0.09795670340152723,0.9288419692975091,-0.3572913101801254,0.6073888735469288,-0.2012067636334784,-0.05657523630429504,-0.012252223639299752,-0.14851879350887748,-0.2916697034007894
707,0,0.0,0.0,0.0,1.0,0.0,0.0,0.0,1.0,0.0,0.0,0.0,1.0,-0.012175634582888728,0.014054017468954058,-0.06945742689023227,-0.022536715177167866,0.016026442395278718,-6.168859003670771e-05
707,1,-0.7407422091307263,2.644116581094846,-8.436277890946135,-0.7057622675675592,-0.2777713542423157,-0.6517228678205843,0.3197274267836041,0.6960319901806705,-0.6428948912594268,0.6321977493160126,-0.6621046317671588,-0.4024219953633785,0.012175634582888718,-0.014054017468954103,0.06945742689023215,-0.0425532220911703,0.035240546609378094,0.021845081928889745
708,0,0.0,0.0,0.0,1.0,0.0,0.0,0.0,1.0,0.0,0.0,0.0,1.0,0.10631242354077636,-0.13785132208808812,-0.1318674400438809,0.10562206641094044,0.012325050731101243,-0.009137742668976403
708,1,3.4536330326196354,-5.574131129702845,-4.2939097902812815,0.11976595543989832,0.19781582319097066,-0.972895172160314,-0.34717091918186593,-0.9097361200765048,-0.22771153836063246,-0.930122824573178,0.3650330011429462,-0.0402795144532222,-0.10631242354077633,0.13785132208808804,0.13186744004388096,0.0375031946146198,-0.01339926013883546,0.12564925264806168
709,0,0.0,0.0,0.0,1.0,0.0,0.0,0.0,1.0,0.0,0.0,0.0,1.0,0.2734682376765169,0.16976869377136772,0.2982581822354364,0.09431571718508813,-0.20883943172764932,0.00487894828244779
709,1,5.127282525636508,2.8882555010376008,4.104846903901361,0.249655169029524,-0.9295790878599757,-0.2712102800231873,0.9674751320944464,0.227651216568029,0.11030318387938819,-0.040794182865618436,-0.2899269615067082,0.9561789537716328,-0.2734682376765169,-0.16976869377136777,-0.29825818223543676,0.07025562137910862,-0.19786928543440066,0.07572696686336448
710,0,0.0,0.0,0.0,1.0,0.0,0.0,0.0,1.0,0.0,0.0,0.0,1.0,-0.07348200190913753,0.1630406309345923,0.1645080371451948,0.07968756770177156,0.08760580513804286,0.013814653818263273
710,1,-2.884731507709954,5.318592513176269,4.771847517720428,-0.6505321189940538,0.10209106923640361,0.7525857929427543,0.32470676719930086,-0.8584056781752618,0.39712114903571694,0.6865664406975377,0.5027097624461225,0.5252708037282081,0.07348200190913745,-0.16304063093459256,-0.1645080371451946,0.01725861700317744,0.036310804478974106,-0.09332227370504864
711,0,0.0,0.0,0.0,1.0,0.0,0.0,0.0,1.0,0.0,0.0,0.0,1.0,0.05538944763076291,-0.08984424999190069,0.026451684891975146,-0.072709825916152,-0.0366840270782469,-0.00031738040575174375
711,1,4.282348145486602,-7.11619887168863,1.159004626942965,0.6438877971601825,0.18302967611982235,0.7429055406494696,0.7093168248228113,0.2212179583960696,-0.669277414011828,-0.2868416753045011,0.9578949590338952,0.01261351521025822,-0.05538944763076281,0.08984424999190074,-0.02645168489197512,-0.011395722821550866,-0.012394670576029554,0.009735347803790961
712,0,0.0,0.0,0.0,1.0,0.0,0.0,0.0,1.0,0.0,0.0,0.0,1.0,-0.009003030399142041,0.009182638448467135,-0.027729631152255012,-0.011718547325447195,0.022782282392950264,1.3366745993715484e-05
712,1,-0.8740521148069567,4.079490213692722,-8.976533035253595,-0.39553491560233756,-0.24257376064969965,0.8858386428598121,0.7491750535737411,-0.6431545214590255,0.15839507766844818,0.5313086387799785,0.7262989963996053,0.4361202794948802,0.00900303039914203,-0.00918263844846718,0.02772963115225488,-0.018975954206030893,0.03379657465089552,0.028688303105494216
713,0,0.0,0.0,0.0,1.0,0.0,0.0,0.0,1.0,0.0,0.0,0.0,1.0,-0.008564128970741117,-0.0012383650562464857,0.020191819733172103,0.00778200307304899,0.05910523390176204,6.287079792157563e-05
713,1,-7.40339675788875,0.010740443556504551,6.638029072222821,0.16920475411242752,-0.7443167680996718,-0.6460358348508327,0.9085521252826627,0.3718383894524816,-0.19044486806879685,0.3819722330616583,-0.5547330536889288,0.7391674047973478,0.00856412897074113,0.0012383650562464853,-0.020191819733172158,0.0006551692724872469,0.03353388176063392,0.00919721958839717
714,0,0.0,0.0,0.0,1.0,0.0,0.0,0.0,1.0,0.0,0.0,0.0,1.0,0.13647376591309668,-0.17463720059814383,-0.18819626987255011,0.09149510855034006,0.024656020047612595,0.01585296068446843
714,1,3.109327987043932,-4.942963376879719,-4.808976352615699,-0.46012134041311925,-0.015392746446315907,0.8877226005083312,0.1248745550985815,-0.991032921447486,0.04754044694986033,0.8790305441708872,0.13272833896384217,0.4579175585741756,-0.1364737659130965,0.17463720059814358,0.18819626987255,-0.0010740068684303439,-0.09579120410411163,0.11572753073001005
715,0,0.0,0.0,0.0,1.0,0.0,0.0,0.0,1.0,0.0,0.0,0.0,1.0,0.8289827640892468,-0.39737011652324516,0.14374925713012154,-0.17196353623055208,-0.31549046993290236,-0.021679645947800835
715,1,5.310646507760024,-2.827473584428828,0.6605158433060393,0.07444631443749028,-0.029656970409054906,0.9967839336450156,0.66069454336159,-0.7472345196020886,-0.07157718272785007,0.7469541261944367,0.6638983633216702,-0.03603465748294554,-0.8289827640892469,0.39737011652324494,-0.1437492571301215,0.027985566533836326,0.09964522907030582,0.25531429175457443
716,0,0.0,0.0,0.0,1.0,0.0,0.0,0.0,1.0,0.0,0.0,0.0,1.0,-0.04903829131249125,-0.028062205801427226,-0.05538073419573205,0.04849690950231465,-0.015451515983573976,-0.003890869527711659
716,1,-5.666541911018155,-4.101462955705934,-5.415333525258994,0.850698437902033,0.1872732756854175,0.49116279171481897,0.11000651608846143,0.8502674322312138,-0.5147269762748183,-0.514014332649509,0.4919085422118546,0.7027198957834395,0.04903829131249119,0.028062205801427306,0.05538073419573182,0.02667891639208997,-0.032807032433546046,-0.0382222004121832
717,0,0.0,0.0,0.0,1.0,0.0,0.0,0.0,1.0,0.0,0.0,0.0,1.0,-0.0991942940241279,-0.10752875269927223,-0.10438828397428099,0.1069929703641492,-0.007519510919515158,0.010809120449633836
717,1,-3.8808316788189967,-5.47146778062013,-4.26124287363959,0.12611164082719717,0.10770699530687017,0.9861516400685232,0.9846962993438548,-0.13413004815881413,-0.11127591041834695,0.1202873730130879,0.9850930582147457,-0.12297404014966018,0.09919429402412785,0.10752875269927198,0.10438828397428104,0.005958030924226313,0.02509713009059776,-0.1362465143647806
718,0,0.0,0.0,0.0,1.0,0.0,0.0,0.0,1.0,0.0,0.0,0.0,1.0,-0.03116440180330272,-0.007225048710655088,0.06504325102896394,0.04977277267183571,0.09078198424634526,-0.001486753099394715
718,1,-5.608722627885789,0.702780292616502,6.376022412836681,-0.9726092016438312,0.02090296592977256,-0.23150465846951607,0.10912396516532127,-0.8383170099073654,-0.5341503076162845,-0.20523961874927132,-0.5447822105349186,0.8130738232044747,0.031164401803302717,0.007225048710655071,-0.06504325102896359,0.042005414832001896,0.07532264521055326,0.06391177470896636
719,0,0.0,0.0,0.0,1.0,0.0,0.0,0.0,1.0,0.0,0.0,0.0,1.0,0.011031359677394456,-0.01632895824973123,-0.04599413994587971,0.038813275898223656,0.09723815467362076,0.0006118700118426853
719,1,4.927015405821071,-3.662443135279025,-6.227497029996155,0.6549333864621123,-0.7494485199819707,0.09689775639354603,-0.5731151949169111,-0.5761784671575978,-0.5827154943360194,0.492545665550536,0.3261062555069344,-0.806878849311732,-0.011031359677394579,0.016328958249731254,0.045994139945879406,0.027949107206492914,0.06067792178942402,-0.040663171346009955
720,0,0.0,0.0,0.0,1.0,0.0,0.0,0.0,1.0,0.0,0.0,0.0,1.0,0.05862596454643368,-0.04766455755839703,-0.12347193648969972,0.006317791399147725,0.24518029525964669,-0.004453100659767895
720,1,4.611029424380706,-1.4598011028486746,-5.412785998149382,-0.5414746255449303,-0.5723631951573638,-0.6157967219141646,0.04751214322480135,-0.7521285648066962,0.6573014667928296,-0.8393734723811347,0.3266542435528319,0.4344527350952734,-0.058625964546433575,0.047664557558397005,0.12347193648970015,-0.08407137210069943,0.006822636954686011,-0.12974732904163744
721,0,0.0,0.0,0.0,1.0,0.0,0.0,0.0,1.0,0.0,0.0,0.0,1.0,-0.11731536785152302,0.06391024525583101,0.8584195478742513,0.06539429687135746,0.14585782390805913,-0.0005691148155213127
721,1,-0.9600192355617195,0.42235676039610565,6.122451647516312,0.8299171863586327,0.31653804481849507,0.4593921309394132,0.3831667943193629,0.2750955044715587,-0.8817628202360097,-0.40548818912219087,0.9078139289535179,0.10701961913772307,0.11731536785152304,-0.06391024525583099,-0.8584195478742515,-0.09412238393023249,-0.04001621294812241,-0.011237011269096998
722,0,0.0,0.0,0.0,1.0,0.0,0.0,0.0,1.0,0.0,0.0,0.0,1.0,-0.008105446571311908,-0.00014296979523652914,0.025752046562799273,0.06304692679594807,0.025893772994807787,0.00028427951866523936
722,1,-3.9233972447695673,4.038012790767371,7.4127797390536845,0.3225938240698363,0.7206759282307147,0.6136443849175164,0.9081307622741552,-0.41845146410254275,0.014031778283580598,0.26689275614628627,0.5527427780253991,-0.7894578380492545,0.008105446571311795,0.00014296979523652914,-0.025752046562799287,0.041999970214498264,0.015057845417053989,0.03300654471188989
723,0,0.0,0.0,0.0,1.0,0.0,0.0,0.0,1.0,0.0,0.0,0.0,1.0,0.015255998266528487,0.016819510741854636,0.02427363022932784,-0.02423684103066221,0.002710517005276144,-0.00027531213328789265
723,1,4.362854150442566,2.5295067607057615,8.284681574877421,-0.9411764016231754,0.12333245847247674,0.3146046498619913,0.3202035689250309,0.028040486007401055,0.9469336859527925,0.10796599221664364,0.9919691708070385,-0.06588253708739611,-0.015255998266528566,-0.01681951074185465,-0.024273630229327887,-0.053707137938877436,0.01777826234746384,0.03506623362530248
724,0,0.0,0.0,0.0,1.0,0.0,0.0,0.0,1.0,0.0,0.0,0.0,1.0,-0.034889487592902904,0.05440992161939247,-0.01005653560174467,0.03662208550603853,0.028355569861967272,0.0013653511152943963
724,1,-4.510791927711556,7.568543644623395,-2.8167515718957783,-0.3228382473118192,-0.9057317563898009,-0.27463694496494717,0.9457789171365465,-0.29776819513388286,-0.12975493002861915,0.03574501325576118,-0.30163568660514417,0.9527529619967543,0.0348894875929029,-0.05440992161939253,0.010056535601744633,0.04052381812659825,0.02455650954488661,0.017265423241963035
725,0,0.0,0.0,0.0,1.0,0.0,0.0,0.0,1.0,0.0,0.0,0.0,1.0,-0.24344123412373012,-0.024228643281448477,-0.23466586434119807,-0.04993719875682041,-0.34626009313566214,-0.002026066393993775
725,1,-6.193424967895207,0.048679426942312365,-3.5925713130253145,0.35394221462391784,-0.8484466856842146,-0.3935265305650791,-0.8554438392625867,-0.12359103938265603,-0.5029324933348417,0.37807505415565607,0.5146488866555395,-0.769542576398091,0.24344123412373042,0.024228643281448452,0.23466586434119818,-0.048529329848687214,-0.23254533606743116,0.16393493040281626
726,0,0.0,0.0,0.0,1.0,0.0,0.0,0.0,1.0,0.0,0.0,0.0,1.0,0.31246790327971563,0.02179161230337509,0.21919202940052862,0.008891610427045851,-0.13848904948059235,0.017894573997234858
726,1,6.3101328249143345,0.5061887306688243,3.8182902560989347,0.8168744938791429,-0.5414271567155106,0.19892886975160798,-0.5671640443952258,-0.8167531429670618,0.10601533001729707,0.10507620089698946,-0.19942652136660294,-0.9742628262335944,-0.3124679032797155,-0.021791612303375077,-0.2191920294005286,0.01885422378526819,-0.05154861976266892,-0.038554337229808694
727,0,0.0,0.0,0.0,1.0,0.0,0.0,0.0,1.0,0.0,0.0,0.0,1.0,0.14428119706174644,0.18105319226433386,-0.2840993209895031,-0.05722984702689804,0.040165552322882075,0.0010508808574753795
727,1,2.199417983842865,2.8124192442185056,-6.096365601068106,-0.15173455227241006,0.752799318560637,0.6405230765720555,-0.1718014715904536,-0.6582490564304782,0.7329341266906183,0.9733760218980358,0.001168624415846975,0.22921115660222346,-0.1442811970617465,-0.18105319226433378,0.2840993209895029,0.36198990269046427,-0.29490332318918294,-0.008618448954477997
728,0,0.0,0.0,0.0,1.0,0.0,0.0,0.0,1.0,0.0,0.0,0.0,1.0,0.0002606237528215462,-0.0016533143232474864,0.011293475869435559,0.015782521261312545,-0.037521415746275065,7.279664238160968e-05
728,1,4.7659377893579045,1.0460335027028722,8.337201983699373,0.014841560800676667,0.7731919534896141,-0.6339983683984638,0.9998894906327305,-0.012020145636993274,0.0087477209080154,-0.0008570853043151638,-0.6340581354716457,-0.7732849062583607,-0.00026062375282153577,0.001653314323247509,-0.011293475869435597,0.009814848315541164,-0.014129714804047405,-0.0082250110302849
729,0,0.0,0.0,0.0,1.0,0.0,0.0,0.0,1.0,0.0,0.0,0.0,1.0,0.17789948091549485,0.034508038133451,-0.1934507161122587,0.018065033209012014,0.16659301029006054,0.0037930544005135985
729,1,5.935552545419291,0.6780106893403438,-4.715921907299025,0.32070537295731205,-0.9337846423940965,-0.1587271412999076,-0.7429798218902919,-0.3519469266761295,0.5693104118730816,-0.5874768489227313,-0.0646498447960771,-0.8066544176707038,-0.17789948091549465,-0.03450803813345103,0.19345071611225884,0.013510526417784035,0.14268382079673525,0.08041346949111333
730,0,0.0,0.0,0.0,1.0,0.0,0.0,0.0,1.0,0.0,0.0,0.0,1.0,-0.21718510125832305,0.15520006445733012,0.15550825049680064,0.23350006733465828,0.11704277346275757,0.02843371541525863
730,1,-4.90591916175576,4.620258199895287,3.1213752083213424,-0.13980166083115586,-0.12555492105713328,-0.9821870786297219,0.7596023264528295,0.6227077346819714,-0.18772155660631107,0.6351848559878449,-0.7723153753264171,0.008316234611653428,0.2171851012583226,-0.15520006445732998,-0.15550825049680084,0.0005505686475711126,-0.03204805822387754,0.21361855944165062
731,0,0.0,0.0,0.0,1.0,0.0,0.0,0.0,1.0,0.0,0.0,0.0,1.0,0.03774930758222896,0.03807719763481253,0.0075232942967516335,-0.0064275334513859686,0.0011954100504905536,0.004881318955427481
731,1,6.796456414003659,6.485525655887847,1.426703402428398,-0.2671344792152659,0.616037729503954,-0.7410375738395469,-0.03504809841150036,0.7622633223966396,0.6463174592462859,0.9630217031885244,0.19862563569803832,-0.18203586468447286,-0.037749307582228823,-0.03807719763481246,-0.007523294296751716,0.0008951842092379276,0.0015299137387963183,0.009084592320432402
732,0,0.0,0.0,0.0,1.0,0.0,0.0,0.0,1.0,0.0,0.0,0.0,1.0,-0.011722084137188789,-0.025691007856285412,-0.02637953626119908,0.010335112035997194,-0.046263591650092084,-0.001932955833567257
732,1,-4.454540801273582,-6.20915526373739,-5.525318271708342,-0.7817023118773065,0.545097523859746,-0.30300195558386656,-0.39373961781625216,-0.054582068001017836,0.9176000823968161,0.4836430594638834,0.8365939799775669,0.25729341946056206,0.011722084137188723,0.025691007856285315,0.026379536261199155,0.01150852926824296,-0.006476883278384193,0.04359035813283256
733,0,0.0,0.0,0.0,1.0,0.0,0.0,0.0,1.0,0.0,0.0,0.0,1.0,-0.022272484485100767,0.015377055668496089,-0.10519643049722124,-0.01178259355921375,-0.03643727683294614,1.79308613078126e-05
733,1,-2.4542280427791967,1.3081103362165545,-7.8773829276498075,0.5499489873962,-0.0717063037879774,0.8321143654924847,0.19141393959089334,-0.9589678732337104,-0.20914426082469553,0.8129679052657541,0.2742969633493611,-0.5136578247288084,0.02227248448510073,-0.015377055668496106,0.10519643049722123,-0.0046949887067560415,-0.04628986385432917,-0.008621864930124635
734,0,0.0,0.0,0.0,1.0,0.0,0.0,0.0,1.0,0.0,0.0,0.0,1.0,0.004560332950545698,0.18062460201687025,0.00858043252759165,-0.08872968528756713,0.009732336131156712,0.017942679378102015
734,1,0.35907230326710077,8.081235080113569,1.193980593190085,-0.6606322238353386,-0.7212207089350708,-0.20834047574479872,0.7117290231202753,-0.6899916326134461,0.13173209393192628,-0.23876109917370095,-0.061255497113524855,0.9691444173056671,-0.004560332950545722,-0.18062460201687022,-0.008580432527591726,-0.05759209182873744,-0.007368382760430158,0.010061489877851337
735,0,0.0,0.0,0.0,1.0,0.0,0.0,0.0,1.0,0.0,0.0,0.0,1.0,-0.03317533669179981,0.17241093320351453,-0.06985433406456158,-0.1831607719531032,-0.08385003123906655,-0.010693437300202849
735,1,-1.7370521984065135,7.4395494437570475,-2.0309431497075665,0.9603491556999033,0.16399005980694917,0.2254700854459325,-0.2785811585032638,0.5323890129968666,0.7993462810116787,0.011047048178688387,-0.830463243692781,0.5569638799794852,0.0331753366917999,-0.17241093320351422,0.06985433406456157,0.013632803543441117,0.02988662947744969,-0.04198379561834782
736,0,0.0,0.0,0.0,1.0,0.0,0.0,0.0,1.0,0.0,0.0,0.0,1.0,-0.010642187742949668,-0.005513970199803568,-0.037598477570623075,0.033970931060618395,0.024758169932730903,4.481181161533707e-05
736,1,-0.705110324652288,-3.6085815243898267,-8.628394233202926,0.7173330577438723,-0.13226270540122875,-0.6840612991741122,0.12292941160097953,-0.9423872537056923,0.3111183437479705,-0.6858000029390956,-0.30726672584741604,-0.659746553727828,0.010642187742949644,0.005513970199803556,0.03759847757062311,0.054129531771879624,0.04055574669094475,-0.034560056562204775
737,0,0.0,0.0,0.0,1.0,0.0,0.0,0.0,1.0,0.0,0.0,0.0,1.0,0.0888037320331734,-0.0013881849563033288,0.031920130936979756,-0.010091830369350378,-0.008346111288071022,-0.009387054194130266
737,1,8.370005142951708,-0.03176077033956018,2.744430941078693,0.5969454156948919,-0.7249395202499035,-0.34368424849080925,-0.645178404636776,-0.1791472794059652,-0.7427321714264068,0.4768658059362163,0.6651082199621956,-0.5746564703085855,-0.08880373203317339,0.0013881849563033392,-0.03192013093697973,0.012887800167471035,-0.015109838943039706,0.0005884139089047113
738,0,0.0,0.0,0.0,1.0,0.0,0.0,0.0,1.0,0.0,0.0,0.0,1.0,0.03486342303741553,-0.04995532410021728,-0.023955463923070807,0.056307936653809454,0.044028154982432004,0.005036131963303974
738,1,4.877268295917729,-7.158030685121462,-2.1347526254802753,0.7045007311495437,-0.6581043588942002,-0.2656640220545719,-0.426009055309295,-0.6915311331654581,0.5833532177483718,-0.5676222375878524,-0.2977974893570311,-0.767542605155185,-0.034863423037415575,0.04995532410021694,0.02395546392307084,0.008523749904194564,-0.0016157141387900514,0.0008718014806020258
739,0,0.0,0.0,0.0,1.0,0.0,0.0,0.0,1.0,0.0,0.0,0.0,1.0,-0.053013290250173026,-0.03548844871132782,0.09819001639570239,0.030540102827839682,-0.013613840865470609,-0.00026058594017732556
739,1,-2.4934995311831116,-1.0480929107402228,7.581641031249325,-0.13572096152419877,0.7222477491766033,-0.678187296705178,0.055817860271809294,-0.6778596913272694,-0.7330693046011239,-0.989173486845267,-0.1373478346499461,0.05168544514026552,0.053013290250172956,0.035488448711327815,-0.09819001639570223,0.1356083159675486,-0.14347713584722493,0.03318816247806906
740,0,0.0,0.0,0.0,1.0,0.0,0.0,0.0,1.0,0.0,0.0,0.0,1.0,-0.07466012008885659,0.03826949954793861,-0.061891107165506234,-0.09571509357934778,-0.06418238353077965,0.010421828527460222
740,1,-6.22008529344725,4.136405609381243,-3.717732629007554,-0.3844837248118951,-0.24298219944954697,0.8905795394603628,0.8392269822079512,-0.49387376749724177,0.2275670760725635,0.38453912374283394,0.8348942163703983,0.39380364368851684,0.07466012008885661,-0.038269499547938596,0.06189110716550621,-0.018015862105706753,-0.043219217404589214,0.06036315967944436
741,0,0.0,0.0,0.0,1.0,0.0,0.0,0.0,1.0,0.0,0.0,0.0,1.0,-0.06507401292073833,-0.06292494562450669,0.06004450245715407,-0.027961437931479982,0.047014577423229745,-0.008623587858032626
741,1,-5.515049474279932,-5.218096846848851,3.8322166167213303,0.9452581255618264,-0.3252937914825455,-0.025904155694650335,-0.27555035610731043,-0.8381898618638117,0.4706482303354163,-0.1748115479837556,-0.43774616467952626,-0.8819405977728254,0.06507401292073833,0.06292494562450676,-0.06004450245715414,-0.044214568782283054,0.03475611065490601,0.016095274510055955
742,0,0.0,0.0,0.0,1.0,0.0,0.0,0.0,1.0,0.0,0.0,0.0,1.0,0.11659877044437786,0.06712092899686987,0.08196439202215516,0.028176851476861088,-0.031084234893429794,-0.001339491273312201
742,1,6.229738521027496,3.734811969909371,3.9702257747888168,0.37426967772687536,0.739593481363777,0.5593958264578219,0.23707009526998973,0.5068807449453672,-0.8287760133668853,-0.8965043102310769,0.4428017533025792,0.014374595968687176,-0.11659877044437772,-0.06712092899686974,-0.08196439202215527,0.011459498622685966,-0.016609051712635672,-0.01598915532011379
743,0,0.0,0.0,0.0,1.0,0.0,0.0,0.0,1.0,0.0,0.0,0.0,1.0,-0.08582490630401449,0.08459997469713477,0.07845000507819755,0.042463497345809814,0.0015827647057272687,0.0011150980109723777
743,1,-3.882854601008719,4.5391680431568115,5.160246199951139,0.3622279230733878,0.4988303351374044,0.787374897042473,-0.1477616657002904,0.8647909035124953,-0.47989913872762646,-0.9203028968200717,0.057489041988425305,0.3869594140938266,0.08582490630401451,-0.08459997469713487,-0.07845000507819748,-0.12292243925621854,-0.1398504481551438,0.059969172993147024
744,0,0.0,0.0,0.0,1.0,0.0,0.0,0.0,1.0,0.0,0.0,0.0,1.0,-0.04453273608033042,-0.008279021806432037,-0.018759414282273644,-0.005677502462974163,0.01084217744835439,-0.0040872598134122605
744,1,-8.5366476654707,-1.546100176997836,-4.000762137034089,0.19326147147236283,0.9758692072070142,-0.10163313470266766,0.08968389833542967,0.08558190653596287,0.9922865189314174,0.9770398159868908,-0.20088560849105935,-0.07098006957927971,0.04453273608033039,0.008279021806432082,0.018759414282273568,0.001559039230320163,0.007180196781993874,0.005910280853674923
745,0,0.0,0.0,0.0,1.0,0.0,0.0,0.0,1.0,0.0,0.0,0.0,1.0,-0.004105597692703529,0.14108212671406842,0.2561589774058207,0.13527027772019803,-0.08577244677620494,0.0029852079801773526
745,1,0.863722045218787,4.0609535903100245,6.090272307186117,-0.43402977013316013,0.2828894371078937,-0.855331353927199,-0.4602580181068259,-0.8857950383625277,-0.05941133545633617,-0.7744551087096869,0.367886825511743,0.5146635485522162,0.004105597692703557,-0.14108212671406867,-0.2561589774058204,0.04575087190049851,-0.16048191702222253,0.1355431767396669
746,0,0.0,0.0,0.0,1.0,0.0,0.0,0.0,1.0,0.0,0.0,0.0,1.0,-0.32728779354933274,0.3687354156368202,-0.08014725285830568,-0.13695052610146316,-0.14828886387357798,0.11414829752113848
746,1,-4.743312089503401,5.049301261086059,-0.8024921078651581,0.9935040588081193,-0.09348611508796927,-0.06488475489320956,0.07139781521095796,0.068094016965219,0.9951208754903308,-0.0886117210920475,-0.9932892585442065,0.07432638660533519,0.32728779354933285,-0.36873541563682016,0.08014725285830568,0.02817016211036425,0.03077130177423172,-0.21060078363260898
747,0,0.0,0.0,0.0,1.0,0.0,0.0,0.0,1.0,0.0,0.0,0.0,1.0,-0.00391075826977395,-0.07222227688106772,0.06362184241254595,-0.0011532829960205324,0.015689668219452203,-0.004249430051292983
747,1,-1.0162026871343666,-6.340527647698122,5.7960569273538045,0.5361424586964737,0.16356983575805106,-0.8281281137680233,0.5558234374338129,0.6699440259268351,0.4921740632380016,0.6353043132091581,-0.7241684272011784,0.26826948887790336,0.003910758269773914,0.07222227688106768,-0.06362184241254593,0.016361660407555927,0.026296041439886845,0.05284563095583051
748,0,0.0,0.0,0.0,1.0,0.0,0.0,0.0,1.0,0.0,0.0,0.0,1.0,0.023679387471884424,-0.24461570976726313,-1.2957896696688254,0.27343103595292,0.4067639326527469,-0.00014877888486909685
748,1,1.2813638795026527,-1.406023605229217,-5.147974548881194,-0.49470520163084974,-0.2894342893490718,0.8194477137855579,0.3077530230097725,-0.9401548952023815,-0.14627662101424468,0.8127452493295338,0.17982370582322096,0.554173794505187,-0.023679387471884528,0.24461570976726316,1.295789669668826,0.2892043788752401,1.1317132614552026,-0.2799991782269671
749,0,0.0,0.0,0.0,1.0,0.0,0.0,0.0,1.0,0.0,0.0,0.0,1.0,0.14421322663901892,0.03856140675533855,0.2466227792581677,0.12365135962821294,-0.5404500967587036,0.01732331775677208
749,1,5.0180649357661125,1.26440175004416,4.178143922211858,0.6376647903638941,-0.028811487938891114,0.7697749757513024,-0.17454097937494262,0.9679060109493112,0.18081316458440658,-0.7502793224186621,-0.24965546685570292,0.6121707982418421,-0.14421322663901898,-0.03856140675533848,-0.24662277925816783,0.02706380679981185,-0.09457540781351556,-0.006163130785884083
750,0,0.0,0.0,0.0,1.0,0.0,0.0,0.0,1.0,0.0,0.0,0.0,1.0,0.13073868219103932,0.01801281231535656,-0.26818902560049146,-0.07755752577560768,0.578506509131777,0.008688615372213326
750,1,4.509177016199774,0.642522320848984,-4.564377360154684,0.5440800024799876,-0.2830918448604275,0.7898328673047839,-0.5583880443312693,-0.8247890176409101,0.08902734594967601,0.6262425591168945,-0.48947122872796367,-0.606826312381278,-0.13073868219103943,-0.018012812315356515,0.2681890256004913,-0.012542636654518761,0.03406460001373145,-0.011468177588811912
751,0,0.0,0.0,0.0,1.0,0.0,0.0,0.0,1.0,0.0,0.0,0.0,1.0,-0.05582240890925249,0.05354691435451653,0.10927880680613539,0.020741965838278024,-0.0015363073738841083,0.00013697551501831023
751,1,-2.918962794136432,3.701259158305099,6.7146022852924325,0.12851743756747702,-0.27307964828564973,-0.9533681208920692,-0.8947784916953079,0.3825911140893741,-0.2302074938383224,0.42761515295947977,0.8826389664591278,-0.19517616618686606,0.0558224089092525,-0.05354691435451645,-0.10927880680613514,0.024180985166389106,-0.05430819580397936,0.05017477595736129
752,0,0.0,0.0,0.0,1.0,0.0,0.0,0.0,1.0,0.0,0.0,0.0,1.0,-0.004795338499203886,-0.008352284946751226,-0.025543387858702513,-0.04976436053938543,0.002068824097723111,2.3795358763862434e-05
752,1,-1.1558896577696216,2.059072760540632,-8.940882825999536,-0.1602277299972088,0.9449435604396038,-0.28532217250621494,0.897415959282447,0.019079123011940924,-0.44077271137204094,-0.4110616384012339,-0.32667668213207385,-0.8510644363302187,0.004795338499203902,0.008352284946751203,0.025543387858702644,-0.0775081346506557,0.011280397684390465,0.019504475311213146
753,0,0.0,0.0,0.0,1.0,0.0,0.0,0.0,1.0,0.0,0.0,0.0,1.0,-0.08506873799700224,-0.38610986905702904,-0.17172265790985275,0.13064595649684854,-0.08285065140111363,0.06265003193421198
753,1,-1.9365841890453594,-6.593430653157329,-2.1318002089110886,0.7551622735451572,-0.5965150988691671,-0.27184495109384865,0.6409353901062963,0.5848219741005581,0.49717711564231915,-0.13759275534489104,-0.5496844507808402,0.82396312917895,0.08506873799700217,0.38610986905702915,0.1717226579098526,0.1784863804892155,-0.06835517937413949,0.1241894109811605
754,0,0.0,0.0,0.0,1.0,0.0,0.0,0.0,1.0,0.0,0.0,0.0,1.0,-0.03006860749610378,-0.35754528615193304,-0.47007932345389786,0.497901100747595,0.17879574351760674,-0.03256850336994535
754,1,0.64800948806672,-5.01947934622481,-4.250937132469331,0.7298695914187099,0.12060521918609322,0.6728631069001777,-0.32130734711175385,0.9293299610863959,0.18195442319208655,-0.6033671918610527,-0.3489988603595038,0.7170410220158085,0.030068607496103836,0.3575452861519327,0.470079323453898,0.3417498209739537,0.25363987835133694,-0.3500529887664713
755,0,0.0,0.0,0.0,1.0,0.0,0.0,0.0,1.0,0.0,0.0,0.0,1.0,0.012815355288610587,-0.004185944917201856,0.021255633882512916,0.032245061587074235,-0.001012974306449167,-0.00016792799609260077
755,1,4.817945836651572,1.620443379819749,8.466369915230395,-0.4285071158603093,-0.6603108406358266,0.6167424465657341,0.18198603465888527,-0.731670999062688,-0.6569160009618756,0.8850213188653788,-0.16925466867834413,0.43369358109657274,-0.012815355288610594,0.004185944917201855,-0.02125563388251287,0.037638247735525855,0.0071040200052876375,-0.04076628552765984
756,0,0.0,0.0,0.0,1.0,0.0,0.0,0.0,1.0,0.0,0.0,0.0,1.0,0.052917554575521386,-0.022837837071792825,-0.048156588711623795,0.040603654507083003,0.1238809087502667,-0.003845213932455948
756,1,6.841570380697516,-2.7085637879286186,-4.025595629753823,-0.3511161819799966,0.3524069852448997,-0.8674829932064323,-0.13084452351500175,0.898912250043053,0.41813452068523105,0.9271446151587799,0.2603191953604973,-0.2695121131024376,-0.0529175545755213,0.022837837071792846,0.048156588711623795,-0.0021043592818463727,-0.007438894221866988,-0.009070883668124499
757,0,0.0,0.0,0.0,1.0,0.0,0.0,0.0,1.0,0.0,0.0,0.0,1.0,0.24806228107967654,0.07752237328635865,0.10051194529772421,0.010225570991921845,-0.10758527204239023,0.03526395836672488
757,1,6.7236852602226005,1.7775796076122896,3.0097704833674914,-0.47397723609659415,0.6447553048902664,-0.5996967370914177,-0.6730544031661841,-0.704414331739424,-0.2253846037747754,-0.5677528952289412,0.29680135790787815,0.7678317549458309,-0.24806228107967673,-0.07752237328635872,-0.10051194529772427,-0.06488213762712428,0.17838511859820227,0.045021627971218475
758,0,0.0,0.0,0.0,1.0,0.0,0.0,0.0,1.0,0.0,0.0,0.0,1.0,-0.12351237156736428,0.021268863336756906,-0.05632512640574851,0.005225965834288623,0.01572706984211051,-0.009392055380839183
758,1,-7.406174646366788,0.9972097784158893,-3.8670029037506626,-0.7688548888972333,-0.634395406348851,-0.08002892116166044,0.4022481962054118,-0.5771581858795927,0.7106931947906003,-0.49704984505411093,0.5142284481392037,0.6989353007654076,0.12351237156736439,-0.021268863336756955,0.05632512640574858,0.020852823626102853,0.04474190651835878,-0.024961116338577786
759,0,0.0,0.0,0.0,1.0,0.0,0.0,0.0,1.0,0.0,0.0,0.0,1.0,0.018242328753153784,-0.10672412892629056,-0.01574441340871402,-0.00974726281067115,0.014313726228592831,0.010169237225522397
759,1,1.422933819905536,-8.521262888152132,-1.3339017133283089,-0.3839766459958671,0.020374376159599694,-0.9231179881932059,0.21634223228396374,-0.9699416519342345,-0.11139672514701805,-0.897640225179418,-0.24248314712407532,0.3680271043016369,-0.018242328753153784,0.10672412892629068,0.01574441340871409,0.0015500500578204818,-0.016243941493689552,-0.006582930676980486
760,0,0.0,0.0,0.0,1.0,0.0,0.0,0.0,1.0,0.0,0.0,0.0,1.0,-0.01820501544328693,-0.3820584268435901,0.19871725854339978,-0.22735314412423507,-0.14178789645265605,-0.04506563357024472
760,1,0.5655301121644428,-6.307642759172829,3.3017390533375433,0.4162943485057996,0.7380995406687512,-0.5309501704178181,0.2451116742508927,-0.6534392855059541,-0.716196458594562,-0.8755679771143163,0.16800645291787575,-0.45293989582492866,0.018205015443286926,0.38205842684359004,-0.19871725854339997,0.23537289571647024,-0.030700907516117044,-0.2858306452574596
761,0,0.0,0.0,0.0,1.0,0.0,0.0,0.0,1.0,0.0,0.0,0.0,1.0,0.04419165005715143,-0.0365516011133319,0.0364486801008,-0.08544130635798274,-0.046846597374792354,0.003433040001421991
761,1,5.79053042627683,-5.558947186266718,3.4496367057624604,-0.3198599919211811,0.2966937782149453,-0.8998124179720586,-0.935215561571344,-0.251086625216967,0.2496544812975528,-0.1518599320524598,0.9213730561535296,0.3577852043214296,-0.044191650057151775,0.03655160111333196,-0.036448680100799956,0.008914763523442611,-0.011765455621160657,0.030572850364382412
762,0,0.0,0.0,0.0,1.0,0.0,0.0,0.0,1.0,0.0,0.0,0.0,1.0,-0.033199942641773054,0.03357496810805054,0.057222070628809324,0.11906393890667405,0.07837890649305046,0.0047333265874569125
762,1,-4.676881883499477,5.5095877766489165,4.421038589741914,0.2583769502520519,0.7196320772119208,-0.6444928432698884,-0.6858140124612494,0.6064990537439766,0.40226612847648796,0.6803679092154848,0.3380659273800262,0.6502391382056549,0.03319994264177307,-0.033574968108050315,-0.05722207062880953,0.04776985232931068,0.04246373137065942,0.021158511493486964
763,0,0.0,0.0,0.0,1.0,0.0,0.0,0.0,1.0,0.0,0.0,0.0,1.0,-0.47361268985535043,-0.6220868004394224,-0.37899230452715127,0.4942976189158441,-0.2400585560370177,-0.009350191170331784
763,1,-3.2078325087937194,-5.206160776402798,-1.8140040650565274,0.12029401082463909,0.6183633540834765,0.7766312595346359,-0.9775518825151388,-0.06253000348446425,0.20120217607009483,0.17297880780844255,-0.7834007665243035,0.5969602759466528,0.47361268985535043,0.6220868004394218,0.3789923045271511,0.35032926665679415,-0.11654993434786465,-0.4608033562201672
764,0,0.0,0.0,0.0,1.0,0.0,0.0,0.0,1.0,0.0,0.0,0.0,1.0,-0.0801367007602797,0.36094221513233515,-0.06421161686322002,-0.1620789020133968,-0.08724139671781853,-0.04905819900572586
764,1,-2.1374508273842006,7.032249086040925,-0.8609253664733602,0.12125102807248256,0.839375723770251,-0.5298552467764508,0.20352835829964971,-0.5434755271062417,-0.8143774056323285,-0.9715319838066143,-0.009096470840945614,-0.23673372944940563,0.08013670076027984,-0.3609422151323349,0.06421161686322016,0.021271126852319733,0.01898394159586144,-0.15889679668695722
765,0,0.0,0.0,0.0,1.0,0.0,0.0,0.0,1.0,0.0,0.0,0.0,1.0,0.01415217007601249,-0.04660845749606049,-0.05695936583998723,0.15934304551897857,0.06737490128912808,-0.004904794828186853
765,1,2.371591641883581,-6.703600306903622,-4.251211792870759,0.9570741703924295,-0.15732606372229263,0.24342872065820848,0.22420933126954795,-0.13038781340574568,-0.9657790605966412,0.18368235663586496,0.9789011838734887,-0.08951683680614142,-0.014152170076012542,0.046608457496060275,0.0569593658399872,0.024347352652227705,0.00754558234211747,-0.010760941745646376
766,0,0.0,0.0,0.0,1.0,0.0,0.0,0.0,1.0,0.0,0.0,0.0,1.0,-0.03376571407883683,-0.015422026447782008,0.020499279729673935,0.008439840636769471,-0.0011363067864539863,0.0016905423557939626
766,1,-7.7566746133346705,-3.5219842119994302,4.681843148505138,-0.6484568811131737,0.6829413901201009,-0.3362956006221304,0.03154259599587744,0.4654923478015598,0.8844896487670348,0.7605976189647298,0.562945762750743,-0.3233934603948694,0.0337657140788367,0.015422026447782032,-0.020499279729673914,-0.008434471341427448,0.0020567723428767185,-0.0009892132146567451
767,0,0.0,0.0,0.0,1.0,0.0,0.0,0.0,1.0,0.0,0.0,0.0,1.0,0.17472879683876147,0.2513087285028936,-0.1503087163180702,-0.33283920679434964,0.16557283673342527,-0.005456133628185589
767,1,3.5234285967096666,5.826759040321377,-2.0838246229224415,0.4889110135855693,0.282912773921993,-0.8251826362366664,-0.8002086931507331,-0.23117889310320372,-0.5533736231422435,-0.3473212751916116,0.9308687779356126,0.11336335414908938,-0.1747287968387613,-0.2513087285028933,0.15030871631807022,-0.019290148441407463,-7.497650983954302e-05,-0.12717810234670412
768,0,0.0,0.0,0.0,1.0,0.0,0.0,0.0,1.0,0.0,0.0,0.0,1.0,-0.22690636575481543,0.2136855650082371,-0.15193351700720947,-0.29708662310730266,-0.18718146368801533,0.05543477975616168
768,1,-4.453416414429396,5.151825938872011,-2.1308245840783897,0.3206562297135218,0.059689116225726924,0.9453130654709584,0.7643466810403489,0.5731296401283195,-0.2954599241673666,-0.5594226787756392,0.8172879694517561,0.13815441165924858,0.22690636575481568,-0.21368556500823715,0.15193351700720936,-0.030321955612257544,-0.00594409241963496,0.161916518300374
769,0,0.0,0.0,0.0,1.0,0.0,0.0,0.0,1.0,0.0,0.0,0.0,1.0,0.0004711099387817094,0.001400852170717939,0.018287377030350927,-0.0209733455962098,0.06611785705557487,0.00021551552775845445
769,1,-5.058662425996345,-1.194025175669744,7.574555029560177,-0.023087492066828696,0.8039343600645747,-0.5942697303561968,-0.9968713625351995,-0.06345981581125115,-0.04712046619481969,-0.07559400946688294,0.5913225824241493,0.8028842689005409,-0.0004711099387816921,-0.0014008521707179326,-0.018287377030350913,-0.011473074830375558,0.029960258154164605,-0.006739436640730945
770,0,0.0,0.0,0.0,1.0,0.0,0.0,0.0,1.0,0.0,0.0,0.0,1.0,-0.21473552975330795,-0.25581944331723516,-0.04139884252168097,-0.06062038317238248,0.05633116173817744,-0.05351330257882591
770,1,-4.701878173491922,-5.80151271443164,-0.993212347731656,0.23067414519831864,-0.9711365837682,0.06068916216306616,0.80715661882705,0.22581028921696555,0.545442853072102,-0.5434037462335987,-0.07683390495595224,0.8359479168157011,0.2147355297533079,0.25581944331723533,0.04139884252168103,0.0467132645321513,-0.03770549615101453,0.010554253362957964
771,0,0.0,0.0,0.0,1.0,0.0,0.0,0.0,1.0,0.0,0.0,0.0,1.0,0.08755865234573212,0.09158019592296834,-0.008712133774470825,0.014596349325596307,-0.017722299394422478,-0.014689938719525085
771,1,5.609039249444756,6.237568787212301,-0.6869755868359855,-0.09655455915361655,-0.39829670236421955,0.912160596601519,-0.8930139576326571,0.43937843317983427,0.09732761134278767,-0.43954896038997704,-0.8051747197610108,-0.3981085054075939,-0.08755865234573232,-0.09158019592296837,0.008712133774470773,-0.00602552419051787,0.00643834310406519,-0.017786264798816516
772,0,0.0,0.0,0.0,1.0,0.0,0.0,0.0,1.0,0.0,0.0,0.0,1.0,0.4196318472990125,-0.33066627431185125,-0.05091209697920261,-0.01687582679929657,-0.014046779462208211,0.09178280005217404
772,1,5.3477209647085875,-4.13539053694029,-0.3439627677995395,-0.6174415469654218,-0.6089580816567078,0.4979317130550422,-0.6535716971190503,0.04489473345963568,-0.7555319315770264,0.43773276414482726,-0.7919308793654725,-0.4257176405806533,-0.4196318472990124,0.3306662743118513,0.05091209697920266,0.11368034393261128,0.14197273618136488,-0.12475219719263335
773,0,0.0,0.0,0.0,1.0,0.0,0.0,0.0,1.0,0.0,0.0,0.0,1.0,-0.05062114440387869,-0.04682889454630006,0.005862170018881718,-0.023139816409921157,-0.00909461362911547,0.006297655786131919
773,1,-6.644072277049438,-6.103907683977139,0.6464923236373007,0.8051716984733943,0.3800757998962232,-0.45523721542808365,0.5475307271893085,-0.7713356328797047,0.32442478979512657,-0.2278346741850687,-0.5104740226331905,-0.8291608007230398,0.050621144403878604,0.04682889454629986,-0.005862170018881739,0.017632192635492122,0.015317113664075205,-0.004149888064739222
774,0,0.0,0.0,0.0,1.0,0.0,0.0,0.0,1.0,0.0,0.0,0.0,1.0,-0.0728845103397634,0.006893785834727398,0.11305327875503791,0.10178199133868165,0.08773599583737707,-0.00027223381710955036
774,1,-5.0858981453019085,2.113433399438116,5.757565619069875,-0.648522058139257,-0.6129402678812947,-0.45135725109543623,0.7218952645585928,-0.30718340313453707,-0.6200851424172038,0.24142569688146576,-0.7279715549719585,0.641693889667813,0.07288451033976359,-0.006893785834727377,-0.11305327875503812,0.09745715959094595,0.06760411400820446,0.1192476996799095
775,0,0.0,0.0,0.0,1.0,0.0,0.0,0.0,1.0,0.0,0.0,0.0,1.0,0.1379783365044116,0.17303091979569538,0.03673008126354422,-0.02892189295435122,0.026358467672065046,0.007732442863527408
775,1,4.841315968183313,6.0206205483555655,1.9983529024550393,-0.4513016690824603,0.877661607505559,-0.1613595556332002,-0.8640351700869933,-0.47497313747337966,-0.16686444657695865,-0.22309197281867044,0.06411412784599133,0.9726866660309585,-0.13797833650441155,-0.17303091979569568,-0.03673008126354429,-0.0957170658357781,0.0715490126235765,-0.0007502958535596412
776,0,0.0,0.0,0.0,1.0,0.0,0.0,0.0,1.0,0.0,0.0,0.0,1.0,-0.015244793113878021,0.060090282648536456,-0.11300577921877529,-0.026103821426469144,-0.009130443256260072,-0.0006578577098656797
776,1,-0.8754136517644913,3.9223359138935163,-7.203832545330167,0.8958700399207392,-0.24809080620487756,-0.3686025277301107,0.44424607801270444,0.5148805153886762,0.7331735654286926,0.007892638515939299,-0.8205784586191043,0.5714793955231908,0.015244793113877997,-0.06009028264853643,0.11300577921877518,0.0157375289207608,0.020024578180440095,0.007849203471390065
777,0,0.0,0.0,0.0,1.0,0.0,0.0,0.0,1.0,0.0,0.0,0.0,1.0,0.03786375585292266,0.3055461164737124,0.12958070764576912,0.27546423972864414,-0.09675185589384033,0.058350855851542094
777,1,1.3926934829959419,6.714386856236299,1.8060778960891402,0.5789125660916496,-0.792345391440372,0.19248122371905485,-0.07203411425712686,-0.2848350492833691,-0.9558661418226567,0.8122015311512115,0.5394977065409489,-0.22197048775160044,-0.037863755852922704,-0.30554611647371227,-0.1295807076457692,0.0427506733108575,-0.015329458657545498,0.11294932468951183
778,0,0.0,0.0,0.0,1.0,0.0,0.0,0.0,1.0,0.0,0.0,0.0,1.0,0.01967042954256954,-0.014168289708858837,-0.017628837543374885,-0.019484087628719626,0.019294382500488042,-0.00016988723988920797
778,1,7.330430702016233,-3.2785088804262132,-5.674999654133033,-0.19542568981997,-0.961703153981033,0.1921870010727112,0.037624872845975765,-0.20317329846049503,-0.9784196337645759,0.9799965146375333,-0.18397732038383435,0.07588924088875104,-0.019670429542569295,0.01416828970885885,0.01762883754337482,-0.0031246511311654873,-0.0016970913824059537,-0.03920010069987849
779,0,0.0,0.0,0.0,1.0,0.0,0.0,0.0,1.0,0.0,0.0,0.0,1.0,0.020715974808642724,0.07917797274787511,0.035222630674504776,0.03857943904266868,-0.011371241056687405,0.010528705796739674
779,1,2.2027241138476135,7.974284915086248,2.6142090364554544,0.9633099081257054,-0.12048076144076557,-0.23982995440415372,-0.24782348747288896,-0.7423561275690602,-0.6224876696910903,-0.10304144779466155,0.6590840356004098,-0.7449769755187454,-0.02071597480864273,-0.07917797274787497,-0.03522263067450472,0.035308081568970445,-0.012058608339455466,-0.0013165613572928558
780,0,0.0,0.0,0.0,1.0,0.0,0.0,0.0,1.0,0.0,0.0,0.0,1.0,-0.008921361832576805,0.030344138921423795,-0.05175461646187398,-0.015251074230996411,-0.08327485421407432,0.0011762671486806597
780,1,-3.8423146767469514,4.0464736409461395,-6.557066832705891,-0.2492772934444316,-0.9344557117397093,-0.25427023768041024,0.6120947446483888,0.05143722481270829,-0.7891097740348872,0.7504670909152797,-0.3523446249066394,0.5591532980789409,0.008921361832576725,-0.030344138921423746,0.05175461646187405,0.004795929809433599,-0.05708470243183618,-0.08166794198285007
781,0,0.0,0.0,0.0,1.0,0.0,0.0,0.0,1.0,0.0,0.0,0.0,1.0,-0.0011465497230156683,0.015341126794415402,0.032406249259031114,0.0057975477913250854,0.02015075411068857,-9.384646533082408e-05
781,1,-1.6146004267010978,4.610669682054624,8.541931240871747,-0.524511440318147,-0.28469745250042255,0.8023933633294538,0.39969356617636986,-0.9144682204383627,-0.0631896112150597,0.7517531523928576,0.2875677908738463,0.5934407834985196,0.0011465497230156408,-0.01534112679441531,-0.03240624925903105,0.01257411294100401,0.02237864087248476,-0.01938958135613123
782,0,0.0,0.0,0.0,1.0,0.0,0.0,0.0,1.0,0.0,0.0,0.0,1.0,0.0338981787798204,-0.008423461384116131,-0.013573790480134743,-0.0032363317363907993,-0.017850651764274823,-0.0005158258966929674
782,1,8.515946569553883,-2.602392734557132,-4.4065377667127335,0.39938042521865813,0.85969141473768,0.3184744061592554,-0.7251495848362866,0.08367776095708646,0.6834881944356977,0.560939707601383,-0.5039133891330289,0.6568241322367347,-0.033898178779820265,0.008423461384116114,0.013573790480134757,0.0014423647467402302,-0.01592927877663626,0.016998452990182787
783,0,0.0,0.0,0.0,1.0,0.0,0.0,0.0,1.0,0.0,0.0,0.0,1.0,-0.08878441432381402,-0.2719863864965919,-0.03652688281311069,0.1485267276984602,-0.09729359362964667,-0.0022511149302471504
783,1,-2.453166856073473,-7.325868509640973,-0.38488230192000233,0.9219731211985127,-0.08565712337636133,0.377661781230719,0.30615969168667834,0.7584033926767513,-0.5754046725242259,-0.2371324671439799,0.6461324563828073,0.7254523015574001,0.08878441432381397,0.27198638649659196,0.03652688281311067,0.014381666331741302,0.04185860511641258,0.019056158545130847
784,0,0.0,0.0,0.0,1.0,0.0,0.0,0.0,1.0,0.0,0.0,0.0,1.0,-0.009026714709096823,0.061687038348279766,-0.2200578235492674,-0.04108205360201065,-0.005965300792329584,0.00033744103609190806
784,1,-0.48637761041322586,2.2545437050605464,-7.168427238383358,-0.28159558153295605,0.5101610675931859,-0.8126743588752492,0.5730241729363726,-0.5899261730614085,-0.5688852323339987,-0.7696409719419197,-0.6258776201856896,-0.12621402005718396,0.009026714709096736,-0.06168703834827975,0.22005782354926698,-0.012848881279306557,-0.03635854998449313,-0.00998951251662562
785,0,0.0,0.0,0.0,1.0,0.0,0.0,0.0,1.0,0.0,0.0,0.0,1.0,-0.006246415562331575,-0.006483244169563171,-0.013919500318786103,0.01187927707027588,-0.03363018717153954,-5.532549059629292e-06
785,1,-5.180427759348469,-3.456641714731122,-7.11714198447001,-0.6957298484324337,0.12757821545816606,0.7068831423514724,0.5880497071240903,-0.463979995968957,0.6625104567415656,0.41250153933222344,0.8766107244844521,0.2477824000355754,0.006246415562331612,0.006483244169563151,0.013919500318785975,-0.00990672089491507,0.005977847774958125,0.011999890015397155
786,0,0.0,0.0,0.0,1.0,0.0,0.0,0.0,1.0,0.0,0.0,0.0,1.0,0.6703073412592544,0.23013022397429564,-0.44236934023035257,-0.30724215961746476,0.9913640851037497,0.11327914568381658
786,1,5.274606563883225,1.79763926395996,-2.2475797940366053,0.14341524843973175,-0.10387719990727784,0.9841959123337148,-0.9652923371330304,0.2046513872348834,0.16226063470567803,-0.21827223915839988,-0.9733074216516902,-0.07092173552950465,-0.6703073412592542,-0.2301302239742954,0.44236934023035257,0.029257705849065424,-0.16460909547273966,-0.10440355132932339
787,0,0.0,0.0,0.0,1.0,0.0,0.0,0.0,1.0,0.0,0.0,0.0,1.0,0.16386911733372536,-0.2922236998987146,-0.19619696852120946,0.1982322918141807,0.04529928857169552,-0.015137765828412392
787,1,2.887851278694831,-6.066936597854754,-3.1388648339876144,0.07577301091935074,-0.15693531511087166,0.9846978001840297,-0.45797438433055726,0.871735667395522,0.1741734465627032,-0.8857301587465919,-0.4641640152591918,-0.005818318073275153,-0.16386911733372542,0.2922236998987149,0.19619696852120938,0.0748315816254761,0.0069253680729079135,0.1654227256211077
788,0,0.0,0.0,0.0,1.0,0.0,0.0,0.0,1.0,0.0,0.0,0.0,1.0,-0.15703055442302402,-0.15098566458243495,-0.3207364828493556,0.5029307467130532,-0.18105032212660918,0.003302413074912889
788,1,-2.0558357419595645,-3.7152095914901127,-4.774074874316326,0.4904473458475094,-0.3777509001284024,-0.7853442929080947,-0.8671048533665878,-0.12143288921621265,-0.4830975333043124,0.0871239015382213,0.9179097509389389,-0.3871060770796211,0.1570305544230241,0.15098566458243495,0.32073648284935535,-0.0321443569552787,0.2713444213054259,-0.27630210925225446
789,0,0.0,0.0,0.0,1.0,0.0,0.0,0.0,1.0,0.0,0.0,0.0,1.0,0.0813950546018827,-0.4294666848622053,-0.10947436276765342,0.1018895149347585,-0.011366889485891677,-0.04030014194772554
789,1,0.9323507402849753,-6.975320287429225,-1.2991706258178064,0.6094327374031498,0.06324571489689235,-0.7903111527294072,0.5300553518088091,0.7087911846855988,0.4654636189121821,0.5896041575499132,-0.7025774235336391,0.398436822270094,-0.0813950546018827,0.42946668486220557,0.10947436276765349,0.10377872689151142,0.007689328628936717,0.2076431360496359
790,0,0.0,0.0,0.0,1.0,0.0,0.0,0.0,1.0,0.0,0.0,0.0,1.0,0.784486132360139,0.22192707465955497,-1.1778630781338082,-0.4191634267466632,2.0370993466506806,0.09004444951462169
790,1,4.147122065885147,0.9779356843216296,-2.7680575687704208,-0.8037607955058457,-0.0872776273089684,0.5885160995071645,0.022703769362954117,0.9839615186054579,0.17693012394828353,-0.5945192364125182,0.15557103096321626,-0.7888881618204941,-0.7844861323601399,-0.2219270746595549,1.1778630781338082,-0.11840398987884489,0.6761398389945183,0.06313723613291783
791,0,0.0,0.0,0.0,1.0,0.0,0.0,0.0,1.0,0.0,0.0,0.0,1.0,0.17156755915295188,-0.009074590729384418,-0.06876524646350496,0.0014867677226242555,0.23101099339211945,-0.004049440783151972
791,1,7.597000104083879,-0.30254966150243034,-1.6968888198882834,0.10602302028766986,-0.3017915667328483,-0.9474602732663852,-0.642098603515284,-0.748321089682038,0.16650804815626677,-0.759255228847851,0.5907092321828231,-0.27311920562490166,-0.17156755915295177,0.009074590729384392,0.068765246463505,0.003919562764286129,0.00026751816631612885,-0.012982518985975872
792,0,0.0,0.0,0.0,1.0,0.0,0.0,0.0,1.0,0.0,0.0,0.0,1.0,0.18868457467663757,-0.0012055134935301907,0.05732908900520388,-0.022455056353650353,-0.04449997979543371,-0.025400039257271037
792,1,7.779354811970208,-0.2025326861579756,2.025876404500075,-0.29179145288753805,-0.8328180937207492,0.47039533457839167,0.5543665084173135,0.25351639154702355,0.7927213971895629,-0.7794456506819293,0.4920807474269987,0.3877125425424228,-0.1886845746766378,0.0012055134935302306,-0.057329089005203795,0.013286263304286179,-0.01923171689253486,0.0542367158063162
793,0,0.0,0.0,0.0,1.0,0.0,0.0,0.0,1.0,0.0,0.0,0.0,1.0,0.10213680498844582,0.14276570762340693,-0.568577502004595,-0.19253100189078773,0.36611693791213196,-0.004639921569081432
793,1,2.6415342777790753,1.954375492513047,-5.588951222283872,-0.6849939722836871,-0.2810952730177168,-0.6721374155796644,-0.5341257565433855,0.8211839861193106,0.20091425319811396,0.4954724352897659,0.49663095798419077,-0.7126463059889763,-0.10213680498844574,-0.14276570762340682,0.5685775020045953,-0.12077235749922016,0.5649624021266647,0.18214676339469366
794,0,0.0,0.0,0.0,1.0,0.0,0.0,0.0,1.0,0.0,0.0,0.0,1.0,-0.03862672765151984,0.17801581812004685,0.10490802191066101,0.17746510655033837,-0.06089242141331415,0.010258499959485912
794,1,-0.6015666655531217,6.854747135030141,3.3806595690024395,-0.23826632774276413,0.6406294030425512,-0.7299473440059372,0.037113716525362384,0.7570503731481426,0.6523015441971092,0.9704904580209188,0.12833043471290206,-0.20415575038863065,0.03862672765151981,-0.17801581812004705,-0.10490802191066101,-0.060158022877889065,-0.006582226110477159,0.1474295686231713
795,0,0.0,0.0,0.0,1.0,0.0,0.0,0.0,1.0,0.0,0.0,0.0,1.0,-0.49618193373438013,0.15793233008375207,0.7223931138097823,0.173822250924877,0.370404632203281,0.007836735529546696
795,1,-3.70147440680824,1.3813329931475367,4.9301196033514465,0.7724170534119541,0.17011483286081752,-0.6119091756454798,0.5054696808945742,-0.7480022616368154,0.4301081471938727,-0.3845416717271768,-0.6415244034539488,-0.6637575931605777,0.4961819337343801,-0.15793233008375218,-0.7223931138097825,0.04541791465428022,-0.1427212881145551,0.09297326232889716
796,0,0.0,0.0,0.0,1.0,0.0,0.0,0.0,1.0,0.0,0.0,0.0,1.0,0.038372971319517536,-0.01300863379819347,0.030231849116616246,0.003886738119444892,0.01538665787525437,-0.0006305928197854098
796,1,6.516426818173782,-2.659732885389464,6.357469130927896,0.6725844200760489,-0.3384593859309078,-0.6580846768815072,-0.0958124011863628,0.8419661030910127,-0.5309548615698303,0.7337916473017858,0.420164640731472,0.5338646767010575,-0.03837297131951761,0.013008633798193446,-0.03023184911661633,-0.0015933935934811863,0.03156469040405836,0.017922636398063088
797,0,0.0,0.0,0.0,1.0,0.0,0.0,0.0,1.0,0.0,0.0,0.0,1.0,-0.23616221050746655,0.15361107683310346,0.2890559890859521,0.25216505933744243,0.13010691337184838,0.014796631494816706
797,1,-2.971065831610848,3.0298909531303284,5.123294119426037,-0.18088248968211462,-0.34391870592982987,0.9214127460796006,-0.44932637916334284,-0.8044802857493074,-0.388480726457146,0.8748641779809933,-0.4842844139059848,-0.009015349875478806,0.23616221050746652,-0.15361107683310332,-0.289055989085952,-0.16335165967551712,-0.4812310050996553,0.2443604918572339
798,0,0.0,0.0,0.0,1.0,0.0,0.0,0.0,1.0,0.0,0.0,0.0,1.0,-0.07129405574070284,-0.05982257747625334,-0.02043872776554046,-0.030158478579713002,0.03788871532130933,-0.005580165435246276
798,1,-6.314801814338056,-5.545901989304282,-2.758804946411255,0.977304519651712,-0.20220533731470233,0.06315756035332651,-0.18665744999796,-0.9629515180217831,-0.19463650813709896,0.10017420939840604,0.17843030992796985,-0.9788400034073053,0.0712940557407028,0.059822577476253296,0.020438727765540506,-0.021529163095085537,0.02973116312926471,-0.012041959337264789
799,0,0.0,0.0,0.0,1.0,0.0,0.0,0.0,1.0,0.0,0.0,0.0,1.0,-0.06120200993600657,0.11902498609344439,-0.29223106879620764,-0.07045746683246182,-0.00807317821358041,2.5050265535127292e-05
799,1,-0.945171046822402,2.526935937469709,-6.724319090350777,-0.44306229719837154,-0.1418667954900158,-0.8851946752769675,-0.6766001766313423,-0.5948639227367263,0.4339920672186425,-0.5881394407653158,0.7912083959132817,0.1675746772415012,0.06120200993600665,-0.11902498609344436,0.2922310687962075,0.1323702632630258,0.14340667678596689,0.042129537383175486
800,0,0.0,0.0,0.0,1.0,0.0,0.0,0.0,1.0,0.0,0.0,0.0,1.0,-0.292848620561535,-0.32569607215035173,0.15963063876586275,-0.31740903980975843,0.2740798321067355,-0.08370425383885917
800,1,-4.4135662799507385,-4.897081089949045,1.5334328684297465,-0.4128075293828486,-0.7523300340794339,0.5134096449297252,0.2227925939759106,0.463151030869169,0.8578196679222918,-0.8831497063093627,0.4684982843371617,-0.023578672965678837,0.29284862056153516,0.32569607215035146,-0.15963063876586284,0.03511791948678045,-0.01860312784609535,0.08708201342449715
801,0,0.0,0.0,0.0,1.0,0.0,0.0,0.0,1.0,0.0,0.0,0.0,1.0,0.04630240521758518,-0.03105841878946049,-0.02417783661113418,0.02510082976131317,0.0670370981407172,-0.0013924550699868053
801,1,7.341232846393099,-4.774924590740464,-2.1809583209812216,-0.2499307036491012,0.8690900870631648,-0.42686890720923454,-0.10508632815352958,0.4139091696764966,0.9042323058224153,0.9625442883362169,0.27085350251797347,-0.012119123939962728,-0.0463024052175853,0.03105841878946051,0.02417783661113415,0.02260939992870298,0.009474414202929736,-0.005524135820356241
802,0,0.0,0.0,0.0,1.0,0.0,0.0,0.0,1.0,0.0,0.0,0.0,1.0,-0.2802979369639016,0.5265255831790521,-0.3670650636073775,-0.4128585529569695,-0.2897720330885859,0.013971990497373216
802,1,-3.293944126582135,5.274170358635603,-2.2770223884403435,-0.9657010349349429,-0.21974507836771798,0.13832429887314346,-0.08248148367731614,0.764737620343744,0.6390408256765574,-0.24620787147443085,0.6057131933218503,-0.7566328115141967,0.2802979369639016,-0.5265255831790523,0.36706506360737745,-0.32419458422644254,-0.28107509935398833,-0.26997877198352455
803,0,0.0,0.0,0.0,1.0,0.0,0.0,0.0,1.0,0.0,0.0,0.0,1.0,-0.08486041890720972,-0.2061069729131522,0.21451364103425558,-0.49829397239799855,0.20080936184637493,0.023545624944002523
803,1,-2.2111617234185386,-5.5448076060101625,3.424719512472795,-0.7629046151441665,0.45544030331968766,-0.4588580154076016,0.2831438695191649,-0.40268482058677546,-0.870444992186589,-0.581210888873777,-0.7939893358106692,0.1782549782572328,0.08486041890720968,0.20610697291315228,-0.21451364103425535,0.01471567579069967,-0.017108142108421584,-0.03834447171468376
804,0,0.0,0.0,0.0,1.0,0.0,0.0,0.0,1.0,0.0,0.0,0.0,1.0,0.00386047218605106,0.13913962314893105,0.10224047898946616,0.27553800531327327,-0.05161202618552799,0.015314831252734806
804,1,0.6109644414943262,6.939429490553826,3.062736964896158,0.4482459299648627,0.8782501669133493,0.16659000746326164,0.030625883274102705,0.17116345922738685,-0.9847665334986746,-0.8933854943660193,0.44651955672958926,0.04982613686003334,-0.0038604721860510307,-0.1391396231489312,-0.10224047898946609,0.0078045226146240924,0.00097033990778847,0.0429050563588373
805,0,0.0,0.0,0.0,1.0,0.0,0.0,0.0,1.0,0.0,0.0,0.0,1.0,-0.012386948986896844,-0.020443733793244726,-0.030245891888444603,-0.022677910815822693,0.006065274492103599,-3.16332913774791e-05
805,1,-2.6983314770429687,-3.017239537702855,-8.725495292683142,0.9407020936085903,0.18247067626531702,0.28597906109310356,-0.25079087257284727,-0.19360375671812702,0.9484838025073378,0.22843710144056084,-0.9639616370415923,-0.13636147915569397,0.012386948986896736,0.020443733793244757,0.030245891888444437,-0.06444469130310097,0.020403548449942237,0.017821211459203512
806,0,0.0,0.0,0.0,1.0,0.0,0.0,0.0,1.0,0.0,0.0,0.0,1.0,0.012994570502594888,-0.023430476362337953,0.016575844755060614,-0.005297576862095873,0.0194888641380286,0.0012196067619482933
806,1,2.814321126377032,-7.776301917640931,5.407240568241521,0.11998829596119909,0.19924816628726466,0.9725754351532276,0.985131682052522,0.09743559026221105,-0.1414986740807957,-0.12295681294135935,0.9750930591391864,-0.1845945507589173,-0.01299457050259488,0.023430476362337912,-0.016575844755060375,0.0030930258264592076,0.004126154568764601,0.033889212128694925
807,0,0.0,0.0,0.0,1.0,0.0,0.0,0.0,1.0,0.0,0.0,0.0,1.0,-0.14618198228100457,-0.09580444271513847,0.04373324026315667,-0.04094499849971169,0.04270774573580501,-0.015777888186551556
807,1,-6.30908800534026,-4.377809796737172,1.2672001596618545,0.3867291475260667,0.38811069248390656,0.8365468646964284,0.20278443207140567,-0.9207137301169332,0.33341370890177957,0.8996216096577713,0.04069788144149092,-0.4347696423198555,0.14618198228100449,0.0958044427151383,-0.043733240263156656,-0.02910740406245778,0.04796728455696497,-0.019740365557302297
808,0,0.0,0.0,0.0,1.0,0.0,0.0,0.0,1.0,0.0,0.0,0.0,1.0,-0.14431029270795973,0.4144695605488894,0.5899884033468821,0.9877745005933543,0.24037401523440624,-0.05472420389158522
808,1,-1.171578422181487,4.863570843608678,3.3609152880565394,0.6548800583145714,0.6363931781654216,-0.4075976349372227,-0.448658920994209,0.7614018937608271,0.46794479245925824,0.6081424848127416,-0.12357539788299321,0.784150393230689,0.14431029270795964,-0.41446956054888934,-0.589988403346882,0.48867881350893905,-0.034171001521987564,0.2710039421485291
809,0,0.0,0.0,0.0,1.0,0.0,0.0,0.0,1.0,0.0,0.0,0.0,1.0,0.10947731033190768,0.905676941508853,-0.4445056221443037,-0.4992895252889597,0.23985290561734052,0.17169073166997884
809,1,1.411025026491267,5.803153906147895,-1.7394711681156012,-0.8756553187167513,0.34168061211356193,-0.3412947730463605,0.07825536549625586,0.7977567072962841,0.597879865637603,0.4765541528243275,0.49682853709251895,-0.725298244969885,-0.10947731033190775,-0.9056769415088533,0.44450562214430345,-0.5048460847806856,0.19692302675914466,0.4709284176279057
810,0,0.0,0.0,0.0,1.0,0.0,0.0,0.0,1.0,0.0,0.0,0.0,1.0,-0.2175906054889243,0.261220702644097,0.8366847486383024,0.5470628826161353,-0.2543253784984753,-0.0028522720916765443
810,1,0.38997922433064336,1.7282183029922857,4.860244949311055,0.8240927013517886,0.2729005600893024,-0.4963834242615851,-0.01192669670055474,0.8844631781463985,0.46645754405839024,0.5663293860330089,-0.3784840430006491,0.7321344519344504,0.21759060548892442,-0.261220702644097,-0.8366847486383028,-0.3706855868663787,-1.1295079321298493,0.48076698605306056
811,0,0.0,0.0,0.0,1.0,0.0,0.0,0.0,1.0,0.0,0.0,0.0,1.0,-0.0008555167880992566,0.0013750478752053343,-0.020894899904601638,0.022956597750315944,-0.06854842151151676,8.499185000084356e-05
811,1,-4.09927882799808,-1.0527022561088972,-7.431624641883591,-0.02512618004999312,-0.7560852368890969,-0.6539906647915193,-0.987488476385195,0.12064701490653018,-0.10154214297812336,0.15567653671167492,0.6432568789779878,-0.7496568572119893,0.0008555167880991907,-0.0013750478752052927,0.020894899904601708,0.009258350193572976,-0.010747719636573408,-0.006622300945284737
812,0,0.0,0.0,0.0,1.0,0.0,0.0,0.0,1.0,0.0,0.0,0.0,1.0,0.15734146791261733,-0.16879649959307477,-0.13767779547296857,0.1630111882437028,0.2252967282062772,0.040625323965199814
812,1,4.9694912144082135,-4.716212851113227,-2.6875329633011917,-0.7019153185431266,-0.6985601298351103,-0.13902744548920964,0.09074757936740246,-0.28131050658956425,0.9553163223358427,-0.7064557752849489,0.6579347565580318,0.2608487946674569,-0.15734146791261727,0.16879649959307488,0.13767779547296852,0.03266044333260495,0.03603148530637516,-0.13740219273333926
813,0,0.0,0.0,0.0,1.0,0.0,0.0,0.0,1.0,0.0,0.0,0.0,1.0,-0.24869369204163644,-0.35669292599753766,-0.9301073525758637,0.265350334347111,-0.17232166093878315,0.0054558143364412115
813,1,-1.4273556478680913,-2.11670275273415,-5.400913063052077,-0.17438285063844416,-0.8871931529551362,0.4271755268654026,-0.3721215011640672,0.46102799126244864,0.8055921918960689,-0.9116557517915472,-0.018479735442795908,-0.410539023240609,0.24869369204163647,0.35669292599753777,0.9301073525758642,-0.22305702432987562,0.18790068816231098,-0.022738774391411493
814,0,0.0,0.0,0.0,1.0,0.0,0.0,0.0,1.0,0.0,0.0,0.0,1.0,0.043287903949678595,0.17427234954236945,0.1895325494131037,0.24068132285262966,-0.21926807107239857,-0.011732740685559205
814,1,2.5286484274237293,5.034241526435588,4.450454904775225,0.9608123018733477,-0.03354673206486106,0.2751623835785108,0.2616545279021072,-0.21798963589117437,-0.9402220092469432,0.09152392363291967,0.9753743565481933,-0.2006694695040423,-0.04328790394967858,-0.17427234954236914,-0.1895325494131036,-0.06211992477351758,-0.0673422474963708,0.23448447964348293
815,0,0.0,0.0,0.0,1.0,0.0,0.0,0.0,1.0,0.0,0.0,0.0,1.0,0.03257285315547144,0.044961248291877066,0.15337331199463106,0.18827212086627595,-0.2658932416022105,-0.0015688306731384272
815,1,3.179962087642055,2.6417905915569264,5.427168470173292,0.47988430794963977,-0.7528006952971696,-0.4505576146774054,-0.7875652829755578,-0.14334276009476832,-0.5993277719078629,0.3865901913335683,0.6424515283572074,-0.6616676338435812,-0.03257285315547152,-0.04496124829187721,-0.15337331199463095,-0.027104217352242766,-0.04504971416785328,0.058493238648078524
816,0,0.0,0.0,0.0,1.0,0.0,0.0,0.0,1.0,0.0,0.0,0.0,1.0,-0.02836781162620512,-0.02605137745245561,-0.021674360982535553,-0.013171790408437304,0.009028537830737392,0.0006585633827225212
816,1,-4.965277707329804,-4.270129417798678,-6.336241670285968,-0.4372889517209426,0.6043391629614706,-0.6659974090143507,-0.08564458163537236,-0.7651746278930536,-0.6381009281181378,-0.8952337004041465,-0.22199541648366494,0.38636078569252197,0.028367811626205035,0.026051377452455643,0.021674360982535543,-0.059343706530647466,0.06309755088284288,0.007559533383560378
817,0,0.0,0.0,0.0,1.0,0.0,0.0,0.0,1.0,0.0,0.0,0.0,1.0,0.004209141843858427,-0.3057131493685211,0.5274406136169374,-0.3472661350585704,0.18736390271381978,-0.0054350379558647105
817,1,-1.132498951272411,-3.794544714233311,5.317096791204853,0.17883267813320713,-0.4718922566898226,-0.8633287735896975,-0.32629184844109427,-0.8562603551874952,0.40043955071281123,-0.9281985255712264,0.21008546406253517,-0.3071019291978323,-0.0042091418438584445,0.3057131493685211,-0.5274406136169372,-0.028624451877059948,0.4323424536575443,0.3676266359409722
818,0,0.0,0.0,0.0,1.0,0.0,0.0,0.0,1.0,0.0,0.0,0.0,1.0,-0.32713037847659554,-0.12581822098915013,1.1533928639598123,-0.8827397154910046,0.9451920628632245,-0.006761281339871986
818,1,-2.795485528914063,-1.989052743643196,3.728827329335521,-0.85313716013322,-0.5102720224902375,-0.10853317033767637,0.48329771460987814,-0.851394336126251,0.20384063251719345,-0.19641869832756084,0.12145018516191411,0.9729694483751499,0.32713037847659604,0.12581822098915033,-1.1533928639598126,-0.9422651041140241,1.0592883019697736,-0.2921952794491565
819,0,0.0,0.0,0.0,1.0,0.0,0.0,0.0,1.0,0.0,0.0,0.0,1.0,0.14128259175547453,-0.3506783248994472,0.06928548235993306,-0.28001704753677337,-0.10994793247894252,-0.040445644807493776
819,1,2.7588459710251474,-6.740822460874856,0.748659135233137,0.5126285946060843,-0.736676767847627,-0.4410433807526922,0.7797542272712913,0.18439760655526993,0.5983150238371416,-0.3594374341171803,-0.6506188303532733,0.6689543097588926,-0.14128259175547442,0.35067832489944717,-0.06928548235993309,0.07551444329661325,0.02457246158685706,0.025339028868721008
820,0,0.0,0.0,0.0,1.0,0.0,0.0,0.0,1.0,0.0,0.0,0.0,1.0,0.11851996390129055,-0.1855383809271085,0.08617726010029424,-0.11019294516947716,-0.01903623694571431,-0.030195925354690466
820,1,3.8529238270795028,-6.417707108250609,2.4205140020059415,-0.22633161693599257,0.019660869338992026,0.9738518621391933,0.7610147888454116,0.6276115461425675,0.1641957316957703,-0.607972442084107,0.7782783546812612,-0.15701054837467598,-0.11851996390129074,0.18553838092710848,-0.08617726010029421,0.006230779397835694,-0.026118949706824178,0.07595709144179964
821,0,0.0,0.0,0.0,1.0,0.0,0.0,0.0,1.0,0.0,0.0,0.0,1.0,-0.0036901689829969414,0.02363488977637236,0.013743095934603674,0.007768304806832532,0.01797727865634406,0.00010331632792017972
821,1,-2.204393925809852,7.702816891523156,5.269067872728514,0.7891774890345029,0.6059300717342295,-0.10023791183653219,-0.3317173531870467,0.283171519695007,-0.8998763737470834,-0.5168776338707036,0.7434128318786082,0.4244701084911059,0.0036901689829969544,-0.023634889776372642,-0.013743095934603704,-0.02644159169610803,-0.007125832289530266,-0.023779227813337574
822,0,0.0,0.0,0.0,1.0,0.0,0.0,0.0,1.0,0.0,0.0,0.0,1.0,-0.026064649797139343,-0.001676292475372349,-0.01044781087393269,0.007742039248592139,-0.04609816820591238,0.0016942670081335973
822,1,-9.869183425322817,-0.48214477375387177,-1.3282451304210685,-0.7949306799671956,-0.04020061344605004,0.6053669339544847,-0.21624190151212958,0.9510452238827352,-0.22079950670292853,-0.5668550556159049,-0.30642599891066585,-0.7647080835941844,0.02606464979713914,0.001676292475372371,0.010447810873932678,-0.004931209156131457,-0.022392949532830754,0.0022824362263891597
823,0,0.0,0.0,0.0,1.0,0.0,0.0,0.0,1.0,0.0,0.0,0.0,1.0,0.1903448455981604,0.03472022318377658,-0.08021314673725087,-0.06362743551970954,0.23239276477902648,0.02636577759301033
823,1,7.392279921106571,1.4238018718234957,-1.893573228193827,0.5228995891702162,-0.015141648271302766,0.8522597902830141,0.41521387343679805,0.8777247680473274,-0.23915825484786424,-0.7444282765661375,0.4789258419044575,0.465248943045416,-0.19034484559815995,-0.034720223183776544,0.08021314673725088,0.01516509214807284,0.00013336550616518256,-0.04071751634985462
824,0,0.0,0.0,0.0,1.0,0.0,0.0,0.0,1.0,0.0,0.0,0.0,1.0,-0.10527367628386504,0.15693270394679842,-0.26913438616133645,-0.11342856395333181,0.052068747296790785,-0.0019457956965223781
824,1,-0.7103851352790427,3.043963684112681,-6.1720673361945995,-0.35344213204176156,0.5189859199910509,-0.7782880406050297,-0.23719262453342513,0.7550786386415818,0.6112249245033461,0.9048858039358996,0.4006368234676114,-0.1437769714421,0.105273676283865,-0.15693270394679834,0.2691343861613362,0.26279248234299685,0.4064984041345132,0.21091238307468932
825,0,0.0,0.0,0.0,1.0,0.0,0.0,0.0,1.0,0.0,0.0,0.0,1.0,0.12244001818827635,-0.05667967914328279,-0.03552481058778418,0.04433782186083986,0.022712847581492102,0.004599001244734176
825,1,7.107569379064039,-3.6434846058630748,-2.2637956786335613,0.13554679902040823,-0.799965159007427,-0.584536405752065,-0.989661723670817,-0.08141060711101078,-0.11807618621349483,0.04686937140850511,0.5944981559467096,-0.8027298453400951,-0.12244001818827632,0.05667967914328291,0.03552481058778412,-0.04321493406894751,-0.04739697571714235,0.038654568271873135
826,0,0.0,0.0,0.0,1.0,0.0,0.0,0.0,1.0,0.0,0.0,0.0,1.0,0.07864017354776685,0.07430606451900373,0.18303348911035655,0.18306401671061362,-0.20911123117482083,-0.007338452174453558
826,1,4.193188211235099,3.7572397556721064,4.7735439997305456,-0.3747303445419601,-0.922502605679242,-0.09255328948488335,-0.9009662952938295,0.38588474478461976,-0.19837514583994853,0.21871649143120342,0.009050207595287171,-0.9757464784043579,-0.07864017354776695,-0.07430606451900391,-0.18303348911035638,0.1499334167659146,-0.18299030904724206,0.0234477794921914
827,0,0.0,0.0,0.0,1.0,0.0,0.0,0.0,1.0,0.0,0.0,0.0,1.0,-0.07516423247614532,0.05952199419357479,0.09904918076055141,0.02799432874396476,0.0345358947132292,0.00282511347661709
827,1,-4.810153930755811,3.8726193929059223,5.582683158223467,-0.90230896395268,-0.28005067456915683,-0.32773488255600874,-0.3489873327202379,0.9208398011897924,0.17395948420697716,0.2530738531959685,0.27134052446714213,-0.9286161449223469,0.07516423247614526,-0.05952199419357474,-0.09904918076055164,0.02329301499244644,0.022287816714912284,0.0019473965267434168
828,0,0.0,0.0,0.0,1.0,0.0,0.0,0.0,1.0,0.0,0.0,0.0,1.0,0.06531785434304617,-0.06917731968604571,0.00015329308244841234,0.013213074839381868,0.012449793936619215,0.015498186071445635
828,1,5.868060211641904,-6.436437793525773,0.2179696250738749,-0.8841780854824854,-0.4648570544853344,0.04622804395326671,-0.05271999770554031,0.19761915546116005,0.9788601898313902,-0.46416561160264136,0.8630495862289933,-0.19923778937618497,-0.06531785434304614,0.0691773196860457,-0.0001532930824484028,0.0008788182068441355,0.0008879812473290769,-0.0010205569835677886
829,0,0.0,0.0,0.0,1.0,0.0,0.0,0.0,1.0,0.0,0.0,0.0,1.0,0.033451903779212915,0.025315317942659184,0.0071069328589261245,-0.010689101689521798,0.016368589182589533,0.003162486453305073
829,1,7.422910170646663,5.8929096665682,2.269501547289943,0.7802174289462354,0.5134977954489774,-0.35718451483451286,-0.08254527840483084,0.650560718474076,0.7549549844802422,0.6200379347923763,-0.5595451417424103,0.5499656296268619,-0.03345190377921283,-0.025315317942659045,-0.007106932858926159,-0.004883538207462998,0.0067964340035024185,-0.012378202569219824
830,0,0.0,0.0,0.0,1.0,0.0,0.0,0.0,1.0,0.0,0.0,0.0,1.0,0.01904728937368929,0.015281308815626919,-0.04653343058708126,0.0037993140878717774,-0.010019006348068005,-1.5222931220890829e-05
830,1,2.53536881147902,2.5885539478560733,-8.586278423327323,-0.06894754350752108,-0.21338829940985354,0.9745315130457552,0.896003043933173,-0.44277781629678525,-0.03356114804261856,0.4386624915658584,0.8708692433829666,0.22172500856424004,-0.019047289373689272,-0.015281308815626976,0.04653343058708129,0.00695596262247179,-0.035546914822502315,-0.010545959403279438
831,0,0.0,0.0,0.0,1.0,0.0,0.0,0.0,1.0,0.0,0.0,0.0,1.0,0.06558128147808157,0.04765801898370979,-0.053175517358658504,0.01638402675341419,0.027311916444246517,0.006081293026935327
831,1,6.282597053759495,3.7649312339224696,-4.677161146039678,-0.9287000957545783,-0.20293574881226012,-0.3103759236787613,-0.31568919836479264,-0.006488005593734414,0.9488404691091176,-0.1945673718310232,0.9791705610553368,-0.05803921244594412,-0.0655812814780816,-0.047658018983709735,0.05317551735865853,0.006318041750815094,3.421060862323494e-05,0.046425821630643446
832,0,0.0,0.0,0.0,1.0,0.0,0.0,0.0,1.0,0.0,0.0,0.0,1.0,0.09530263845511242,0.03007047734343496,-0.06584330554577796,0.004335450056392021,-0.012231994436645051,0.0045522841949913444
832,1,6.3630380732286085,2.024067080598199,-5.26427929191046,0.22495577197635597,0.8550615491633335,0.4671880218893908,-0.9701695017218293,0.1520917452129038,0.18878357705825616,0.09036613626430631,-0.49571952572043526,0.8637685530488868,-0.0953026384551125,-0.03007047734343494,0.06584330554577802,0.020692673887537434,-0.07050425159202336,-0.0061116251697018766
833,0,0.0,0.0,0.0,1.0,0.0,0.0,0.0,1.0,0.0,0.0,0.0,1.0,-0.1009514421319967,0.11155867291546911,0.002944591073768295,0.01439877360734193,-0.03828667837063298,0.0025778303963010334
833,1,-5.569542999462124,6.263215012660694,0.2471962079569837,-0.4865207463687502,0.7238284786251808,0.4892544296007448,-0.5063465462398097,-0.6899687896316291,0.5172583923391487,0.711976641796492,0.003924648445477241,0.7021921807245999,0.10095144213199675,-0.11155867291546928,-0.0029445910737682926,-0.023533047497387105,0.02973189128899928,0.008371931748931178
834,0,0.0,0.0,0.0,1.0,0.0,0.0,0.0,1.0,0.0,0.0,0.0,1.0,0.005564247282045881,0.00039558859972727706,-0.020167271307336882,0.042384238554023554,0.033225773896419716,5.733358378126e-05
834,1,5.035971585430928,-3.379618056561556,-7.7332838715781556,-0.8096079964665059,-0.2794209604852781,-0.5161964925287411,0.3838153620658181,-0.9173750558145215,-0.10539817271465707,-0.4440953274914914,-0.28345534711976844,0.8499602380637794,-0.005564247282045876,-0.00039558859972732216,0.020167271307336906,0.02883263464587951,0.025306127599287395,0.020739869949541766
835,0,0.0,0.0,0.0,1.0,0.0,0.0,0.0,1.0,0.0,0.0,0.0,1.0,-0.2848717783528768,0.3241080577514407,0.03192231769298112,0.20396895018516661,0.16354548100197355,0.0713684110450919
835,1,-4.686515429966251,5.539767674445485,0.09844437587822404,-0.7319129883019351,0.5943630993870023,-0.3332204730235044,0.39052584765653586,0.7666375810199173,0.5096630079572912,0.55838422243745,0.24289776749695807,-0.7932261560727294,0.2848717783528766,-0.32410805775144064,-0.03192231769298121,-0.059033341998654176,-0.04198507099880136,-0.012182355592545716
836,0,0.0,0.0,0.0,1.0,0.0,0.0,0.0,1.0,0.0,0.0,0.0,1.0,-0.056139111791589744,-0.07470894416297223,-0.0977084200800836,0.08804638336172393,0.022460683973473186,0.004305858964460278
836,1,-2.4818297501029396,-5.499002478377681,-5.470902076136602,0.2936815488728969,0.05874832009544743,0.9540963173273332,0.04196225608949653,0.9963551592760745,-0.07426685430141518,-0.9549818411443728,0.061846838802892476,0.29014591435102655,0.05613911179158988,0.0747089441629723,0.09770842008008339,0.04052714308984416,0.042175235489293535,-0.12760009361789015
837,0,0.0,0.0,0.0,1.0,0.0,0.0,0.0,1.0,0.0,0.0,0.0,1.0,-0.03479336651587343,0.11671703199998228,0.017847780809115144,-0.05878975242315636,-0.018623298121014698,-0.008267634386374914
837,1,-2.419415123891653,7.97250834072894,2.0560533237460805,0.9795558152509176,-0.07878437399140883,0.1851038282232215,0.03199611269455242,0.9694260745124825,0.2432885834307814,-0.19861181631652122,-0.23239214373575673,0.9521277424533705,0.03479336651587338,-0.11671703199998235,-0.017847780809115164,-0.03889510779401155,-0.009732527930785929,0.00327108669971171
838,0,0.0,0.0,0.0,1.0,0.0,0.0,0.0,1.0,0.0,0.0,0.0,1.0,0.037479403190053676,0.14642581300786456,-0.10133727779328033,-0.037495808710490464,0.03400248928722461,-0.0029868588198088547
838,1,1.9005169530926926,6.569477643935107,-4.3473729192923525,-0.3557240420593206,0.3582259309475645,-0.8632117864682627,0.3262290702223061,0.9131229325128352,0.2445017461308815,0.8758053434655835,-0.19462962908023823,-0.44168349283306996,-0.03747940319005366,-0.14642581300786456,0.10133727779328022,0.00833044190605003,-0.004346217320510243,0.035051497446548924
839,0,0.0,0.0,0.0,1.0,0.0,0.0,0.0,1.0,0.0,0.0,0.0,1.0,0.0011946135799182495,0.027760112751844195,0.009893644979244274,0.001127908309327054,-0.01694340887319093,-0.001259239372421072
839,1,1.1142802600785713,9.043111985294166,3.7163847831606804,0.7714661863143208,0.3979975749182037,-0.4964250736343465,0.6362608702738919,-0.47830486579153564,0.6053069967532598,0.0034681885685890756,-0.7828297297109825,-0.6222263140921338,-0.0011946135799182672,-0.02776011275184421,-0.009893644979244259,-0.014825829429056466,0.010358759302759129,0.02138876064700198
840,0,0.0,0.0,0.0,1.0,0.0,0.0,0.0,1.0,0.0,0.0,0.0,1.0,-0.018758208782870683,-0.03425482617402682,-0.01835031406693725,-0.014677433946547282,0.01084525124638399,-0.002325639396898718
840,1,-3.5824649887140043,-7.629253234603045,-4.852139292832536,0.1383478734796202,0.5654144822991549,-0.8131213495598585,-0.8544693533059196,0.4832530008406952,0.19065324922336485,0.5007414404307181,0.6684108021156163,0.5499863720589155,0.01875820878287076,0.03425482617402689,0.018350314066937223,-0.011532561150433626,0.014432832975430444,-0.018068770172241552
841,0,0.0,0.0,0.0,1.0,0.0,0.0,0.0,1.0,0.0,0.0,0.0,1.0,0.13817200661662266,0.6248348518777613,0.11284637574988607,0.4079491003602472,-0.17269636824641674,0.12438680216582727
841,1,1.8696149728379607,6.518630984237435,0.7506163877509557,0.9274942854590135,-0.35816975702092646,-0.10709236945947438,-0.18154990401587479,-0.6819683232882707,0.7084905351401747,-0.3267934864600283,-0.6376783132481103,-0.6975474077224746,-0.1381720066166225,-0.6248348518777617,-0.11284637574988617,-0.14135649839552866,0.06543126700880161,0.14312146897044992
842,0,0.0,0.0,0.0,1.0,0.0,0.0,0.0,1.0,0.0,0.0,0.0,1.0,-0.14269221840277754,0.008726192968507298,0.05200014604403207,-0.02175037205406312,0.01625924284857959,-0.008359285914740514
842,1,-7.907649201291326,0.07499922396741067,2.744483587609668,-0.9808634115225594,0.1565749007643344,0.11572064805800633,-0.16911020320153708,-0.3906086277588894,-0.9048904017025775,-0.09648164130787251,-0.9071434287757124,0.409612124478247,0.14269221840277735,-0.008726192968507296,-0.052000146044031956,0.0017014492691744673,0.0033232189975054074,-0.04994258129659336
843,0,0.0,0.0,0.0,1.0,0.0,0.0,0.0,1.0,0.0,0.0,0.0,1.0,0.012346784846076738,-0.053903995428330506,-0.006450724253472534,-0.03668972840120057,-0.009444269757143126,-0.002674330442814082
843,1,2.2891516566200396,-8.890676193061138,-2.1444747708041922,0.6990200582093797,0.461224145161937,0.5464826128438085,0.6309633443911136,-0.757447299115243,-0.16780598051858792,0.3365356091942374,0.4621102433215089,-0.8204863842633827,-0.012346784846076759,0.05390399542833062,0.006450724253472552,-0.021554729292048193,-0.0022664127345801213,-0.010948823898525317
844,0,0.0,0.0,0.0,1.0,0.0,0.0,0.0,1.0,0.0,0.0,0.0,1.0,0.050297093685254854,-0.053483261305653576,-0.05448841141937534,0.00941917973365897,0.06415941393674272,0.0016140030580891578
844,1,5.594060687420316,-4.978398061951686,-4.285919305290726,-0.9328937530071464,-0.24942196025444174,0.2598036399727176,0.3410208963242888,-0.3797726610598533,0.8599287611085565,-0.11581879756939474,0.8908206394411559,0.43934564351456795,-0.05029709368525492,0.05348326130565356,0.05448841141937537,0.03262087993557657,0.025082781478719333,-0.05040365883859854
845,0,0.0,0.0,0.0,1.0,0.0,0.0,0.0,1.0,0.0,0.0,0.0,1.0,-0.03366949083644392,-0.025554088701196943,0.02192077075406176,-0.054011036972026985,0.04151473387459474,-0.0027651463370430424
845,1,-6.795786232933201,-5.5481900946568015,2.761696736638332,0.32415554073173947,-0.535323115288518,-0.7799694530240975,-0.9442162873678913,-0.23374684693165904,-0.2319870992505909,-0.05812734366982042,0.8116597647951412,-0.5812311400214092,0.03366949083644381,0.025554088701196995,-0.02192077075406173,0.0029630771809609595,0.014469215263861388,-0.01037946502310485
846,0,0.0,0.0,0.0,1.0,0.0,0.0,0.0,1.0,0.0,0.0,0.0,1.0,-0.026126052434652585,-0.2039871647351848,0.11733837295600028,-0.25052874744260617,-0.026753614908809446,-0.016388768467813456
846,1,-0.36479563646079305,-6.783708885034033,3.1440567284579672,0.6161190480049529,-0.7064699696445054,0.3482779072464436,0.1436851290324247,0.5355614621487416,0.8321829750457754,-0.7744365063582722,-0.4626814263092846,0.4314788469531271,0.026126052434652564,0.20398716473518486,-0.11733837295600022,0.0958866020702718,-0.012583649592647426,-0.08642913797459997
847,0,0.0,0.0,0.0,1.0,0.0,0.0,0.0,1.0,0.0,0.0,0.0,1.0,0.1570029159992846,-0.20649258111294477,0.3333109764200202,-0.6161456644191985,-0.43361819147409153,0.021474701114422724
847,1,3.1114051906304825,-4.235266384554637,3.6528673272214562,-0.8259284323719265,-0.2219597685179479,0.51824326889899,-0.2589132543676153,-0.6672315377389548,-0.6984024640272112,0.5008055024781801,-0.7110105035834341,0.49361717198818056,-0.15700291599928468,0.206492581112945,-0.3333109764200202,-0.041225106754493875,-0.029936488520992052,0.0009923825929003052
848,0,0.0,0.0,0.0,1.0,0.0,0.0,0.0,1.0,0.0,0.0,0.0,1.0,0.0062231047865087905,-0.05498872801408187,-0.00955472972572629,0.06168055765273158,0.00047321941941224927,-0.0006716022487201047
848,1,1.2157297815744081,-9.185238810224327,0.0686503890256155,-0.3957796666990121,-0.8572855414874117,-0.3292718569575214,-0.8932395601725756,0.2760996032189582,0.3548127636444857,-0.2132640231504667,0.43454632602171356,-0.8750359689582528,-0.006223104786508804,0.05498872801408193,0.009554729725726288,0.02985691421540409,0.011569968627588478,-0.00901912844376116
849,0,0.0,0.0,0.0,1.0,0.0,0.0,0.0,1.0,0.0,0.0,0.0,1.0,-0.0062070889585465715,-0.0023264592880385664,0.020072517666854868,0.013176446323714001,-0.059984957523340515,2.07258593165581e-05
849,1,3.338462783141248,0.4526767484000417,8.496551104473813,-0.7904488129122045,0.612429071260699,-0.011013938461985812,0.6098150418912054,0.7885109711528551,0.07985025394329595,0.05758722817530193,0.05640107309563333,-0.9967460208622589,0.00620708895854661,0.0023264592880385734,-0.02007251766685469,0.01567679593921733,-0.05976524421770547,-0.004977718762142036
850,0,0.0,0.0,0.0,1.0,0.0,0.0,0.0,1.0,0.0,0.0,0.0,1.0,0.18106244944064906,-0.2680742705514506,-0.1959527932803759,0.1790902726481312,0.17419449163345463,0.041548009402061006
850,1,4.024807806265634,-5.330431495895074,-2.767719616260216,-0.978625304228878,-0.01830983258312953,-0.2048347235058397,0.13005301867222097,0.7164686093018969,-0.6853896294949674,0.15930701885723358,-0.6973790088006545,-0.698773061749691,-0.1810624494406491,0.26807427055145067,0.19595279328037596,0.12346825114230311,0.11334774733595118,-0.15535444295416093
851,0,0.0,0.0,0.0,1.0,0.0,0.0,0.0,1.0,0.0,0.0,0.0,1.0,-0.045927928329024606,-0.05538485499967039,0.03054913715439342,-0.06755165592628043,0.0474089747471774,-0.008302466505633398
851,1,-5.270706209969824,-6.606811267475608,2.0532373062311096,0.02860612175797994,0.7309827056776128,-0.6817961380047588,-0.38139062835384974,-0.6224943267777823,-0.6834047129873564,-0.9239712540992946,0.27958021591255666,0.26098280492872505,0.045927928329024766,0.05538485499967029,-0.0305491371543934,-0.02056247715150024,0.019305616318642,-0.0032173886853383675
852,0,0.0,0.0,0.0,1.0,0.0,0.0,0.0,1.0,0.0,0.0,0.0,1.0,-0.16179430651984855,0.20522579412741054,-0.05308133085674854,-0.04311459541986145,-0.0034693023919686993,-0.021659880019003153
852,1,-4.8011241025950575,6.130401857306069,-1.4699367636632263,-0.3861727983122729,-0.31621580736460264,0.8665322458030174,0.46475177620648545,0.7447580096596451,0.4788959109876809,-0.796791287826734,0.5876589744235652,-0.14064342651847705,0.16179430651984875,-0.20522579412741043,0.05308133085674859,0.019373645787233735,-0.01355335527726701,0.028209490550509565
853,0,0.0,0.0,0.0,1.0,0.0,0.0,0.0,1.0,0.0,0.0,0.0,1.0,0.04623241666132856,-0.07217644900679657,-0.03792328404913683,0.02113671782945712,0.007612752608237961,0.0009621782657645468
853,1,4.3603319201468755,-6.937828584059114,-3.0438015869557695,0.7519449854215892,-0.5555173484450342,-0.35493550748822605,0.6536397496658,0.6982239139390938,0.2919562358649041,0.08563770522472319,-0.4515349837832851,0.8881341913605578,-0.046232416661328476,0.07217644900679657,0.0379232840491368,0.022277736220317403,0.0170230501454582,0.005077129070143191
854,0,0.0,0.0,0.0,1.0,0.0,0.0,0.0,1.0,0.0,0.0,0.0,1.0,0.0022944769458509975,0.00011089674816445669,-0.007069587117687855,-0.014760877120270795,7.666628997660477e-05,-4.324335676144427e-05
854,1,1.749430493008695,2.754279949508136,-9.374610917172332,-0.5420243106053833,0.7237060675297806,0.42715240199879423,0.8346137413358592,0.40423442410853494,0.3741850252735947,0.09813026794072474,0.5593246447155907,-0.8231199136988849,-0.002294476945850962,-0.00011089674816441852,0.007069587117687889,-0.003671131063256873,-0.009218743639086795,-0.00608238233699014
855,0,0.0,0.0,0.0,1.0,0.0,0.0,0.0,1.0,0.0,0.0,0.0,1.0,-0.10098327788930546,-0.337839217922524,-0.4728243150960583,0.5108319954911884,0.12930119658884617,-0.008747603409731033
855,1,0.03403244690018544,-4.762664365089681,-4.469522655430812,-0.5962378740939744,0.2639656287120169,-0.7581705245883459,0.5907861240924244,0.7837125548947994,-0.19174563066760242,0.5435735029191069,-0.5622426328187287,-0.6232263383116248,0.10098327788930535,0.33783921792252414,0.47282431509605855,0.23109148256699577,0.3381372201536932,-0.4836993509083609
856,0,0.0,0.0,0.0,1.0,0.0,0.0,0.0,1.0,0.0,0.0,0.0,1.0,-0.0022489092785210555,-0.000683899219331578,0.015430964553867721,0.03649803358949763,0.0355623721321852,-0.0001802449217831372
856,1,-4.719380424765509,3.3741213680329927,7.926047758503161,0.8149433717777129,0.06398783326642687,0.5759972725538205,0.1960104589051283,-0.9657468652211043,-0.17003791434680468,0.5453872026325639,0.2514727609692116,-0.7995712911899404,0.0022489092785210416,0.000683899219331676,-0.015430964553867589,0.020988531515492456,0.019437257572489187,0.010995918361434862
857,0,0.0,0.0,0.0,1.0,0.0,0.0,0.0,1.0,0.0,0.0,0.0,1.0,0.0639123392381373,-0.021041636225587704,0.006777208184548026,0.015314064269937868,0.04681375509569317,-0.003193816657483182
857,1,8.387672197538372,-2.6785077456198314,2.490029916176624,-0.5236824033405809,0.8450855464660592,-0.10764366951008071,-0.8503233699813197,-0.5262321828168119,0.0054640856019088635,-0.05202794340587481,0.09439337329503357,0.9941745240061926,-0.06391233923813733,0.021041636225587627,-0.006777208184548047,0.01892743480109106,0.055484880953634644,-0.0021068348125622294
858,0,0.0,0.0,0.0,1.0,0.0,0.0,0.0,1.0,0.0,0.0,0.0,1.0,-0.07168822656663831,-0.048225789528605956,0.0929501811660807,-0.12136279619157707,0.20441018666751595,-0.0016983606493535149
858,1,-5.358030071168017,-3.4249143181659987,4.269809453078991,-0.3099771093446231,0.5174307217445209,0.7976087009789297,0.4307177408521832,-0.6714750067389299,0.6029954751406893,0.8475826917755831,0.5304590121016876,-0.01472470993121977,0.0716882265666382,0.04822578952860597,-0.0929501811660806,0.008931321851183453,-0.012475388327839572,0.01456755753743709
859,0,0.0,0.0,0.0,1.0,0.0,0.0,0.0,1.0,0.0,0.0,0.0,1.0,0.05707959173742558,0.06953529374574617,-0.06887581771217346,-0.15520398056251328,0.0539149942350389,0.004134463026563395
859,1,3.9946339166937066,5.943808873351903,-3.8095694409871608,0.4400504314637145,0.20084727128335167,-0.8752233951321402,-0.5622659455450524,-0.6983203974175962,-0.44295104586269873,-0.7001518579914838,0.687029108676308,-0.19436661128524846,-0.057079591737425564,-0.06953529374574624,0.06887581771217348,0.010718814209388756,0.003770014851102875,-0.06563660407875971
860,0,0.0,0.0,0.0,1.0,0.0,0.0,0.0,1.0,0.0,0.0,0.0,1.0,0.05403044133494768,-0.0446193173248496,0.1716359901496863,-0.0159454380992398,-0.027889884478662127,-0.0005645578391770588
860,1,2.284304791970943,-1.8324565778133213,7.24961858925465,0.5405122655897796,-0.08814277070344406,-0.8367062463730766,-0.7478574633791795,0.4052594055829425,-0.525807976978877,0.385429248001579,0.9099426719081154,0.15312945054971328,-0.05403044133494757,0.044619317324849625,-0.1716359901496862,0.02490297127802646,0.02752106159252496,-0.0023511249140674984
861,0,0.0,0.0,0.0,1.0,0.0,0.0,0.0,1.0,0.0,0.0,0.0,1.0,-0.06942342471232996,0.1612746203539124,-0.21605322419350953,-0.184354116883712,-0.23166689829640646,-0.0012932449765744175
861,1,-2.637330573257827,3.426609696118033,-5.183434295120626,0.012703051848567237,0.9741926063156355,-0.2253605960980789,0.22452976775288358,0.216844242321781,0.9500341877873284,0.9743844291995682,-0.06266849584792694,-0.21598065598934912,0.06942342471233007,-0.16127462035391252,0.21605322419350942,0.27998044205969846,0.02171488521855352,-0.18615426171635735
862,0,0.0,0.0,0.0,1.0,0.0,0.0,0.0,1.0,0.0,0.0,0.0,1.0,0.024175066578879464,-0.01203772773826681,0.02978848782968757,0.016659682061125385,-0.04215529782929549,-0.0013639983399487098
862,1,7.152082292395005,-2.1072243817608114,5.91868935095105,0.5156112673550048,0.8494288040506258,0.11231975705853853,-0.45290716415097043,0.3814729086363682,-0.8058247456098844,-0.727337694360255,0.36462189570242826,0.5814041206743171,-0.024175066578879432,0.012037727738266838,-0.02978848782968749,-0.008183138937499834,-0.027809709375690488,-0.033788531331876204
863,0,0.0,0.0,0.0,1.0,0.0,0.0,0.0,1.0,0.0,0.0,0.0,1.0,-0.017659741417483166,-0.037180579060095746,-0.015324992934064512,-0.006570869233331007,-0.005965890166348354,-0.0021455389330796593
863,1,-3.7109660625757988,-8.273319762492662,-3.443396227082208,-0.8243159791464079,0.09057745290880415,-0.5588370885584206,-0.4577551256130038,-0.6874603194473574,0.5637894590717001,-0.333111710239856,0.7205512016573774,0.6081468196835265,0.017659741417483308,0.037180579060095684,0.015324992934064394,0.005331970478521674,0.009904848447030677,-0.005983281657763472
864,0,0.0,0.0,0.0,1.0,0.0,0.0,0.0,1.0,0.0,0.0,0.0,1.0,0.06095041965697588,-0.009650263944406648,0.02144898629884759,0.004830853355119749,0.01577532733171768,-0.0020533362286330563
864,1,8.540768944185306,-1.0346481540047412,3.398492610167873,-0.5897624567106505,0.8013502196016076,0.10009031021569159,-0.3447788518170112,-0.36192222554154263,0.8661061401461141,0.7302792534327958,0.47628786275057666,0.48973674949111823,-0.06095041965697626,0.00965026394440666,-0.021448986298847665,0.005773343266740109,0.00817338739369234,-0.017305099187042032
865,0,0.0,0.0,0.0,1.0,0.0,0.0,0.0,1.0,0.0,0.0,0.0,1.0,0.03013633791583636,-0.037432250829877736,-0.14230619090244756,-0.030054072916198542,-0.07162752730278563,-1.3475480032998366e-05
865,1,-0.46202604149219556,-0.6835960368325938,-7.527669818571893,-0.6804738925320093,-0.278095403056276,-0.6779514941212998,-0.22673787874203474,-0.7998743694367207,0.5556895963231369,-0.6968107461326194,0.5318495463166025,0.4812388639303006,-0.030136337915836368,0.0374322508298777,0.14230619090244745,-0.1544436037794294,-0.2209780401310301,0.03790923131901795
866,0,0.0,0.0,0.0,1.0,0.0,0.0,0.0,1.0,0.0,0.0,0.0,1.0,0.006720655105745954,-0.051623821859274055,0.09956874055306514,-0.08096120218859813,0.12719327197498886,-0.0007755579612528166
866,1,-2.1538783884622625,-4.011672711041017,6.306115490129408,0.7447721867769984,-0.5040349062052457,0.43733648730705865,0.6473819972217713,0.3867326627820694,-0.656760532622539,0.16189792919169302,0.7722607466809119,0.6143308552069333,-0.006720655105746055,0.05162382185927401,-0.0995687405530651,0.007069785525593404,0.12964691373482662,0.13892806088180856
867,0,0.0,0.0,0.0,1.0,0.0,0.0,0.0,1.0,0.0,0.0,0.0,1.0,-0.18496817787692302,-0.018076087375653655,0.0187229425039472,0.037522571448434024,0.027604742695340002,-0.01346700683567945
867,1,-8.135522822102587,-0.787019562839561,0.7706630971754466,-0.9733318375630209,0.20505710914378705,-0.10284316202736102,0.1987061258529496,0.5295973605292923,-0.8246469009636297,-0.11463424241780804,-0.8230906497525043,-0.556220075829069,0.18496817787692316,0.018076087375653648,-0.01872294250394721,-0.03832731999122553,-0.017831965499091634,0.0149518537227037
868,0,0.0,0.0,0.0,1.0,0.0,0.0,0.0,1.0,0.0,0.0,0.0,1.0,0.1366166118464716,-0.03486380731327399,0.9176948075756184,-0.23519442294577994,-0.12974346347785234,0.0013376352789542401
868,1,0.8537758278570152,-1.060264182077605,5.874465143740363,-0.6189039545509867,0.7618639893848249,-0.1911050933904927,0.38166436474539434,0.0790457016830941,-0.9209148113310599,-0.68650579584199,-0.6428958226058608,-0.33969803289287537,-0.1366166118464714,0.034863807313273945,-0.9176948075756183,-0.5329982907653402,0.1487873437678997,0.11374618898752052
869,0,0.0,0.0,0.0,1.0,0.0,0.0,0.0,1.0,0.0,0.0,0.0,1.0,0.09197830250064179,-0.021426266078812088,-0.060401022046413864,0.010408300128633708,0.003345059408125655,-0.00664416594822656
869,1,7.074510455606808,-1.5098058582360618,-4.610677965641321,0.543701977310148,-0.8391516265380838,0.014584496821059056,-0.6335552100045605,-0.3989710783824101,0.6628950704979287,-0.5504506842080519,-0.3696574445251507,-0.7485702491830826,-0.09197830250064187,0.021426266078811998,0.06040102204641386,-0.01800409609505888,-0.00011973006823476351,-0.006066797504864954
870,0,0.0,0.0,0.0,1.0,0.0,0.0,0.0,1.0,0.0,0.0,0.0,1.0,0.03918393022013721,0.04378087949064638,-0.010983574396685982,-0.027267331374985868,0.017126302967519703,-0.0070847698238574175
870,1,6.004874714234434,6.865661533862087,-0.9825998406079939,-0.4487177047804256,-0.02095016885142975,0.8934279555966913,0.8795859860899411,0.1664562624097421,0.445668941905048,-0.1580535178057511,0.9858262540273898,-0.056264397086892126,-0.03918393022013721,-0.04378087949064645,0.01098357439668595,-0.00512308765546682,0.010326561610351087,0.0009598635862528987
871,0,0.0,0.0,0.0,1.0,0.0,0.0,0.0,1.0,0.0,0.0,0.0,1.0,0.2728200188214771,0.14620081392200301,0.8813119000409323,0.8530433367670407,-0.07168603500483872,0.021093337926005873
871,1,0.499042376768757,2.1967296553037037,4.532240330090577,-0.10764680995954712,0.8035393863112901,0.5854371178461513,-0.9341700188713773,-0.2832544245912627,0.21700992325541946,0.34020367450599875,-0.5235373774583318,0.7811338388884894,-0.272820018821477,-0.14620081392200313,-0.8813119000409322,0.4203434244755583,0.8683599418925909,-0.5474447621664965
872,0,0.0,0.0,0.0,1.0,0.0,0.0,0.0,1.0,0.0,0.0,0.0,1.0,-0.08492415822937194,-0.2230556589822036,-0.18075019258444067,0.1224797300619451,0.05729786170073278,-0.0004245918488471577
872,1,-1.0828193448550174,-5.619204173797465,-4.733392832523101,0.19466603506230828,0.5235744186402739,-0.8294425615668751,-0.7040921832871735,-0.5141516428702668,-0.4897982090286845,-0.6829050682393721,0.6793510994171605,0.2685567937954162,0.08492415822937197,0.22305565898220364,0.18075019258444056,-0.16261755095684036,0.1489617350535316,-0.2352526100045618
873,0,0.0,0.0,0.0,1.0,0.0,0.0,0.0,1.0,0.0,0.0,0.0,1.0,0.060796898202835396,-0.14489664283535167,0.29962505547248974,-0.44970999339337336,0.053435615444529405,-0.005636711559138606
873,1,0.2561107365063307,-4.6858209844971315,4.799738329279781,0.7951422481764496,0.2558440772330842,-0.5498114343205797,0.4753365345573469,-0.8259459720429521,0.30309805374009857,-0.37656869768996143,-0.502351529718757,-0.7783565741415126,-0.06079689820283541,0.14489664283535164,-0.2996250554724899,-0.2588134086199366,0.16163639352813114,0.253410507036464
874,0,0.0,0.0,0.0,1.0,0.0,0.0,0.0,1.0,0.0,0.0,0.0,1.0,-0.0424130505543857,0.007307627412221864,-0.012814856131869102,0.007981090151524744,0.031516522798896135,-0.0006809336693299195
874,1,-8.275237361159508,1.1955749970175975,-4.6455687187508925,0.5008551350581334,-0.7353564163662245,0.4565030937408012,-0.7597889982458668,-0.6261628292270696,-0.17504510686932623,0.4145658112175208,-0.2591737876471606,-0.8723325833454711,0.04241305055438562,-0.007307627412221894,0.012814856131869133,0.010645873581339341,0.05947024188303062,-0.009083434923654895
875,0,0.0,0.0,0.0,1.0,0.0,0.0,0.0,1.0,0.0,0.0,0.0,1.0,0.11999255037133401,-0.14629763471256196,0.5725649503285182,-0.19958147121929704,0.26581438605867536,0.0006464274428110567
875,1,-0.7695941346405634,-1.080613930054738,5.464773216576283,0.8768850483295431,-0.20264929890899078,0.43589663186102895,0.3973607945101043,0.8158758131060487,-0.4200607772392496,-0.27051249694310525,0.5415532469113618,0.795954188227795,-0.11999255037133394,0.1462976347125619,-0.5725649503285182,0.38034320585887055,0.830560316872864,0.24160899557782245
876,0,0.0,0.0,0.0,1.0,0.0,0.0,0.0,1.0,0.0,0.0,0.0,1.0,-0.03493550987577057,0.015038202789423739,-0.06014437800953019,0.02746183867797147,0.03428552868572273,-4.8846056305791585e-05
876,1,-1.7935658272417259,0.15459635873046282,-8.165094567343585,0.5177059529724308,-0.13438957844652463,-0.8449378601186437,0.48670706654201257,-0.7659524483713727,0.4200393769778835,-0.7036311374825421,-0.6286941132529117,-0.3311297847161425,0.03493550987577061,-0.015038202789423754,0.06014437800953048,0.0860284073821821,0.1430933121097084,-0.021522257952749636
877,0,0.0,0.0,0.0,1.0,0.0,0.0,0.0,1.0,0.0,0.0,0.0,1.0,0.026640237224160947,0.009303809380923247,0.022082875816434106,0.010665081851127524,0.014738101678800339,-0.0006373516351702926
877,1,6.533398882854482,3.4491861776153407,6.4451344931702526,0.2832770134359477,0.6018480849126535,0.7466813352065133,0.4615291827553112,0.5969367092275774,-0.6562449075168243,-0.8406812399025118,0.5305143239004223,-0.10867200657231524,-0.02664023722416074,-0.009303809380923221,-0.02208287581643417,0.005538565418043979,0.012685573971571988,-0.030464288551184156
878,0,0.0,0.0,0.0,1.0,0.0,0.0,0.0,1.0,0.0,0.0,0.0,1.0,-0.016410214172543583,-0.01779872081859591,0.035060546152293405,-0.06138063503059794,0.029744974445076993,-0.0008132043117321415
878,1,-4.419217194710537,-5.819558391087617,5.8270963795198645,0.08898747949164554,0.8900900191610259,-0.4470134072750484,-0.9924604705548812,0.0412612729492432,-0.11541109886224846,-0.08428192498814685,0.45391327932164793,0.8870508959331251,0.016410214172543576,0.01779872081859605,-0.03506054615229346,-0.03894139888397049,0.029571294375106697,-0.01603058219024684
879,0,0.0,0.0,0.0,1.0,0.0,0.0,0.0,1.0,0.0,0.0,0.0,1.0,-0.011103603405024191,0.11650951769783416,-0.03383088241051138,-0.11207937223190037,0.01627152907970266,0.0024146134479270526
879,1,-0.6233919905818835,8.198839115323763,-1.380446326369435,0.7078729230503674,0.3254463311473813,-0.626897607552332,0.2861302245899523,0.6793276732174522,0.6757539544664654,0.6457905383235589,-0.6577222802548742,0.3877576339262665,0.011103603405024167,-0.11650951769783385,0.033830882410511375,-0.004459454088269276,-0.022033501678804135,0.015990944310839503
880,0,0.0,0.0,0.0,1.0,0.0,0.0,0.0,1.0,0.0,0.0,0.0,1.0,0.10137190915184789,-0.10846939496957003,0.07011512323665156,-0.09127467079824043,-0.02624410962678289,0.005472396031915093
880,1,4.835680741143061,-5.930544258570503,2.7591174851609783,-0.2652567078475463,-0.3201712737682303,-0.909466455893515,-0.5943634060286501,0.7970155261525989,-0.1072305583577656,0.7591910303183935,0.5121099555030394,-0.4017118033600351,-0.10137190915184793,0.10846939496956987,-0.07011512323665153,-0.025266366486474276,-0.03311323442655181,0.07119483351111744
881,0,0.0,0.0,0.0,1.0,0.0,0.0,0.0,1.0,0.0,0.0,0.0,1.0,-0.03974605577097891,-0.12170171014667529,0.07199806459645956,-0.048830103191119544,-0.026057240483732223,-0.009533804869565147
881,1,-1.6380708465383025,-7.231229910538893,3.7662335895754313,0.05765699680087388,-0.07604254313680364,-0.9954361869819639,-0.9928797573395496,0.09974019048704708,-0.06512819563725353,0.10423750853344887,0.9921035359451627,-0.06975038193332161,0.03974605577097893,0.12170171014667511,-0.07199806459645962,-0.013447386356529478,-0.0056977591914253185,-0.07852303908236137
882,0,0.0,0.0,0.0,1.0,0.0,0.0,0.0,1.0,0.0,0.0,0.0,1.0,-0.09039306350559434,-0.04548948221137203,-0.21405964335143274,0.05363124976810175,-0.23320068575471153,0.0032415172784532598
882,1,-4.658908615283107,-1.63367363930846,-5.504428765953304,0.4829115979892129,-0.8448177569045,-0.23038955303215025,0.8753191556931282,0.45827404530120996,0.15427661870787063,-0.024754074496412926,-0.2761663575132092,0.9607910172215977,0.09039306350559437,0.04548948221137201,0.21405964335143274,0.0456787323823068,-0.26652145183687037,0.06101705827545083
883,0,0.0,0.0,0.0,1.0,0.0,0.0,0.0,1.0,0.0,0.0,0.0,1.0,0.3285475039473865,0.2527994238854517,0.027004704088816778,0.11649651530207136,0.0034837667875215403,-0.04615788601071641
883,1,5.7460783469069945,4.751916252121586,0.31526374228909726,0.4514623514991777,-0.7429914205539997,-0.49411081162223364,0.8822755330613467,0.2889716796477694,0.37159824020420723,-0.1333102731980909,-0.6037044950509285,0.7859829856397362,-0.32854750394738647,-0.252799423885452,-0.027004704088816767,-0.0678709154813441,-0.05507579660270716,-0.06246704189209259
884,0,0.0,0.0,0.0,1.0,0.0,0.0,0.0,1.0,0.0,0.0,0.0,1.0,-0.03919285101513282,-0.017784530835249383,0.0288740190276438,0.004729553339268582,-0.025175235674155087,0.000121930210888372
884,1,-5.192809466429343,-2.7653887848689003,6.885724707572656,0.4288350931845085,0.11475087332025596,0.8960651203599392,-0.7409436311972146,0.6121374966352151,0.2762068438715054,-0.516820083047979,-0.7823809316984985,0.3475299691722562,0.03919285101513275,0.01778453083524941,-0.028874019027643777,0.03788194165245817,-0.09475866758034904,-0.016153720777886717
885,0,0.0,0.0,0.0,1.0,0.0,0.0,0.0,1.0,0.0,0.0,0.0,1.0,0.1696954374390046,0.07873615821387007,0.00014900415105471333,0.05901419335924685,-0.07439771148239979,-0.0024004912125449034
885,1,7.37599836613934,3.4061678057207674,-0.5477553060319911,0.5958668473804514,-0.6381082962801278,0.48760691382644944,-0.5443506579901093,-0.7673272355144289,-0.33895615466239676,0.5904447995694574,-0.06345640910307132,-0.8045795316841748,-0.16969543743900473,-0.0787361582138701,-0.00014900415105475258,-0.01537851177878372,-0.01965291915896277,0.005147129771698057
886,0,0.0,0.0,0.0,1.0,0.0,0.0,0.0,1.0,0.0,0.0,0.0,1.0,-0.0769834398906749,-0.0317720698674893,0.2217177428165607,0.06003344426181591,0.3400827346339457,0.000980302893842544
886,1,-4.5555718854533325,0.016383198456729507,5.34364587747173,-0.617585776007405,-0.7645148905677656,0.18467482604158303,-0.6523040136372628,0.6290730048245552,0.4228080278255404,-0.43941698085764647,0.14065609372210894,-0.8872026714526893,0.07698343989067487,0.03177206986748924,-0.22171774281656056,0.11337769168627822,0.2585961398419524,0.14502088031076135
887,0,0.0,0.0,0.0,1.0,0.0,0.0,0.0,1.0,0.0,0.0,0.0,1.0,0.07784925909245673,-0.29077451880982275,0.47248385950398675,-0.3475733292791572,-0.21921976058517337,-0.009704569176137122
887,1,1.77963239705152,-4.236349110727273,4.955285925620824,-0.720319546293799,-0.1740622412010279,-0.6714477547919652,0.20560889605004704,-0.9780784684275223,0.032977135466161434,-0.6624686657436537,-0.11430155636100406,0.7403177838747868,-0.07784925909245664,0.290774518809823,-0.4724838595039865,-0.21316236817606316,-0.23586248497120055,-0.17797054520778433
888,0,0.0,0.0,0.0,1.0,0.0,0.0,0.0,1.0,0.0,0.0,0.0,1.0,-0.04618495774126448,-0.029470552593729583,-0.0319664431976277,-0.007153291741928119,0.027472631330493533,-0.000256548851536309
888,1,-5.517955572565105,-4.281172408683579,-5.879751493318253,-0.6347183776445706,-0.1539544272322042,-0.7572520157885674,0.325580709373924,-0.9420054600382883,-0.08138129356077993,-0.7008065230602647,-0.2982008510947904,0.6480327689573464,0.04618495774126441,0.029470552593729687,0.03196644319762777,-0.029272379258532596,0.06769402954010947,-0.03485201801543836
889,0,0.0,0.0,0.0,1.0,0.0,0.0,0.0,1.0,0.0,0.0,0.0,1.0,0.07759616838540688,-0.21363784083118348,-0.1820946981277159,0.245550028070145,-0.03181655494291184,-0.008593445712460769
889,1,1.2278853681991189,-6.134887362254356,-3.839845929034133,0.40784425519942047,0.09153846750015782,-0.9084513044013711,0.5544712723880922,0.7656600163165581,0.3260772109646089,0.7254134487291781,-0.6366988678974155,0.2615145885433342,-0.07759616838540703,0.21363784083118362,0.18209469812771606,0.05124404080384004,-0.042549360882782286,0.22231441964919307
890,0,0.0,0.0,0.0,1.0,0.0,0.0,0.0,1.0,0.0,0.0,0.0,1.0,0.33805065411049345,-0.3439604358451295,0.12949788106760018,0.005581332351113929,0.02808395244555625,0.025476233131947232
890,1,4.780467237908417,-5.070450724857245,2.122004425644459,-0.5177313987858074,-0.8384625270364903,-0.17010229118643308,0.851215226901036,-0.5248017986003262,-0.003963543576188888,-0.08594670559776593,-0.14684571134849453,0.9854184394740366,-0.33805065411049323,0.34396043584512936,-0.1294978810676001,0.06769160983215713,0.07020065384669164,0.04430135634672875
891,0,0.0,0.0,0.0,1.0,0.0,0.0,0.0,1.0,0.0,0.0,0.0,1.0,-0.2722401462219279,-0.4638848806843092,0.3861114574862059,-0.41983632503763785,0.3344734770592849,-0.03976461246520542
891,1,-3.4828596093369333,-4.973765289782462,2.66336597346535,-0.964552947482108,0.21881692178251239,0.14750174997335874,-0.2628695656364429,-0.7476224453197868,-0.6098854570459684,-0.02317763934668919,-0.6270405361662736,0.7786417424198544,0.27224014622192794,0.46388488068430966,-0.38611145748620607,-0.26509623337494603,0.2852233808629226,0.3013519370187431
892,0,0.0,0.0,0.0,1.0,0.0,0.0,0.0,1.0,0.0,0.0,0.0,1.0,0.0046954785587372695,0.04375532902211673,-0.02269943493462267,-0.007306011087125117,-0.03062740915655989,-0.0008570232603917344
892,1,-0.31755382829799883,7.898591064841738,-4.700001274334512,-0.8019739297765667,-0.05078781694045667,-0.5951961135702697,0.4723582674474298,0.5560137503794136,-0.6839052394616388,0.36567127742385386,-0.8296199774833305,-0.4219184871841539,-0.0046954785587372625,-0.04375532902211681,0.02269943493462262,0.03366255929843335,0.0013503614831937363,-0.050125313968218094
893,0,0.0,0.0,0.0,1.0,0.0,0.0,0.0,1.0,0.0,0.0,0.0,1.0,-0.2981435949101475,-0.01874297231983579,0.051815506270141955,-0.041191002623725916,0.20057035633145345,0.03960037788352607
893,1,-7.568469817610972,-0.4552497375227619,0.7420828610439382,0.6127680381632838,-0.4934294381135225,-0.6172865793199247,-0.23027318433007,-0.858705256669301,0.4578204263103603,-0.7559693062446451,-0.13839317819706237,-0.6398107034463447,0.29814359491014764,0.018742972319835856,-0.05181550627014191,0.031510845518205995,-0.029653512954499167,-0.03347455091546801
894,0,0.0,0.0,0.0,1.0,0.0,0.0,0.0,1.0,0.0,0.0,0.0,1.0,-0.01648324603036176,-0.02249589956813168,0.06934238243539054,0.08690228243790984,-0.05074148164585843,4.690792212720674e-06
894,1,0.4410948437981532,1.0813145562021507,7.499387920908459,-0.5761669073633495,0.7750141876999047,0.25958563851494265,0.8085877330884802,0.49415684410648386,0.31936639040693204,0.11923746373596844,0.3939061084656812,-0.9113837857649416,0.016483246030361713,0.022495899568131677,-0.06934238243539066,0.15678412254243068,-0.1034593418805296,0.0078960577677747
895,0,0.0,0.0,0.0,1.0,0.0,0.0,0.0,1.0,0.0,0.0,0.0,1.0,0.39068825744013524,-0.03979840930836645,0.24401705518957867,-0.03603691717557618,-0.2180612903150678,-0.04215123841236941
895,1,6.480577952783139,-0.7430840603858253,3.00315721256231,0.9784786951255994,-0.10250682893721706,0.1790859938871278,0.00521312901846846,0.879887011401105,0.4751543648683746,-0.20628200714347592,-0.4639948245281059,0.8614850760982404,-0.3906882574401352,0.039798409308366436,-0.2440170551895785,-0.025767387035160308,-0.19001199945483996,0.07454876117640888
896,0,0.0,0.0,0.0,1.0,0.0,0.0,0.0,1.0,0.0,0.0,0.0,1.0,0.7663905857439689,-0.32790543773296565,0.6456539883828956,-0.10911621487236574,-0.856382199189268,-0.1265905063438285
896,1,5.368415856647179,-1.5009774893460257,2.4723894353358795,0.9501711429949621,0.202645105777815,-0.23687498838827525,0.29916847979031974,-0.806313995402369,0.5102508809578062,-0.08759577455332203,-0.5556911929503351,-0.826761318856801,-0.7663905857439692,0.32790543773296565,-0.645653988382896,-0.049285947556670366,-0.7149409224186992,-0.4834072278142456
897,0,0.0,0.0,0.0,1.0,0.0,0.0,0.0,1.0,0.0,0.0,0.0,1.0,-0.3836523835169269,0.22977969155554773,0.39902064391384107,0.40868724236039783,0.27972446755224495,-0.03768253415675435
897,1,-3.825210428720667,3.3958501912193646,4.123500883622469,-0.07863494142762173,-0.07984746881521837,-0.9937006227785495,0.288250458071818,0.952388371382416,-0.09933812700537582,0.9543208157679793,-0.2942461075007651,-0.05187493433814239,0.38365238351692693,-0.2297796915555477,-0.39902064391384096,-0.001169673592906803,-0.33537748161409964,0.4615528816379766
898,0,0.0,0.0,0.0,1.0,0.0,0.0,0.0,1.0,0.0,0.0,0.0,1.0,-0.08057469657835063,-0.758084516029689,0.03736936678276939,0.12705543902778788,-0.014116684434390282,0.10579152554619692
898,1,-0.772175714692451,-6.372489441260606,0.03193089244451396,0.9595590024212607,-0.24466153186658576,0.13923812587438353,-0.23818074495572675,-0.4419584141342463,0.8648368013147203,-0.15005483532579042,-0.863025778873747,-0.48235884090033254,0.08057469657835069,0.7580845160296892,-0.03736936678276932,-0.3409850191323849,0.04039957996728687,-0.033878475762007726
899,0,0.0,0.0,0.0,1.0,0.0,0.0,0.0,1.0,0.0,0.0,0.0,1.0,0.0034487511411820495,-0.259405282924994,-0.13842368161122226,0.22940822893811802,0.06396255960690084,0.005661429964614797
899,1,0.3856903748471254,-6.545680253066028,-3.285125108758379,-0.28007695465656957,-0.9352554774711981,0.21645805905630555,-0.46410275393935635,0.3292974349078668,0.8222966819518394,-0.8403365595142264,0.12984756918487372,-0.5262832654764658,-0.0034487511411821093,0.25940528292499404,0.13842368161122223,-0.17550987794031098,-0.0219034569263057,-0.0831371285307055
900,0,0.0,0.0,0.0,1.0,0.0,0.0,0.0,1.0,0.0,0.0,0.0,1.0,-0.14739899307674634,-0.1211196653462516,-0.049764104634826806,0.11076427412766236,-0.04405080098894459,-0.017563378954840704
900,1,-5.795684853891503,-5.33564979161022,-1.5825214415822524,0.4290265710735107,0.1513553056478328,-0.8905210681197592,0.10472078582282565,0.9708802746408771,0.21546472873745456,0.8972010690639839,-0.1856961598027975,0.4006833886061888,0.1473989930767463,0.12111966534625168,0.049764104634826806,-0.03691490701088959,-0.011104199499008004,-0.06693461778297886
901,0,0.0,0.0,0.0,1.0,0.0,0.0,0.0,1.0,0.0,0.0,0.0,1.0,-0.004460758810806993,0.013277674670034198,-0.02915106152952656,-0.05005204487198447,-0.05980477201417253,0.0008114187086855768
901,1,-3.90520850395899,5.64700385413169,-6.297472330142443,-0.9882537424567945,0.15277902441096197,0.003620803802333622,0.10765370108844947,0.6791524812865866,0.7260596310250499,0.10846760420558332,0.717920940537541,-0.68762220875681,0.004460758810807082,-0.013277674670034224,0.029151061529526602,-0.030948323094107638,-0.025944696187869827,-0.02747358454592523
902,0,0.0,0.0,0.0,1.0,0.0,0.0,0.0,1.0,0.0,0.0,0.0,1.0,-0.22453636189131881,0.05736831551918229,0.003122930604551079,0.05126947801655739,-0.0008681181920000836,-0.020862282899522258
902,1,-7.72849574815973,1.8459973159351437,0.16027383941146095,0.7962836388439077,0.5676691882872299,0.2090073184814894,-0.5898196998513817,0.6518616667546288,0.47664356607752856,0.13433200726830202,-0.5028201070812452,0.8538892502766819,0.22453636189131917,-0.057368315519182395,-0.003122930604551039,-0.05469919669153188,-0.010983630716732282,-0.008014978288347612
903,0,0.0,0.0,0.0,1.0,0.0,0.0,0.0,1.0,0.0,0.0,0.0,1.0,-0.01210039313275053,-0.03815754211062293,0.08661423205405204,-0.02452480106187519,-0.02445997915283122,-0.0005080988137172223
903,1,-0.2973230124755975,-3.9816915292056145,7.589750452338624,0.3371895106567009,0.37931565269359796,0.8616396401772173,0.9412247687026707,-0.11640367896392112,-0.3170900791640579,-0.01997920628300187,0.917916019658277,-0.3962713870203187,0.012100393132750579,0.03815754211062289,-0.08661423205405203,-0.030740130522162522,-0.04162658070236628,-0.03632681865401865
904,0,0.0,0.0,0.0,1.0,0.0,0.0,0.0,1.0,0.0,0.0,0.0,1.0,-0.04085838319302087,0.015011636172325784,-0.0012957540612774585,0.010037557243060467,0.02907323154159641,-0.004706793747700493
904,1,-8.995852695313724,3.416269240358607,-1.3151840830468364,-0.9387590955956329,-0.23332602434855754,0.25355537225262287,-0.012394561215181926,-0.7125095236569594,-0.7015529584788422,0.3443511801762162,-0.6617319283968617,0.6659828223395989,0.040858383193021035,-0.015011636172325806,0.0012957540612775,0.005278862968660487,0.013006651028286508,0.009247563738916593
905,0,0.0,0.0,0.0,1.0,0.0,0.0,0.0,1.0,0.0,0.0,0.0,1.0,0.061149012866834135,-0.1077000759258803,-0.08106415510594012,0.033828481995534954,0.010433899178903583,-0.0038691293384099943
905,1,3.451611681481753,-6.246070021438016,-4.235325431902403,-0.07341702431380637,0.9823303830080824,0.17215388221036476,0.9856520970214141,0.04516338018329591,0.16263521367682984,0.15198646050946452,0.18162402844781642,-0.9715517629607762,-0.061149012866834135,0.10770007592588032,0.08106415510594005,0.016359036438178206,0.01038211620357795,0.01407130528423002
906,0,0.0,0.0,0.0,1.0,0.0,0.0,0.0,1.0,0.0,0.0,0.0,1.0,0.15102277616017057,-0.008308238753260526,-0.06701299940049504,0.0364739033933904,0.023914807744296624,0.0031235348029251923
906,1,7.057643410389796,-0.9467727470676554,-3.8079492893293607,0.6812722576708923,0.3236274630151914,0.6566074749120331,-0.6528639676485116,0.6743349689048349,0.3450231723498561,-0.331114407228451,-0.6637300768343004,0.6706904162363476,-0.15102277616017057,0.008308238753260526,0.06701299940049489,-0.004665173717797774,-0.12604802726660688,0.08122412736312878
907,0,0.0,0.0,0.0,1.0,0.0,0.0,0.0,1.0,0.0,0.0,0.0,1.0,0.033438225764856465,0.02108375874321158,0.039872369885162205,-0.03297656818646392,-0.027068525048297352,-0.001242124419395016
907,1,6.028901461005839,1.724516032043543,6.430519363429077,0.9521782003503364,0.1655920244807191,0.2567799762558826,-0.27137372244455177,0.07215000028841934,0.9597659507530825,0.14040291145194284,-0.9835515537513821,0.1136369815203655,-0.03343822576485643,-0.021083758743211584,-0.039872369885162386,-0.03384240956309297,0.0017070942534998315,0.07068927189525151
908,0,0.0,0.0,0.0,1.0,0.0,0.0,0.0,1.0,0.0,0.0,0.0,1.0,-0.004141883888179281,-0.011461825578279461,0.07030119761635029,0.03333980858401861,0.020209624822844142,-1.203580338436129e-05
908,1,-1.3556403559340873,0.3153610723152868,8.622051600644149,-0.11203328507575372,-0.9178013727940276,0.38090574048251474,0.41884876632900603,-0.39121935197413515,-0.8194590469240102,0.9011183351701397,0.06773521047679465,0.4282495619167168,0.004141883888179265,0.011461825578279494,-0.07030119761635024,0.0876549040548308,0.03938197912861954,0.01685633805435919
909,0,0.0,0.0,0.0,1.0,0.0,0.0,0.0,1.0,0.0,0.0,0.0,1.0,0.10330148701619764,-0.14392983086449668,0.6607105254640971,-0.8548927389908273,-0.07811477184825123,-0.00763789887142622
909,1,0.481091863321834,-3.43465345382095,4.656894160339178,-0.5945414153996924,-0.7274051592835425,-0.3426401021804285,-0.7861760715297715,0.6152793604704296,0.05795250756537204,0.1686644299446266,0.3038306153546465,-0.9376775923763301,-0.10330148701619747,0.1439298308644967,-0.6607105254640968,-0.7441529604188092,0.24131640567646506,0.2931992375182525
910,0,0.0,0.0,0.0,1.0,0.0,0.0,0.0,1.0,0.0,0.0,0.0,1.0,-0.009666247277267358,0.008275828454854448,-0.03264043718664031,-0.05922619656324064,-0.07553237348877725,0.0011005053383802213
910,1,-5.282838222924354,4.296897784948721,-6.0515846962104645,-0.8628394317949164,-0.18876811346843342,0.46890800193363524,-0.0450145240948774,-0.8952717285022005,-0.44324059467200577,0.5034697682685,-0.4035531334065568,0.7639784427308225,0.009666247277267257,-0.008275828454854356,0.032640437186640246,-0.030944548857931832,-0.0384056616008701,-0.0032854917115933777
911,0,0.0,0.0,0.0,1.0,0.0,0.0,0.0,1.0,0.0,0.0,0.0,1.0,0.1437278585186611,-0.5121247810387243,-0.06381674564163034,0.08110354685865671,0.020885982432240286,-0.12222476006470744
911,1,1.6867092471192593,-6.562020735761306,-0.4801241256607285,-0.29206076381286583,-0.6954564028492556,-0.6565370530114953,0.020384370443077948,-0.6908377340142811,0.7227224243813475,-0.9561825075176207,0.19769576879130962,0.21594303720965025,-0.143727858518661,0.512124781038724,0.06381674564163031,0.09177979860511688,0.017747100158194157,0.2015643441137856
912,0,0.0,0.0,0.0,1.0,0.0,0.0,0.0,1.0,0.0,0.0,0.0,1.0,0.0009323878177311153,-0.010065445257693472,-0.050038978353621935,-0.08298022872069383,-0.08012938873575351,4.3854790063316273e-05
912,1,-2.8051536167724316,1.9933904236976148,-7.376840948881977,0.2806954412619098,-0.9443385747977915,0.17156551344503246,0.9397817641987056,0.30672982412229977,0.15075493581794117,-0.19498796099849397,0.11891791766920147,0.9735698351545568,-0.0009323878177311361,0.010065445257693458,0.0500389783536221,-0.09101818028671171,-0.06711570900658467,0.02633265243194268
913,0,0.0,0.0,0.0,1.0,0.0,0.0,0.0,1.0,0.0,0.0,0.0,1.0,-0.009942327673317822,-0.035621223201227036,0.0038929507910151007,0.01737165886840744,-0.0068743572554638074,0.0041269447782149105
913,1,-2.887864774338765,-9.341302788110834,1.6796102378009152,-0.7489317855860484,0.4164880758082845,0.5154016523531966,0.6597015767309162,0.5418821817621298,0.5207278855097519,-0.06241001680528363,0.7300009478063894,-0.680590630264726,0.00994232767331776,0.035621223201227174,-0.003892950791015091,0.00609288022527763,0.001417437365394644,0.005868037708392788
914,0,0.0,0.0,0.0,1.0,0.0,0.0,0.0,1.0,0.0,0.0,0.0,1.0,-0.02858420215443666,0.017425387258920483,0.0900773328287627,0.14534754815774595,-0.02042202368507911,-0.00025562305529815144
914,1,-0.5898161672007696,2.864066048942827,6.4687852726664525,-0.6263357609180236,-0.6474436398771547,-0.4341891843169998,0.4408413490261471,-0.7535304775953862,0.4876994200567353,-0.6429326711126502,0.11405504161364546,0.7573830126814718,0.028584202154436706,-0.017425387258920615,-0.09007733282876296,-8.120589457771138e-05,-0.11135397504173256,0.0718448908568932
915,0,0.0,0.0,0.0,1.0,0.0,0.0,0.0,1.0,0.0,0.0,0.0,1.0,-0.044205355718995185,-0.034738698021627434,0.006393073811426805,-0.018743978569667204,0.04306715774258557,0.004197160951081962
915,1,-7.286957853977013,-5.723452476834965,-0.2246232571539743,-0.09470064462401284,-0.9931790571228517,-0.06802314606337775,0.8802911692187526,-0.11545396149026077,0.4601715334217087,-0.46488627136459704,-0.016301633929412473,0.8852203180157772,0.04420535571899521,0.03473869802162746,-0.006393073811426803,-0.02564959506983863,0.013448452663896417,-0.004064985244701528
916,0,0.0,0.0,0.0,1.0,0.0,0.0,0.0,1.0,0.0,0.0,0.0,1.0,-0.2693317848926293,0.019492034807105173,-0.015848819992104007,-0.0017931809918850829,-0.06810580314807659,-0.015682678328101524
916,1,-7.380272463270774,0.3555711347956618,-0.2617290835004625,0.07733478376029201,-0.22811953362399173,0.970556958452167,-0.1563158595605243,-0.9642073508517748,-0.2141717455997803,0.984674912481578,-0.13515051957937524,-0.11022546795918631,0.26933178489262954,-0.0194920348071052,0.015848819992103982,0.0012594304877432405,0.021629154602507958,-0.03240724102107944
917,0,0.0,0.0,0.0,1.0,0.0,0.0,0.0,1.0,0.0,0.0,0.0,1.0,0.04404315214793311,0.06985570548067818,0.04720599706530564,0.011873008070375184,-0.06394796452268806,-0.003565918537030581
917,1,4.582074926977816,5.611679102641551,4.2887344357857256,0.9370024536548525,-0.3480196160021905,0.03014545940061117,-0.156654451130325,-0.3415001902729249,0.9267345914470941,-0.3122271365301912,-0.8730750064692288,-0.37450533813673914,-0.044043152147933196,-0.06985570548067857,-0.047205997065305746,-0.046560670450731534,0.03653593224415323,0.07649395860337488
918,0,0.0,0.0,0.0,1.0,0.0,0.0,0.0,1.0,0.0,0.0,0.0,1.0,0.015112582455152217,0.014456769638393402,-0.06991308221088585,-0.14130805967342344,0.07511247057898135,-0.0005722119637285167
918,1,3.0679522065782305,4.623606376253321,-6.012743284456863,0.8117118039900713,0.4699393999424622,0.3468153797698462,0.42144629986244203,-0.8823807266565651,0.2092540789501816,0.4043599431143504,-0.02368994737754339,-0.9142930727057976,-0.015112582455152197,-0.014456769638393537,0.06991308221088591,-0.09501766846216032,0.04850944559057363,-0.02494974232546532
919,0,0.0,0.0,0.0,1.0,0.0,0.0,0.0,1.0,0.0,0.0,0.0,1.0,0.008417195299962477,0.0666208546240545,-0.024657741580911836,0.0016103194711007806,-0.01684098607781047,0.003866118392419092
919,1,0.5892058979245903,7.846555178286927,-3.99844559433094,0.3666699917920747,-0.8592354453809853,0.35674580098459463,0.6135507399756591,0.5115775765129753,0.6015345980776435,-0.6993630005901951,-0.0016830359624713243,0.7147646891078405,-0.008417195299962472,-0.06662085462405462,0.024657741580911878,0.0712912133044473,-0.0022862246169737498,-0.030658705290722562
920,0,0.0,0.0,0.0,1.0,0.0,0.0,0.0,1.0,0.0,0.0,0.0,1.0,0.01655257899783802,-0.05212378912838047,-0.0014444878961041548,0.03331369950392461,0.022496051593931247,-0.0012214374386682056
920,1,2.5798460389318327,-9.025021115095083,0.7947430154891543,-0.7745783415275993,0.32469766548298873,0.542770502944155,0.6006863572371434,0.6463137489062577,0.47058945823712395,-0.19800074006307317,0.6905432383309795,-0.6956620896166754,-0.016552578997838012,0.05212378912838045,0.0014444878961041116,0.021147851609524395,-0.0056144486700178175,0.016137461486464777
921,0,0.0,0.0,0.0,1.0,0.0,0.0,0.0,1.0,0.0,0.0,0.0,1.0,-0.1180891031705395,-0.04963457238410588,-0.035156753402823704,0.01652413953759345,-0.02367110245027045,-0.007201131658065917
921,1,-7.205098781056736,-3.2164953221331296,-2.5947883532946987,0.012257966501615147,-0.8679355443510438,-0.4965255613856174,0.9804518393748788,0.107953579126423,-0.16449989489422717,0.19637701730004437,-0.48480296575604026,0.8522922922744789,0.11808910317053956,0.04963457238410586,0.035156753402823565,-0.032233817019063575,0.0767794509196053,-0.015009919301877703
922,0,0.0,0.0,0.0,1.0,0.0,0.0,0.0,1.0,0.0,0.0,0.0,1.0,0.03974062641745538,0.05144925810794058,0.0722290268707513,0.07484793110257595,-0.12190853045099462,-0.0004090813741909165
922,1,4.166436501000821,3.9632883584815923,5.281233128963773,0.13244588427782455,-0.8483162178569342,0.5126574706943923,-0.009704845567956255,0.5160793441416466,0.8564858005377731,-0.9911427262056496,-0.11841328080597402,0.060119807205265774,-0.039740626417455446,-0.0514492581079404,-0.0722290268707513,-0.0602989961415369,0.030850389266565578,0.05726558626545991
923,0,0.0,0.0,0.0,1.0,0.0,0.0,0.0,1.0,0.0,0.0,0.0,1.0,-0.09483112021678958,0.41632464930764534,-0.9577414335187857,-0.425204765758335,-0.029397397073115575,-0.018116367712690727
923,1,-0.07643811272102947,2.650553992891523,-5.393391767298189,0.3341662418985887,-0.5067550708899504,0.7946900156052643,0.20892162966729946,-0.782358390095482,-0.5867427904153282,0.9190672855849749,0.362097566374765,-0.15556566778354108,0.0948311202167896,-0.41632464930764523,0.9577414335187857,0.13206132108662538,0.4676508324811044,0.23764830158135763
924,0,0.0,0.0,0.0,1.0,0.0,0.0,0.0,1.0,0.0,0.0,0.0,1.0,0.02293225064108987,-0.14715687375099012,0.15132658436921964,-0.27055653645331806,0.06460441405698852,0.004406234304095553
924,1,-0.05436604548718047,-6.278288359949383,3.923926727377246,-0.6135451941960068,0.5581114127502644,-0.5586357897923193,0.13436106365371125,0.7709067126432052,0.6226154069531928,0.7781448446483648,0.3069437918569955,-0.5479745517700816,-0.02293225064108991,0.14715687375098985,-0.1513265843692197,-0.102082606714065,0.033607085121734645,0.14756938525539814
925,0,0.0,0.0,0.0,1.0,0.0,0.0,0.0,1.0,0.0,0.0,0.0,1.0,-0.0294328308524684,0.02146905438557832,-0.0019341056942652722,-0.020146537930871938,-0.026708408577811985,0.0021540873281622533
925,1,-7.900156628944746,5.944207432047383,0.747104104221913,-0.10534538732171228,-0.864266314499176,-0.4918801551110287,0.7057314550110934,-0.4134557731772919,0.5753237671383766,-0.7006036417104635,-0.28652759247300963,0.6534955822143386,0.029432830852468374,-0.021469054385578164,0.0019341056942652618,-0.007389806156573678,-0.010560718072566054,0.0031918722498733895
926,0,0.0,0.0,0.0,1.0,0.0,0.0,0.0,1.0,0.0,0.0,0.0,1.0,-0.059804778870605244,0.013649679029206597,-0.03031551390956097,-0.040328079098566,-0.08799831387403023,-0.003952642933258985
926,1,-8.304608839817146,2.037929565715757,-2.3514087533251367,-0.3484947669315681,0.36255826524424717,0.8643511449199301,0.9276473251352191,0.2654860273675479,0.26265492464842705,-0.13424543787699178,0.8933468943113194,-0.42884669619053284,0.05980477887060545,-0.013649679029206569,0.030315513909560936,0.010643171751759372,-0.023134690395893977,0.012475324838143141
927,0,0.0,0.0,0.0,1.0,0.0,0.0,0.0,1.0,0.0,0.0,0.0,1.0,0.18377503554840618,0.023340200844963854,-0.10947702977923945,0.013609568683547053,0.004840047860586793,0.0030849583665187898
927,1,6.032388591850371,0.5744599197747086,-4.891759544562986,0.02757446769098304,-0.683745243995729,0.7291996229049902,0.8905161144989133,0.34819516210315293,0.2928159471506243,-0.45411529213330515,0.6412897710093153,0.6184874542377581,-0.18377503554840613,-0.023340200844963837,0.10947702977923918,0.037674915827666716,-0.24341534654695846,0.03214081076440545
928,0,0.0,0.0,0.0,1.0,0.0,0.0,0.0,1.0,0.0,0.0,0.0,1.0,-0.03454363912025477,0.013379717412385627,-0.026596468349158926,0.002444725358654573,-0.009727733749074836,-0.0019287480103401256
928,1,-7.573843899716684,2.7654499285526803,-5.323252100331693,0.9962705794839553,-0.06297363735959896,0.05898519689215021,-0.07302418229091032,-0.9795198378243839,0.1876388981774203,0.04596086656545876,-0.19124645959126702,-0.980465394819398,0.034543639120254675,-0.013379717412385639,0.02659646834915894,-0.00477231803726362,-0.007825266311214718,-0.003878438756332091
929,0,0.0,0.0,0.0,1.0,0.0,0.0,0.0,1.0,0.0,0.0,0.0,1.0,-0.020772336380314248,0.004803387420944812,-0.024581327825613467,0.02746978313090973,0.014912787388916531,-0.00020153019273028844
929,1,-4.25583501738504,-1.0832914118335017,-8.299101487123526,0.3375895547134423,0.3962747786847755,-0.8538147295091085,0.8116595326529294,0.33681623499449886,0.47724587677397345,0.47669916677293234,-0.8541200873545024,-0.20793455887737688,0.02077233638031418,-0.004803387420944838,0.024581327825613744,0.03902275788243514,0.05286486462191195,-0.04274338779990459
930,0,0.0,0.0,0.0,1.0,0.0,0.0,0.0,1.0,0.0,0.0,0.0,1.0,0.014880552279903854,-0.042713356959084015,0.04321474779735316,0.01784100049701776,-0.03734683776320949,-0.0011180572573869334
930,1,3.5183882592750466,-4.67257071479967,6.556341870000976,-0.8209495682762271,-0.5306118202473823,-0.21093340788228837,0.16720457417346465,0.1298247747979584,-0.9773372796655869,0.5459710951346661,-0.8376136484456417,-0.017858869366071728,-0.01488055227990377,0.04271335695908393,-0.04321474779735307,0.060278405136756405,-0.017137435553058224,-0.07963368357855422
931,0,0.0,0.0,0.0,1.0,0.0,0.0,0.0,1.0,0.0,0.0,0.0,1.0,0.0016096325715607672,0.14131771861075443,0.13779301284144557,0.2652617672774675,0.052634844321073106,-0.008341830728022692
931,1,-0.4765488980225561,6.521898021521014,3.562714062370971,-0.6639011572164728,0.7008482000307303,-0.260858302456169,0.6319557477859528,0.3392940053674438,-0.6967865604057059,-0.3998339483922369,-0.6274483073810962,-0.6681627311349174,-0.001609632571560749,-0.1413177186107546,-0.13779301284144577,0.1299355871958578,0.018764924701675786,-0.0695008318308325
932,0,0.0,0.0,0.0,1.0,0.0,0.0,0.0,1.0,0.0,0.0,0.0,1.0,0.06974226497839682,-0.21836547902250142,0.1813640861881853,-0.12316019750825798,-0.005622852048081741,-0.01720401225631638
932,1,1.748714699361711,-6.058235946537484,4.178451256436751,0.3427873225835836,-0.5597663275854549,-0.7544259473119093,-0.9388003784088202,-0.23312195689428505,-0.253590225981277,-0.033921983660071986,0.7951828794153408,-0.6054200915969781,-0.06974226497839679,0.2183654790225013,-0.18136408618818503,-0.06315671866394382,-0.020116536679775168,0.057860185941572384
933,0,0.0,0.0,0.0,1.0,0.0,0.0,0.0,1.0,0.0,0.0,0.0,1.0,-0.033169854993132075,-0.00011675772788596276,0.038045118281482375,0.0007395063284660608,-0.014067021153426625,0.0002335713266205363
933,1,-5.224536061845067,0.17752374374969554,7.845326972763883,-0.5710056460392936,-0.19595044084271498,0.7972176471483774,0.6510848700061878,-0.6995902781956473,0.29438399192748677,0.5000410425557835,0.6871512696544209,0.5270503660676489,0.03316985499313212,0.0001167577278859697,-0.038045118281482354,0.006930408052124857,-0.04739324446809309,0.00626487047123396
934,0,0.0,0.0,0.0,1.0,0.0,0.0,0.0,1.0,0.0,0.0,0.0,1.0,0.10366602028309002,-0.42682874606039267,0.046396068738533074,-0.1763125885263095,-0.05450293365420183,-0.09153317011780449
934,1,1.8214684291937457,-6.61023597608241,0.5194545039945208,-0.8168372403319979,0.5226712192940404,-0.24411415224948896,-0.3122197674722181,-0.044729978257211256,0.9489562929053704,0.4850729219472054,0.8513601033445192,0.1997253985521369,-0.10366602028309006,0.4268287460603923,-0.04639606873853307,0.09134174037747037,0.02384374035549933,-0.0006650587309842083
935,0,0.0,0.0,0.0,1.0,0.0,0.0,0.0,1.0,0.0,0.0,0.0,1.0,0.009236466703740301,-0.09745605769625458,0.23706921575081927,-0.33145598336843757,0.020422433862097154,-0.0006112572531456299
935,1,-0.016519658314023775,-4.8841141972697555,5.154067081510272,-0.005096818009703297,-0.9887009213394119,-0.14981492111526795,-0.9986767425049384,-0.0026341486665448777,0.05135976285505539,-0.051174079629251294,0.14987844876232384,-0.9873791896585113,-0.009236466703740395,0.09745605769625465,-0.2370692157508193,-0.32412208014971333,0.031099237566093625,0.047333156187266814
936,0,0.0,0.0,0.0,1.0,0.0,0.0,0.0,1.0,0.0,0.0,0.0,1.0,0.03937566297054276,0.06640689104811295,0.024955238791109297,0.010725518291106847,-0.04203657566973066,0.003205795792731926
936,1,4.765412111763768,6.958838387575741,2.5221900093077925,0.9607910731314709,0.1679315331212753,-0.22063434450333103,0.27667625031576304,-0.6328468159815901,0.7231563869683881,-0.018186981665074625,-0.7558464842052928,-0.6544962383485582,-0.039375662970542714,-0.06640689104811312,-0.024955238791109245,-0.00455684177115811,0.02242748223679496,0.03924153209686526
937,0,0.0,0.0,0.0,1.0,0.0,0.0,0.0,1.0,0.0,0.0,0.0,1.0,-0.0494018277513301,0.06208254318982922,-0.08309037863296245,0.01046073681540171,0.005209226629779448,0.0015548123762390122
937,1,-3.15132474840397,3.651488454693073,-6.811622127989162,0.6327607499878967,0.6060477960155887,-0.48199574917150645,-0.08396337213418181,0.6724829712059627,0.7353344855083687,0.7697817777881023,-0.4248208120874585,0.4764066458423317,0.04940182775133007,-0.06208254318982922,0.08309037863296223,0.1090185298639438,0.06945258990397889,-0.016806863499488817
938,0,0.0,0.0,0.0,1.0,0.0,0.0,0.0,1.0,0.0,0.0,0.0,1.0,-0.019857979416739755,-0.05233405669764728,0.025861266989313507,-0.00855625934434485,0.03864906807859195,-0.001987173055107011
938,1,-3.6746047096644623,-7.433982503392663,3.628272022850528,0.06440056195917443,0.9177260643594182,0.39195846516527205,0.49274522083565764,0.31230957765314515,-0.8121975591256927,-0.8677872521320888,0.24544163970583183,-0.4320922199433255,0.019857979416739724,0.0523340566976471,-0.025861266989313535,0.006186246788567894,-0.015669285749868905,0.04667027273535283
939,0,0.0,0.0,0.0,1.0,0.0,0.0,0.0,1.0,0.0,0.0,0.0,1.0,-0.024850974567739093,0.016556886482532274,0.03388478276203636,0.07671165001124296,0.0713439790802115,0.0034590539132506558
939,1,-6.194340721712726,4.867785702658135,4.378916558555331,0.10918476795181475,-0.41457526060839855,0.9034412209650315,-0.39074118077109465,-0.8536104366655279,-0.3444859243355203,0.9140021969869214,-0.3153990737259156,-0.2551928842971829,0.024850974567739027,-0.016556886482532285,-0.03388478276203628,0.01573098667899304,0.029729566598149636,0.014951168621185859
940,0,0.0,0.0,0.0,1.0,0.0,0.0,0.0,1.0,0.0,0.0,0.0,1.0,0.0256623457606986,0.013039466286901955,0.09730988060880871,-0.02909838311019855,-0.1040421317244927,0.0002067521268244452
940,1,4.2756001091894635,0.2002790550185265,6.988073662734372,-0.4563257251226511,-0.8391502196373799,-0.29596239874994956,0.7144938884422565,-0.543796718044741,0.44020860148619667,-0.5303445257282772,-0.010584815837132305,0.8477161350969691,-0.025662345760698632,-0.013039466286901917,-0.09730988060880888,-0.042533236893116354,-0.132685641897423,0.050405160994714523
941,0,0.0,0.0,0.0,1.0,0.0,0.0,0.0,1.0,0.0,0.0,0.0,1.0,-0.2791312803902053,-0.2579478705726156,0.12424444528964362,-0.04839101666635848,0.10447727244920496,-0.010058931097338152
941,1,-5.167949337710323,-4.578108124791603,2.568247223454637,0.9832550247445798,0.04447737901867041,-0.17672384974916458,-0.06232420658314998,-0.8292095674548621,-0.5554522360339377,-0.17124616663831224,0.557165375805918,-0.812552456408036,0.2791312803902052,0.2579478705726154,-0.12424444528964362,0.14206041461977031,-0.1792664095418866,0.06522727534899239
942,0,0.0,0.0,0.0,1.0,0.0,0.0,0.0,1.0,0.0,0.0,0.0,1.0,0.025349239103049745,0.1487125524297495,-0.11268253230059741,-0.2736270228920474,0.054823806817722004,0.022012821999773058
942,1,1.2357926583907806,6.78929422654681,-2.8732439567299926,0.9236527918464312,-0.31202864944703934,0.22249413933528608,-0.31603269863129857,-0.2917819112618234,0.9027661101615502,-0.21676912490046144,-0.9041578613188374,-0.36811643308229813,-0.025349239103049745,-0.14871255242974946,0.11268253230059734,-0.06412040053040267,0.01159389126769645,-0.010338384186225139
943,0,0.0,0.0,0.0,1.0,0.0,0.0,0.0,1.0,0.0,0.0,0.0,1.0,0.1550438536017284,-0.18219795513623,-0.13530851926259693,0.19778139251996496,0.14498963277268442,2.787610736210708e-05
943,1,4.180261381819027,-5.015961819216705,-3.359194420378828,0.3782222187535519,0.7085419121240387,-0.5957485308456507,0.7877555699021547,0.09165600782090888,0.6091308055897886,0.4861986377287289,-0.6996910282359952,-0.5234914991447175,-0.15504385360172823,0.18219795513622994,0.1353085192625969,-0.13111738038208687,-0.10018710300109222,0.016031098160753755
944,0,0.0,0.0,0.0,1.0,0.0,0.0,0.0,1.0,0.0,0.0,0.0,1.0,-0.05971070311392876,-0.06894225315961583,-0.07102810039246199,0.05161381836383694,0.008334969077266283,0.0063523488028929785
944,1,-3.9355307623696603,-5.725972533851345,-4.854197600407152,-0.03629204858534929,0.308899452914143,-0.9504020281958693,0.2132750871110516,0.9315123510727809,0.2946158125705979,0.9763178910719869,-0.1920048639701699,-0.09968704923180627,0.05971070311392877,0.06894225315961562,0.07102810039246188,0.020431813760968275,0.0019793086097756284,-0.07692983667345729
945,0,0.0,0.0,0.0,1.0,0.0,0.0,0.0,1.0,0.0,0.0,0.0,1.0,-0.018118892906292976,-0.028323276089255032,0.024789242458957896,-0.039751648377354495,0.03613088942301469,-0.0016927752471433133
945,1,-4.792020349597546,-7.240755227666869,3.9526580324816947,0.29101164193262685,0.9443057669879289,-0.15361914819779404,-0.6520549648755818,0.07826718197012927,-0.754121058589109,-0.7000975268066445,0.31962613575831667,0.6385159248596903,0.01811889290629307,0.028323276089254876,-0.024789242458957857,-0.02778896380685584,0.01104187730568438,0.006224022103345312
946,0,0.0,0.0,0.0,1.0,0.0,0.0,0.0,1.0,0.0,0.0,0.0,1.0,-0.015181317206405573,0.054859292848835395,0.10414525697791299,0.24442947454769123,0.0327048030096358,-0.0027511778484656385
946,1,-0.9211193389703586,4.993587420603415,5.288644974295124,0.06365873621932738,0.959822157544232,0.273292867067719,0.4332426197445819,0.22011791955103077,-0.8739845158407429,-0.8990263609815954,0.1740388674396089,-0.40182343744551385,0.015181317206405594,-0.05485929284883543,-0.10414525697791295,-0.01450235280565193,-0.017063189692080274,0.028028456913262653
947,0,0.0,0.0,0.0,1.0,0.0,0.0,0.0,1.0,0.0,0.0,0.0,1.0,-0.0851502708965039,0.04949273724517876,-0.0009196795040468247,0.04015442567910188,0.058182047244500545,0.005475284588249217
947,1,-7.5307872782828245,4.344131814392606,-1.035584295399034,0.7170499642703527,0.44573312919488906,-0.5358743568020571,0.4404844632876589,-0.8856059977475077,-0.1472258617085488,-0.540196988460755,-0.13047602956778664,-0.8313622672254,0.0851502708965036,-0.049492737245178726,0.0009196795040468499,0.00710426675574102,0.023072325335718354,-0.008290559795985102
948,0,0.0,0.0,0.0,1.0,0.0,0.0,0.0,1.0,0.0,0.0,0.0,1.0,-0.0025299162492106488,-0.005304025947913751,-0.01656296053197018,-0.02990174199239342,-0.029915458328958113,-6.075315266119638e-05
948,1,-4.48568448391477,0.9067263720763651,-8.713490815059988,0.053313817585864176,-0.9314298475849528,-0.35999454979526124,-0.884715404110381,0.1231203180585867,-0.44957762512268973,0.46307266231578226,0.34246142309612637,-0.817486319828503,0.0025299162492106626,0.005304025947913779,0.01656296053196999,-0.03133291250159052,-0.022336354736624958,0.026146881831803317
949,0,0.0,0.0,0.0,1.0,0.0,0.0,0.0,1.0,0.0,0.0,0.0,1.0,-0.032342750112981364,0.016165697332185754,-0.016543923974426125,0.002224841210511714,0.01441033397529021,0.0003972529295112933
949,1,-7.831950618497672,3.8190112248116543,-4.6779956705508745,0.0903297083956438,0.98076358112793,-0.17304144507682556,0.9209986186197341,-0.1483776962992034,-0.36020217065070953,-0.37894866180222825,-0.12683397484136244,-0.9166848174504914,0.032342750112981496,-0.01616569733218572,0.016543923974426104,0.01021678956012507,0.0073177154230603825,-0.0034888704260149887
950,0,0.0,0.0,0.0,1.0,0.0,0.0,0.0,1.0,0.0,0.0,0.0,1.0,-0.10905993698688295,-0.056070285930866846,-0.04786405414830694,0.04634135450034804,-0.1303762250036994,0.012963062389993465
950,1,-7.11414225473346,-3.3541986415787926,-1.7563835880454517,0.5164490249746441,-0.44454252486420487,-0.7318895737678582,-0.583342782331859,0.4430619635046449,-0.6807402550141531,0.626890423362859,0.7785101412844707,-0.03050175426378976,0.10905993698688304,0.056070285930866666,0.04786405414830699,0.01572326091836695,-0.018584381658589277,0.02012023549370172
951,0,0.0,0.0,0.0,1.0,0.0,0.0,0.0,1.0,0.0,0.0,0.0,1.0,-0.002670586385105599,-0.022300416971554386,0.031025221872367875,-0.025644689687854626,-0.005026209932344261,0.0003331951990182972
951,1,-0.45191812108158547,-6.7781571054348735,7.020069767122168,-0.6046997672094425,-0.7666663074470745,0.21577989842039091,-0.7958281909236218,0.5708933818710049,-0.2018371548231951,0.031554430244923534,-0.2937746067333848,-0.9553537556165066,0.0026705863851055793,0.022300416971554347,-0.031025221872367947,-0.028098655417802636,0.00029936716447633276,-0.008356886743778692
952,0,0.0,0.0,0.0,1.0,0.0,0.0,0.0,1.0,0.0,0.0,0.0,1.0,-0.01908498147830275,0.006967737098031085,0.026359171340087327,0.045686482343841185,0.06262965186914249,0.0007433118745602918
952,1,-6.4738704280627335,3.2476360245167086,5.3863514845480145,-0.14934447048873745,-0.21028378323167157,0.9661661138977158,-0.6607518253650959,-0.7056980996349389,-0.2557287966739952,0.7355972093551826,-0.6765877050918166,-0.03355328460011697,0.01908498147830268,-0.0069677370980311204,-0.02635917134008721,0.002387831014714535,0.005217789659459703,0.0161295343521509
953,0,0.0,0.0,0.0,1.0,0.0,0.0,0.0,1.0,0.0,0.0,0.0,1.0,-0.01767209894307504,-0.2592823691890106,0.11144318473295353,-0.22016429954866282,-0.07014740377963803,-0.017241908704033655
953,1,0.0252643997867744,-7.020465110653453,2.57193676379499,0.520500490118216,0.7396277100876727,0.4266498450218428,-0.6936273625839715,0.07485795638117176,0.7164337849663694,0.4979561443154412,-0.6688401429616048,0.5519896208277828,0.017672098943075087,0.25928236918901043,-0.1114431847329535,0.1046391668319366,0.0218803376419156,-0.1133750587906936
954,0,0.0,0.0,0.0,1.0,0.0,0.0,0.0,1.0,0.0,0.0,0.0,1.0,0.0744973961662812,0.25241907567404537,-0.29420090736292986,-0.3333725928324386,0.043160159737983726,0.022843300325057853
954,1,1.1977193168213358,5.639301083554975,-4.065964083598252,-0.9222668238893996,-0.08473953674228764,-0.37715131773024724,0.09641591125543846,-0.9952669627989246,-0.012150918392783375,-0.3743365833173975,-0.0475697768936028,0.9260719403569844,-0.07449739616628108,-0.2524190756740457,0.2942009073629298,-0.29938800713645,0.006306212903272981,-0.14062934437860017
955,0,0.0,0.0,0.0,1.0,0.0,0.0,0.0,1.0,0.0,0.0,0.0,1.0,-0.06195164223387761,0.5097642676068252,0.8844288328897754,1.5501204995002376,-0.5441098705057477,0.15002664920168862
955,1,0.6866525431430677,3.904139724579411,3.245351097593111,0.9498779999810648,-0.09230292487242293,-0.29868370429597935,0.2912487942414802,0.608475711048659,0.7381947228995293,0.11360424730112917,-0.788186195720164,0.6048608070220116,0.06195164223387785,-0.5097642676068252,-0.8844288328897749,0.24844921515658036,-0.2642402669484815,0.4418721490022145
956,0,0.0,0.0,0.0,1.0,0.0,0.0,0.0,1.0,0.0,0.0,0.0,1.0,-0.11427898414297183,0.06240819487750812,0.5801080881302139,-0.14655596456005315,0.6619564814983098,0.0004114380498383141
956,1,-3.243153219071953,-0.46799070972348056,5.03620798349502,-0.9810981914827268,-0.1934867157924863,0.00303800611597152,0.18164652483021929,-0.915421477922852,0.35917691709608235,-0.06671490602876978,0.35293966703868684,0.9332645459590723,0.11427898414297187,-0.06240819487750792,-0.5801080881302145,-0.43922988059795526,0.6438901996443342,-0.2562922790588459
957,0,0.0,0.0,0.0,1.0,0.0,0.0,0.0,1.0,0.0,0.0,0.0,1.0,-0.03854137049024646,-0.002554051339468757,0.013118619221414357,-0.0032143277152899136,-0.014661304956705264,-0.003116573098803959
957,1,-8.988947788043866,-0.9676136375377841,3.677666259913057,-0.6960741112490125,-0.6986628786519093,-0.16538141867430348,-0.27484925878228045,0.046502258337787206,0.9603621321753149,-0.6632787623584286,0.713938177970133,-0.22439599247971898,0.03854137049024664,0.0025540513394687638,-0.013118619221414371,-8.647871176578701e-05,-0.009158409673561217,-0.01121834845848691
958,0,0.0,0.0,0.0,1.0,0.0,0.0,0.0,1.0,0.0,0.0,0.0,1.0,-0.0373284713938057,0.02346118662154707,0.028070858118672527,0.05374115648600913,0.06881175452886276,0.002887240866013871
958,1,-7.227910504947316,4.714814123195238,2.8707927615850726,-0.3055258094756452,-0.2474798274136868,-0.919460556395729,-0.42414896641762245,-0.8291664990729481,0.3641161505645874,-0.8524972926825716,0.5012351263014221,0.14836345281262253,0.037328471393805455,-0.023461186621547055,-0.028070858118672493,0.011255517090783679,0.026919590271603407,0.0035342060183803847
959,0,0.0,0.0,0.0,1.0,0.0,0.0,0.0,1.0,0.0,0.0,0.0,1.0,-0.15963077218594557,-0.035076788900302365,-0.031367964334466765,0.02050780841121263,-0.07854238124348852,0.029892068048263887
959,1,-7.677307259350643,-1.6596143460989183,-0.904792489106209,-0.07690678514166382,-0.13143468570131345,-0.9883371235533807,-0.8568911162980092,-0.49806767715384903,0.13291427231159358,-0.5097283209796424,0.8571193104633483,-0.07432043071799743,0.15963077218594518,0.0350767889003024,0.031367964334466786,-0.00018629993276991514,-0.017846395348497912,-0.025522301587905243
960,0,0.0,0.0,0.0,1.0,0.0,0.0,0.0,1.0,0.0,0.0,0.0,1.0,-0.02378855027071016,-0.07030320406556839,-0.17378431497200106,0.13787077709277973,-0.0653088347275189,0.001170474631236736
960,1,-1.6747334338886006,-4.215063038275051,-6.2209105614315385,-0.1499429585319949,0.9561375255112885,0.2516309629116069,0.929429594773598,0.049521860058737266,0.3656613374904545,0.33716129307151743,0.28870160665551015,-0.8960879670930022,0.023788550270710113,0.07030320406556831,0.1737843149720009,0.15729112090368075,-0.07774712422131277,0.016298412746645397
961,0,0.0,0.0,0.0,1.0,0.0,0.0,0.0,1.0,0.0,0.0,0.0,1.0,-0.02547546064307043,-0.005722656634270757,0.03227857217972597,-0.03748164514240325,0.05476169065886758,0.001535585861364628
961,1,-7.222563166459447,-2.428807567612858,5.416823211131273,-0.3266332790347346,0.7198261199369961,-0.6125039249535194,-0.9437454345288879,-0.21306228334678234,0.252881431150917,0.05152917458001621,0.660647273869729,0.748925846593371,0.025475460643070266,0.005722656634270722,-0.032278572179725906,-0.009918175953600943,0.04037626930667876,-0.022078328438699096
962,0,0.0,0.0,0.0,1.0,0.0,0.0,0.0,1.0,0.0,0.0,0.0,1.0,-0.05995424700892941,0.029493695375597033,0.06539051894820638,0.003252657761230106,0.019626192051428026,-0.0014110720499857649
962,1,-5.75384557944294,2.8435825312351,5.92257278912845,-0.8759011166110799,-0.22828585474516586,-0.42506799743421425,-0.24964535395275814,0.9683210214264887,-0.00562109538824733,0.4128854940165206,0.10119272694631126,-0.9051439669157078,0.05995424700892958,-0.029493695375596995,-0.06539051894820638,0.008012121945933,0.0015373644084169403,0.0021937527596163596
963,0,0.0,0.0,0.0,1.0,0.0,0.0,0.0,1.0,0.0,0.0,0.0,1.0,0.02906846173637413,-0.0258084363322168,-0.0073624634181631374,-0.0004971395502582946,-0.007141619557282758,-0.00331546641276359
963,1,7.2654504991222435,-6.3253346183607935,-2.038205228799658,0.6787123752364357,-0.08077776756206434,-0.7299482611586967,-0.7314864242647069,0.014155496827667924,-0.6817090530614912,0.06539971572834974,0.9966316140767616,-0.04948032947950165,-0.029068461736374222,0.025808436332216855,0.007362463418163174,-0.005535705593887039,0.0013857423693049847,-0.00032670289512251594
964,0,0.0,0.0,0.0,1.0,0.0,0.0,0.0,1.0,0.0,0.0,0.0,1.0,-0.14412956659503504,-0.5025594637802568,-0.14351141145912366,0.06638478715733542,-0.024905232331389533,0.06688857515515886
964,1,-2.2375827105398987,-6.621133715826878,-1.5327683506871987,0.6456058387911762,0.5704009427648074,-0.5077754084354232,-0.34644077412020624,0.8113155251652542,0.4708990429516926,0.6805673302074778,-0.1281010660332177,0.7214001843189528,0.14412956659503498,0.5025594637802571,0.14351141145912352,0.11351621743986401,-0.07529618263959034,0.1033286591878452
965,0,0.0,0.0,0.0,1.0,0.0,0.0,0.0,1.0,0.0,0.0,0.0,1.0,-0.11510744591065035,0.09993964464001523,0.060562677157158046,-0.001908168077837863,-0.013752109555931646,0.007844975779746646
965,1,-5.553678510549468,5.228494041082368,3.191981519709694,0.21133344703807688,0.8531062584223056,-0.4770197962387921,0.8043859110793851,-0.4290495580352687,-0.41094985437000536,-0.5552490254111142,-0.2968605541166344,-0.7768991769783085,0.11510744591065039,-0.09993964464001519,-0.060562677157158004,-0.0004457340712487271,-0.017323091902794283,0.03896096245909671
966,0,0.0,0.0,0.0,1.0,0.0,0.0,0.0,1.0,0.0,0.0,0.0,1.0,0.2512804473063598,-0.04607929952313923,-0.019238113685022484,-0.0005972519472183762,0.05501000246284952,-0.03353212880745387
966,1,7.470334043635482,-0.9394290701999535,-0.3604450941778951,-0.33209138758037016,-0.4692248300240621,0.818256297979939,-0.45563367722997616,-0.6797677048783299,-0.5747293446295724,0.8259014847237136,-0.5636877915063779,0.011950365593893952,-0.25128044730636,0.046079299523139314,0.019238113685022498,0.0020610377424705242,-0.0018676713607007553,-0.07463547415468812
967,0,0.0,0.0,0.0,1.0,0.0,0.0,0.0,1.0,0.0,0.0,0.0,1.0,0.10708476920562601,0.2744378783684751,-0.07267098428894618,-0.18359755580083043,0.030080158906868243,0.058306640565551765
967,1,2.5986928887766334,6.964269863766085,-1.3314343395666446,-0.12199682423114755,0.43592722683160506,0.891674956351484,-0.41435609694943604,-0.8387217878868993,0.3533479693512228,0.9019012139909471,-0.32636362455198564,0.2829504987996071,-0.10708476920562601,-0.2744378783684754,0.07267098428894625,0.0428932252847063,0.01619307222027551,-0.09089410868553628
968,0,0.0,0.0,0.0,1.0,0.0,0.0,0.0,1.0,0.0,0.0,0.0,1.0,0.02716527932317605,-0.009006431730660222,-0.031396997631559946,0.0352630748083713,-0.015092662587972552,-5.0827605086865846e-05
968,1,4.6438341404389565,-3.811888839270141,-7.085502189995325,0.2784582844964332,0.24154848386337688,0.929578029935415,-0.27725790647312604,-0.9064375710162826,0.3185890505780781,0.9195591536673662,-0.34644661896662504,-0.1854338240805904,-0.027165279323175993,0.00900643173066024,0.03139699763155997,0.02060369829832661,-0.03158453403950767,0.06177747751838506
969,0,0.0,0.0,0.0,1.0,0.0,0.0,0.0,1.0,0.0,0.0,0.0,1.0,0.01589226816097032,-0.021253075821189862,-0.017092835014864912,0.01609098193036314,-0.018147458032294686,0.0006118211892776398
969,1,3.206244293553226,-6.854741013160186,-5.771659954212133,-0.35398902347018124,-0.4206459452536663,-0.8353135698671946,-0.8548327906935208,-0.21680672142081647,0.47144007625771844,-0.3794109529491133,0.8809380422529189,-0.28283474767757877,-0.01589226816097023,0.02125307582119006,0.017092835014864936,-0.021589551343784305,-0.01877350496692067,0.040183008093721065
970,0,0.0,0.0,0.0,1.0,0.0,0.0,0.0,1.0,0.0,0.0,0.0,1.0,0.012808052680664322,-0.022565206012683362,0.13193440156175723,-0.061202488659046234,-0.2676555886619066,-0.0010439249896942726
970,1,3.4439082912115913,-1.2507978881533488,5.867833508099814,-0.4154919195101008,0.8249191455203254,-0.38324257093364344,0.7528650538926002,0.5483291398472252,0.3640458281888346,0.5104514427926565,-0.13727183887607297,-0.8488791237876434,-0.01280805268066422,0.022565206012683515,-0.13193440156175731,0.028588089769223175,-0.11155887007956018,-0.0606482898459525
971,0,0.0,0.0,0.0,1.0,0.0,0.0,0.0,1.0,0.0,0.0,0.0,1.0,-0.13957518774205577,0.045633170847490315,0.1611228104866267,0.12619444331191904,0.08319630751719448,0.010087484732117062
971,1,-5.089043548961122,2.7663356223592763,5.012016066563054,-0.660488994910017,0.5340591440917746,-0.5277642638666592,-0.0495569606328759,-0.7323774497202229,-0.6790930560638457,-0.7491985019042596,-0.4223790972021026,0.5101935936398552,0.139575187742056,-0.045633170847490474,-0.16112281048662658,0.09081114145604095,0.037211608323519045,0.14379513539615452
972,0,0.0,0.0,0.0,1.0,0.0,0.0,0.0,1.0,0.0,0.0,0.0,1.0,-0.26070646199759767,-0.6782074075184578,0.285785042222292,-0.45052697647458767,0.1295529657127574,0.16319500578775264
972,1,-1.9185679728312002,-5.943865308132743,1.535311738527178,-0.3624360333022212,-0.46307692002439,-0.8088262408607151,0.8697568791979273,0.143794575166304,-0.4720657700369978,0.3349075885256,-0.874575832214375,0.3506480013553488,0.2607064619975975,0.6782074075184575,-0.2857850422222919,-0.2068810276545715,0.018479371994342825,-0.4116120898595102
973,0,0.0,0.0,0.0,1.0,0.0,0.0,0.0,1.0,0.0,0.0,0.0,1.0,0.04586726507316572,0.3100038947824106,0.017629106443914393,0.070323607286331,-0.07719171611796846,-0.024301195277326687
973,1,0.9728173512749135,7.620242046646984,0.15789931260488357,-0.7568501522810469,-0.4146572475412305,0.5052100692322812,0.3637527963869153,-0.9094403627069603,-0.20149970173707765,0.54301174030849,0.0312664955017766,0.8391428103405179,-0.0458672650731657,-0.31000389478241114,-0.017629106443914376,0.015065048991421444,0.06728422510797501,-0.02364129879078089
974,0,0.0,0.0,0.0,1.0,0.0,0.0,0.0,1.0,0.0,0.0,0.0,1.0,-0.02368703016799826,-0.10450841806982099,0.21173462250065744,-0.381587752667642,0.17693610969609014,0.008953561774077752
974,1,-1.84102812241085,-4.927320687173858,4.55635886867709,-0.564892196570518,0.8251523241935595,-0.004521961046004774,-0.691670285098677,-0.4764857703897154,-0.5427278575194328,-0.44998780312942893,-0.3034550254882684,0.8398964367948376,0.02368703016799837,0.10450841806982122,-0.21173462250065717,-0.18551877544695258,0.10494667483708445,0.06673578115664312
975,0,0.0,0.0,0.0,1.0,0.0,0.0,0.0,1.0,0.0,0.0,0.0,1.0,0.048382426902579594,0.05882286356878638,-0.0953639989794994,-0.21979974337727665,0.1483803910399491,-0.006220917508851939
975,1,3.919439897145034,5.231804821249447,-4.115300205106155,-0.1895304034337406,-0.7456452617925999,0.6388202953417251,-0.2821922876969288,0.6645295751125166,0.6919306009746584,-0.9404497535427491,-0.049128274618831735,-0.3363639007003567,-0.04838242690257956,-0.058822863568786396,0.09536399897949921,-0.03705234374773667,0.026284859955878977,-0.01635381848799221
976,0,0.0,0.0,0.0,1.0,0.0,0.0,0.0,1.0,0.0,0.0,0.0,1.0,0.001510109929054048,-0.0014772708758879899,-0.019786417241336056,0.061165488279954036,0.002400303209081153,-0.00010401595504412175
976,1,0.7985653222121444,-5.725463422538488,-7.727762325538343,-0.3322910793313847,-0.92499523327004,0.1842999105384699,-0.8868269908099253,0.23988647581696076,-0.3949586903603102,0.32112384988940995,-0.2946833845805073,-0.9000228752006145,-0.0015101099290540758,0.001477270875887976,0.01978641724133617,0.04070492167909832,0.0017306728335050128,0.007570397824857127
977,0,0.0,0.0,0.0,1.0,0.0,0.0,0.0,1.0,0.0,0.0,0.0,1.0,-0.007998046065773874,-0.036531954425534516,0.09350736736382487,0.07444950632972554,0.042965128402795545,1.4819239603331216e-05
977,1,-0.9047863019839316,0.18975286324548798,6.875438083448331,0.9538250071706738,0.2343009202962404,-0.1879386454250399,-0.29091743490305966,0.8763221035466119,-0.3839617388556642,0.07473220032414495,0.4209069369634766,0.9040201594271755,0.007998046065773867,0.03653195442553446,-0.09350736736382508,0.19446697508222627,-0.013351013791224234,0.034556444850671615
978,0,0.0,0.0,0.0,1.0,0.0,0.0,0.0,1.0,0.0,0.0,0.0,1.0,-0.019116004802019533,-0.05834697005194901,0.03538815739901823,-0.10951972293811674,0.054042151234978686,0.00573600404740778
978,1,-2.831175625940545,-7.940660275830096,2.4575120736645886,0.09173917521631025,-0.9939211170878818,-0.060866548591227754,-0.3299024950524002,0.02733603008864194,-0.9436191420362317,0.9395468415618414,0.10664686805420037,-0.3253892715585407,0.019116004802019623,0.058346970051948895,-0.03538815739901818,-0.028097229390679202,-0.0008298751611243126,0.007660815447178939
979,0,0.0,0.0,0.0,1.0,0.0,0.0,0.0,1.0,0.0,0.0,0.0,1.0,-0.03074283269084281,-0.011184083164222496,0.018093873537774165,-0.00854716948538236,-0.003956316673113589,0.0006931939800393621
979,1,-8.205923037633584,-2.9273069464843617,4.685461216071629,-0.9165521285628482,-0.17340603404945615,0.36036445854461174,-0.35724608797813323,0.7600221864000157,-0.5429010119755348,-0.17974267231581986,-0.6263358711865213,-0.7585485799958953,0.030742832690842714,0.011184083164222548,-0.018093873537774037,0.00798343569273121,0.008388900131640063,0.0010888240215540575
980,0,0.0,0.0,0.0,1.0,0.0,0.0,0.0,1.0,0.0,0.0,0.0,1.0,0.19999673099446108,-0.2656863441820783,-0.03923396731183024,-0.052163723926540694,0.01558767668769811,-0.0028864067451181454
980,1,4.651223974395447,-6.039951720768809,-1.0254743337325947,-0.13340308132146772,-0.7729489448389449,-0.6202850526703825,0.9331259032047671,0.11289531204622283,-0.3413659287132702,0.33388570898171926,-0.624343316765982,0.7061980997902977,-0.19999673099446105,0.2656863441820784,0.03923396731183026,0.01668046552225112,-0.03819322178150795,-0.024909687465913204
981,0,0.0,0.0,0.0,1.0,0.0,0.0,0.0,1.0,0.0,0.0,0.0,1.0,0.0005181214598971337,0.006472745390343448,0.012682734770474442,-0.016086160701952634,-0.03054394600273644,-2.9647884417953636e-05
981,1,4.079317897348759,1.1994019815107164,8.77989195137237,0.9375599690861558,0.1034686125537122,0.3320776273454392,-0.29676049451208436,0.7359390050670623,0.6085449775635698,-0.18142357416860078,-0.6690949312594681,0.7206923474678901,-0.0005181214598970283,-0.006472745390343486,-0.012682734770474567,-0.025532147239324343,-0.01664391049820363,0.025812598094563856
982,0,0.0,0.0,0.0,1.0,0.0,0.0,0.0,1.0,0.0,0.0,0.0,1.0,-0.045324673038609806,-0.015524596068275828,0.017608362457033004,-0.004344329829633318,-0.018988516465532283,-0.00017638446515354927
982,1,-7.353336899025145,-3.0166026704104643,4.654562569067855,-0.4366723122703404,0.5417596851536861,-0.7182017371453877,0.7725035872643953,0.6349427793365872,0.009266856639156218,0.4610374164426511,-0.5507668386082343,-0.6957732318287158,0.045324673038609785,0.015524596068275841,-0.017608362457032997,0.023487100379487008,-0.06249778872851061,-0.022392560147284593
983,0,0.0,0.0,0.0,1.0,0.0,0.0,0.0,1.0,0.0,0.0,0.0,1.0,-0.0913732214038795,0.047181499705348164,-0.03059935498548734,-0.04945257918030039,-0.09980240482382689,-0.005551075478862133
983,1,-7.33718281414291,3.7239359463298456,-1.2398335710801485,0.3329412420890503,0.34887623630283693,0.8760339611335667,0.8304347223669585,0.331611763349543,-0.44767377664491276,-0.44668590889294124,0.8765380825448337,-0.17931170805363883,0.09137322140387963,-0.04718149970534818,0.03059935498548733,-0.006000251516064285,-0.011423069305279475,-0.0003601895868444935
984,0,0.0,0.0,0.0,1.0,0.0,0.0,0.0,1.0,0.0,0.0,0.0,1.0,-0.04790950014911324,0.018699975579119874,-0.02963684081424845,0.025018146223137628,-0.04068446125749462,0.0010482849960528062
984,1,-7.876117524670291,2.119114386085793,-4.074615135158309,0.6975727380358825,-0.6464323337519458,-0.30905907692403256,0.29576624502676907,-0.13309046555997406,0.9459435798607623,-0.6526213323604181,-0.7512736957041968,0.09835258355056276,0.04790950014911311,-0.018699975579119787,0.029636840814248416,-0.011626798428973486,0.0024739943699748166,-0.046805779369499846
985,0,0.0,0.0,0.0,1.0,0.0,0.0,0.0,1.0,0.0,0.0,0.0,1.0,-0.017445423477636626,-0.09420930629065238,-0.047081100119430466,-0.018423780399739655,0.015825098485601194,0.0037870559555748372
985,1,-0.9100505279606274,-7.058152615881136,-4.765271738415264,0.30125211043179956,-0.799721878078935,-0.5193188651322884,0.6537504259699471,0.5696914719471078,-0.4980582368908786,0.6941595972861714,-0.18946383431314462,0.6944392766706543,0.017445423477636664,0.0942093062906526,0.04708110011943055,-0.09820357439629482,0.02446090495641194,-0.041184288380797
986,0,0.0,0.0,0.0,1.0,0.0,0.0,0.0,1.0,0.0,0.0,0.0,1.0,-0.025179975335227367,0.0882361259295868,0.09521828529868735,0.03441508323855239,-0.012898790436307372,-0.002003630901663833
986,1,-1.448782917832452,5.796239857746983,5.772026093993798,-0.7654025458657703,-0.09680087050992009,0.6362299381911538,0.25168792123947104,0.8648543891758174,0.4343731987881822,-0.5922939583385529,0.4926017427819816,-0.6375981414055432,0.0251799753352273,-0.08823612592958695,-0.0952182852986873,0.008191715897524933,0.005509940961289756,0.020117815574296028
987,0,0.0,0.0,0.0,1.0,0.0,0.0,0.0,1.0,0.0,0.0,0.0,1.0,-0.09686590928939093,-0.08216346782478323,-0.041534459664449824,0.11598050344233934,-0.09474892859213306,-0.012633845548449778
987,1,-6.075890931417989,-5.4462254461003505,-1.4134511381666581,-0.3620303172865482,0.5449835667019396,-0.7562585281438047,-0.6584440987967861,-0.7237822862702912,-0.20637483092915831,-0.6598374179486107,0.4232400194997905,0.6208723441809334,0.09686590928939082,0.08216346782478322,0.04153445966444991,-0.0059085194404432,-0.020694688489806407,-0.015703465432625387
988,0,0.0,0.0,0.0,1.0,0.0,0.0,0.0,1.0,0.0,0.0,0.0,1.0,-0.06289355247555783,-0.04624724457197278,-0.08948396999189898,0.042904092133259714,-0.044013044324692434,-0.0025199980612520025
988,1,-4.996193929827779,-3.8259862383234453,-5.595669388089694,-0.9441953611077383,-0.31044598132979784,-0.11008366245182277,0.3280487044963899,-0.916375257019791,-0.22943503612167213,-0.029650759532738852,-0.2527442996352075,0.9670786687033481,0.06289355247555793,0.04624724457197277,0.08948396999189884,0.04067605487140815,-0.05113469707003186,-0.007049665587754722
989,0,0.0,0.0,0.0,1.0,0.0,0.0,0.0,1.0,0.0,0.0,0.0,1.0,-0.007375926812212279,-0.04482110823541723,0.0451214980632391,-0.1054025563167065,-0.038684214187843485,-0.003291920496003872
989,1,0.012526674102074338,-7.337545648832042,4.527962802576644,-0.8165389342806564,-0.13430888994211324,0.5614492772159637,0.5067878107357434,0.2989814189974488,0.8085642992266877,-0.27646027507308,0.9447598812273887,-0.17606386094178395,0.007375926812212319,0.044821108235417156,-0.04512149806323923,-0.02273018460576489,0.004721069646382921,-0.051390738606806874
990,0,0.0,0.0,0.0,1.0,0.0,0.0,0.0,1.0,0.0,0.0,0.0,1.0,-0.2374706313131928,0.6314485563525167,-0.434428651452288,-0.8958126456512577,-0.29166263096947687,-0.1467933959760846
990,1,-1.7674062197409872,5.39033976075301,-2.2085998684202455,-0.6583301585365924,0.3038266474173663,0.6886877163710043,-0.7130787701413626,0.041300267981393524,-0.6998663839893634,-0.2410810443292199,-0.9518317373274484,0.18946312010875432,0.23747063131319293,-0.6314485563525167,0.43442865145228793,-0.051288189007998024,0.04832833543100412,0.31081467601080065
991,0,0.0,0.0,0.0,1.0,0.0,0.0,0.0,1.0,0.0,0.0,0.0,1.0,0.021890922013482337,-0.04901126388194609,0.025982591205554805,0.01123210526366404,0.0017561376113648624,0.004781345698546802
991,1,3.2460563268398936,-7.597075754788472,4.353461348296558,0.46078409411879506,-0.04808799059359692,0.8862085328904203,-0.810935227905302,-0.4285661780685821,0.398390621322671,0.3606411994618712,-0.9022297801427074,-0.23647272374281214,-0.02189092201348234,0.0490112638819461,-0.02598259120555484,0.004744823983250407,0.00920419068241906,0.002432323969634803
992,0,0.0,0.0,0.0,1.0,0.0,0.0,0.0,1.0,0.0,0.0,0.0,1.0,-0.054615609573143,-0.026605662854840124,0.27446126008151284,-0.21614536877789212,-0.21985745364280135,-0.00022709838594492382
992,1,1.1004653681046197,-1.6910611708325038,5.87884659731062,0.8742149969091866,0.3771749872405142,-0.30575671403779336,-0.44882558014882706,0.8679694852611421,-0.21256662781249727,0.18521268256558393,0.32306036843851016,0.9280777233406878,0.054615609573143,0.026605662854840097,-0.2744612600815129,-0.09157480050034528,-0.403254448462376,-0.12140984885176437
993,0,0.0,0.0,0.0,1.0,0.0,0.0,0.0,1.0,0.0,0.0,0.0,1.0,-0.01473437257679289,0.009604548796686447,0.03364828026185822,0.061377094801492,0.09163238683292996,0.0005188219948611544
993,1,-5.77564475145785,3.817233753035521,5.441474147021918,0.06740133676181725,-0.6084534694918785,0.7907220973679792,-0.44943278937382447,-0.7260797979267926,-0.5204020511856693,0.8907677742478024,-0.32030064393610586,-0.3223976889739322,0.014734372576792942,-0.00960454879668654,-0.03364828026185827,0.014803352374692012,0.02253141900784603,0.0002532604873713508
994,0,0.0,0.0,0.0,1.0,0.0,0.0,0.0,1.0,0.0,0.0,0.0,1.0,-0.11304825838616164,0.0688014753244793,-0.13224573093137376,-0.01134413663705798,-0.05371590581259752,-0.003275540473659029
994,1,-5.114978501141325,2.850698015750706,-5.4497200346678545,0.8375245444326276,0.03763583133602071,-0.5451019919910091,-0.11789605871406328,0.9865727463350015,-0.11302537559638108,0.533528965298614,0.15892690265861056,0.8307160061048124,0.11304825838616171,-0.06880147532447936,0.1322457309313736,0.009300272370009698,-0.006636806157726376,-0.02637608079235392
995,0,0.0,0.0,0.0,1.0,0.0,0.0,0.0,1.0,0.0,0.0,0.0,1.0,-0.04962322052907216,-0.014419781093725083,-0.036071199533699874,0.01284271156112962,0.007916083144061352,-0.0005778273729233202
995,1,-7.146248643949929,-2.2453144825468523,-5.365930466025457,0.6091460015024225,0.7735158104341745,-0.17496982557564908,0.5660336196278241,-0.26952522556468117,0.7790777202791335,0.5554701524876332,-0.5736108818638905,-0.6020161674761697,0.04962322052907231,0.01441978109372511,0.03607119953369991,-0.009227067529513572,0.0005849069618375936,-0.007794567264530945
996,0,0.0,0.0,0.0,1.0,0.0,0.0,0.0,1.0,0.0,0.0,0.0,1.0,0.15593776509330726,-0.32412921681870716,-0.1532449185878149,0.4103780083374747,0.2118704179549798,-0.019483313880436615
996,1,3.007645265140428,-6.103908072825389,-1.8598761429079131,0.2675205036770496,-0.8737793459531653,-0.40613105606200095,-0.20903731238277068,-0.46408512748906694,0.8607719770503941,-0.9406041580517096,-0.14537760841723407,-0.3068047731485277,-0.15593776509330723,0.3241292168187072,0.15324491858781492,-0.07782531023038215,-0.040988993232928594,-0.0035526071666367696
997,0,0.0,0.0,0.0,1.0,0.0,0.0,0.0,1.0,0.0,0.0,0.0,1.0,0.17491561860804786,0.377100114025569,-0.6976629572153626,-0.38047562187844525,0.1821097584525703,0.016927070458937578
997,1,1.7035544625262184,3.2704292505034513,-5.242912912438186,-0.639604299412647,-0.7319197727344263,0.2349463480312955,-0.5051770638560383,0.16985021796235056,-0.8461365360341877,0.5793983727338636,-0.6598820725997394,-0.47838601143305093,-0.17491561860804788,-0.37710011402556914,0.6976629572153628,0.0759213367151533,0.08932973026365085,0.053434356142800246
998,0,0.0,0.0,0.0,1.0,0.0,0.0,0.0,1.0,0.0,0.0,0.0,1.0,-0.09613508697738377,0.013481578768908816,-0.0371181199960641,-0.012625124651249903,-0.10502683395810142,-0.009035226052983868
998,1,-8.149768213594998,1.0116341500830879,-2.0568778510375294,-0.6959520260579442,0.32239601351990477,0.6416475573804641,0.38543133075938507,0.9216373447684563,-0.0450254816431664,-0.6058823868498671,0.21597549674586475,-0.7656769019047687,0.09613508697738363,-0.013481578768908747,0.037118119996064125,0.0028051276431356707,0.00026089057711996266,-0.0035829790594168187
999,0,0.0,0.0,0.0,1.0,0.0,0.0,0.0,1.0,0.0,0.0,0.0,1.0,-0.09446282059560943,-0.0354779476001884,-0.04761408908121068,0.05690970955821498,-0.1476520387113527,0.013580306873529287
999,1,-7.512426036412415,-2.7314287837085485,-1.9987886512979964,0.23296299320969804,0.09047620338927143,-0.9682676801458578,-0.8895786934286392,0.4221000132403905,-0.17458902319520903,0.39290964863766487,0.9020230792184452,0.17881938531574648,0.09446282059560912,0.035477947600188395,0.04761408908121072,0.0022318648336650676,-0.021234070026292476,-0.005073316768541636
